sample_id,source_dataset,filename,relative_path,split,t1_path,t2_path,label_path,width,height,channels,mode,category,caption_count,sha256,valid,error_message,original_width,original_height,patch_size,patch_index,patch_x,patch_y,changed_pixel_count,changed_ratio,preprocessing_version,captions_joined
train_1,LEVIR-CD,train_1.png,raw/levir_cd/train/A/train_1.png,train,/Users/rahulmanchanda/Desktop/AI-Driven-Satellite-Image-Semantic-Search-and-Temporal-Change-Detection-System/data/raw/levir_cd/train/A/train_1.png,/Users/rahulmanchanda/Desktop/AI-Driven-Satellite-Image-Semantic-Search-and-Temporal-Change-Detection-System/data/raw/levir_cd/train/B/train_1.png,/Users/rahulmanchanda/Desktop/AI-Driven-Satellite-Image-Semantic-Search-and-Temporal-Change-Detection-System/data/raw/levir_cd/train/label/train_1.png,1024,1024,3,RGB,building_change,0,,True,,1024,1024,,,,,31133,0.02969074249267578,1.0.0,
train_10,LEVIR-CD,train_10.png,raw/levir_cd/train/A/train_10.png,train,/Users/rahulmanchanda/Desktop/AI-Driven-Satellite-Image-Semantic-Search-and-Temporal-Change-Detection-System/data/raw/levir_cd/train/A/train_10.png,/Users/rahulmanchanda/Desktop/AI-Driven-Satellite-Image-Semantic-Search-and-Temporal-Change-Detection-System/data/raw/levir_cd/train/B/train_10.png,/Users/rahulmanchanda/Desktop/AI-Driven-Satellite-Image-Semantic-Search-and-Temporal-Change-Detection-System/data/raw/levir_cd/train/label/train_10.png,1024,1024,3,RGB,building_change,0,,True,,1024,1024,,,,,20708,0.019748687744140625,1.0.0,
train_100,LEVIR-CD,train_100.png,raw/levir_cd/train/A/train_100.png,train,/Users/rahulmanchanda/Desktop/AI-Driven-Satellite-Image-Semantic-Search-and-Temporal-Change-Detection-System/data/raw/levir_cd/train/A/train_100.png,/Users/rahulmanchanda/Desktop/AI-Driven-Satellite-Image-Semantic-Search-and-Temporal-Change-Detection-System/data/raw/levir_cd/train/B/train_100.png,/Users/rahulmanchanda/Desktop/AI-Driven-Satellite-Image-Semantic-Search-and-Temporal-Change-Detection-System/data/raw/levir_cd/train/label/train_100.png,1024,1024,3,RGB,building_change,0,,True,,1024,1024,,,,,109740,0.10465621948242188,1.0.0,
train_101,LEVIR-CD,train_101.png,raw/levir_cd/train/A/train_101.png,train,/Users/rahulmanchanda/Desktop/AI-Driven-Satellite-Image-Semantic-Search-and-Temporal-Change-Detection-System/data/raw/levir_cd/train/A/train_101.png,/Users/rahulmanchanda/Desktop/AI-Driven-Satellite-Image-Semantic-Search-and-Temporal-Change-Detection-System/data/raw/levir_cd/train/B/train_101.png,/Users/rahulmanchanda/Desktop/AI-Driven-Satellite-Image-Semantic-Search-and-Temporal-Change-Detection-System/data/raw/levir_cd/train/label/train_101.png,1024,1024,3,RGB,building_change,0,,True,,1024,1024,,,,,48809,0.046547889709472656,1.0.0,
train_102,LEVIR-CD,train_102.png,raw/levir_cd/train/A/train_102.png,train,/Users/rahulmanchanda/Desktop/AI-Driven-Satellite-Image-Semantic-Search-and-Temporal-Change-Detection-System/data/raw/levir_cd/train/A/train_102.png,/Users/rahulmanchanda/Desktop/AI-Driven-Satellite-Image-Semantic-Search-and-Temporal-Change-Detection-System/data/raw/levir_cd/train/B/train_102.png,/Users/rahulmanchanda/Desktop/AI-Driven-Satellite-Image-Semantic-Search-and-Temporal-Change-Detection-System/data/raw/levir_cd/train/label/train_102.png,1024,1024,3,RGB,building_change,0,,True,,1024,1024,,,,,121949,0.11629962921142578,1.0.0,
train_103,LEVIR-CD,train_103.png,raw/levir_cd/train/A/train_103.png,train,/Users/rahulmanchanda/Desktop/AI-Driven-Satellite-Image-Semantic-Search-and-Temporal-Change-Detection-System/data/raw/levir_cd/train/A/train_103.png,/Users/rahulmanchanda/Desktop/AI-Driven-Satellite-Image-Semantic-Search-and-Temporal-Change-Detection-System/data/raw/levir_cd/train/B/train_103.png,/Users/rahulmanchanda/Desktop/AI-Driven-Satellite-Image-Semantic-Search-and-Temporal-Change-Detection-System/data/raw/levir_cd/train/label/train_103.png,1024,1024,3,RGB,building_change,0,,True,,1024,1024,,,,,97004,0.09251022338867188,1.0.0,
train_104,LEVIR-CD,train_104.png,raw/levir_cd/train/A/train_104.png,train,/Users/rahulmanchanda/Desktop/AI-Driven-Satellite-Image-Semantic-Search-and-Temporal-Change-Detection-System/data/raw/levir_cd/train/A/train_104.png,/Users/rahulmanchanda/Desktop/AI-Driven-Satellite-Image-Semantic-Search-and-Temporal-Change-Detection-System/data/raw/levir_cd/train/B/train_104.png,/Users/rahulmanchanda/Desktop/AI-Driven-Satellite-Image-Semantic-Search-and-Temporal-Change-Detection-System/data/raw/levir_cd/train/label/train_104.png,1024,1024,3,RGB,building_change,0,,True,,1024,1024,,,,,44024,0.04198455810546875,1.0.0,
train_105,LEVIR-CD,train_105.png,raw/levir_cd/train/A/train_105.png,train,/Users/rahulmanchanda/Desktop/AI-Driven-Satellite-Image-Semantic-Search-and-Temporal-Change-Detection-System/data/raw/levir_cd/train/A/train_105.png,/Users/rahulmanchanda/Desktop/AI-Driven-Satellite-Image-Semantic-Search-and-Temporal-Change-Detection-System/data/raw/levir_cd/train/B/train_105.png,/Users/rahulmanchanda/Desktop/AI-Driven-Satellite-Image-Semantic-Search-and-Temporal-Change-Detection-System/data/raw/levir_cd/train/label/train_105.png,1024,1024,3,RGB,building_change,0,,True,,1024,1024,,,,,109518,0.10444450378417969,1.0.0,
train_106,LEVIR-CD,train_106.png,raw/levir_cd/train/A/train_106.png,train,/Users/rahulmanchanda/Desktop/AI-Driven-Satellite-Image-Semantic-Search-and-Temporal-Change-Detection-System/data/raw/levir_cd/train/A/train_106.png,/Users/rahulmanchanda/Desktop/AI-Driven-Satellite-Image-Semantic-Search-and-Temporal-Change-Detection-System/data/raw/levir_cd/train/B/train_106.png,/Users/rahulmanchanda/Desktop/AI-Driven-Satellite-Image-Semantic-Search-and-Temporal-Change-Detection-System/data/raw/levir_cd/train/label/train_106.png,1024,1024,3,RGB,building_change,0,,True,,1024,1024,,,,,60002,0.05722236633300781,1.0.0,
train_107,LEVIR-CD,train_107.png,raw/levir_cd/train/A/train_107.png,train,/Users/rahulmanchanda/Desktop/AI-Driven-Satellite-Image-Semantic-Search-and-Temporal-Change-Detection-System/data/raw/levir_cd/train/A/train_107.png,/Users/rahulmanchanda/Desktop/AI-Driven-Satellite-Image-Semantic-Search-and-Temporal-Change-Detection-System/data/raw/levir_cd/train/B/train_107.png,/Users/rahulmanchanda/Desktop/AI-Driven-Satellite-Image-Semantic-Search-and-Temporal-Change-Detection-System/data/raw/levir_cd/train/label/train_107.png,1024,1024,3,RGB,building_change,0,,True,,1024,1024,,,,,80604,0.07686996459960938,1.0.0,
train_108,LEVIR-CD,train_108.png,raw/levir_cd/train/A/train_108.png,train,/Users/rahulmanchanda/Desktop/AI-Driven-Satellite-Image-Semantic-Search-and-Temporal-Change-Detection-System/data/raw/levir_cd/train/A/train_108.png,/Users/rahulmanchanda/Desktop/AI-Driven-Satellite-Image-Semantic-Search-and-Temporal-Change-Detection-System/data/raw/levir_cd/train/B/train_108.png,/Users/rahulmanchanda/Desktop/AI-Driven-Satellite-Image-Semantic-Search-and-Temporal-Change-Detection-System/data/raw/levir_cd/train/label/train_108.png,1024,1024,3,RGB,building_change,0,,True,,1024,1024,,,,,47785,0.045571327209472656,1.0.0,
train_109,LEVIR-CD,train_109.png,raw/levir_cd/train/A/train_109.png,train,/Users/rahulmanchanda/Desktop/AI-Driven-Satellite-Image-Semantic-Search-and-Temporal-Change-Detection-System/data/raw/levir_cd/train/A/train_109.png,/Users/rahulmanchanda/Desktop/AI-Driven-Satellite-Image-Semantic-Search-and-Temporal-Change-Detection-System/data/raw/levir_cd/train/B/train_109.png,/Users/rahulmanchanda/Desktop/AI-Driven-Satellite-Image-Semantic-Search-and-Temporal-Change-Detection-System/data/raw/levir_cd/train/label/train_109.png,1024,1024,3,RGB,building_change,0,,True,,1024,1024,,,,,73145,0.06975650787353516,1.0.0,
train_11,LEVIR-CD,train_11.png,raw/levir_cd/train/A/train_11.png,train,/Users/rahulmanchanda/Desktop/AI-Driven-Satellite-Image-Semantic-Search-and-Temporal-Change-Detection-System/data/raw/levir_cd/train/A/train_11.png,/Users/rahulmanchanda/Desktop/AI-Driven-Satellite-Image-Semantic-Search-and-Temporal-Change-Detection-System/data/raw/levir_cd/train/B/train_11.png,/Users/rahulmanchanda/Desktop/AI-Driven-Satellite-Image-Semantic-Search-and-Temporal-Change-Detection-System/data/raw/levir_cd/train/label/train_11.png,1024,1024,3,RGB,building_change,0,,True,,1024,1024,,,,,53839,0.051344871520996094,1.0.0,
train_110,LEVIR-CD,train_110.png,raw/levir_cd/train/A/train_110.png,train,/Users/rahulmanchanda/Desktop/AI-Driven-Satellite-Image-Semantic-Search-and-Temporal-Change-Detection-System/data/raw/levir_cd/train/A/train_110.png,/Users/rahulmanchanda/Desktop/AI-Driven-Satellite-Image-Semantic-Search-and-Temporal-Change-Detection-System/data/raw/levir_cd/train/B/train_110.png,/Users/rahulmanchanda/Desktop/AI-Driven-Satellite-Image-Semantic-Search-and-Temporal-Change-Detection-System/data/raw/levir_cd/train/label/train_110.png,1024,1024,3,RGB,building_change,0,,True,,1024,1024,,,,,92931,0.08862590789794922,1.0.0,
train_111,LEVIR-CD,train_111.png,raw/levir_cd/train/A/train_111.png,train,/Users/rahulmanchanda/Desktop/AI-Driven-Satellite-Image-Semantic-Search-and-Temporal-Change-Detection-System/data/raw/levir_cd/train/A/train_111.png,/Users/rahulmanchanda/Desktop/AI-Driven-Satellite-Image-Semantic-Search-and-Temporal-Change-Detection-System/data/raw/levir_cd/train/B/train_111.png,/Users/rahulmanchanda/Desktop/AI-Driven-Satellite-Image-Semantic-Search-and-Temporal-Change-Detection-System/data/raw/levir_cd/train/label/train_111.png,1024,1024,3,RGB,building_change,0,,True,,1024,1024,,,,,136103,0.12979793548583984,1.0.0,
train_112,LEVIR-CD,train_112.png,raw/levir_cd/train/A/train_112.png,train,/Users/rahulmanchanda/Desktop/AI-Driven-Satellite-Image-Semantic-Search-and-Temporal-Change-Detection-System/data/raw/levir_cd/train/A/train_112.png,/Users/rahulmanchanda/Desktop/AI-Driven-Satellite-Image-Semantic-Search-and-Temporal-Change-Detection-System/data/raw/levir_cd/train/B/train_112.png,/Users/rahulmanchanda/Desktop/AI-Driven-Satellite-Image-Semantic-Search-and-Temporal-Change-Detection-System/data/raw/levir_cd/train/label/train_112.png,1024,1024,3,RGB,building_change,0,,True,,1024,1024,,,,,30649,0.029229164123535156,1.0.0,
train_113,LEVIR-CD,train_113.png,raw/levir_cd/train/A/train_113.png,train,/Users/rahulmanchanda/Desktop/AI-Driven-Satellite-Image-Semantic-Search-and-Temporal-Change-Detection-System/data/raw/levir_cd/train/A/train_113.png,/Users/rahulmanchanda/Desktop/AI-Driven-Satellite-Image-Semantic-Search-and-Temporal-Change-Detection-System/data/raw/levir_cd/train/B/train_113.png,/Users/rahulmanchanda/Desktop/AI-Driven-Satellite-Image-Semantic-Search-and-Temporal-Change-Detection-System/data/raw/levir_cd/train/label/train_113.png,1024,1024,3,RGB,building_change,0,,True,,1024,1024,,,,,37567,0.035826683044433594,1.0.0,
train_114,LEVIR-CD,train_114.png,raw/levir_cd/train/A/train_114.png,train,/Users/rahulmanchanda/Desktop/AI-Driven-Satellite-Image-Semantic-Search-and-Temporal-Change-Detection-System/data/raw/levir_cd/train/A/train_114.png,/Users/rahulmanchanda/Desktop/AI-Driven-Satellite-Image-Semantic-Search-and-Temporal-Change-Detection-System/data/raw/levir_cd/train/B/train_114.png,/Users/rahulmanchanda/Desktop/AI-Driven-Satellite-Image-Semantic-Search-and-Temporal-Change-Detection-System/data/raw/levir_cd/train/label/train_114.png,1024,1024,3,RGB,building_change,0,,True,,1024,1024,,,,,18330,0.017480850219726562,1.0.0,
train_115,LEVIR-CD,train_115.png,raw/levir_cd/train/A/train_115.png,train,/Users/rahulmanchanda/Desktop/AI-Driven-Satellite-Image-Semantic-Search-and-Temporal-Change-Detection-System/data/raw/levir_cd/train/A/train_115.png,/Users/rahulmanchanda/Desktop/AI-Driven-Satellite-Image-Semantic-Search-and-Temporal-Change-Detection-System/data/raw/levir_cd/train/B/train_115.png,/Users/rahulmanchanda/Desktop/AI-Driven-Satellite-Image-Semantic-Search-and-Temporal-Change-Detection-System/data/raw/levir_cd/train/label/train_115.png,1024,1024,3,RGB,building_change,0,,True,,1024,1024,,,,,91732,0.08748245239257812,1.0.0,
train_116,LEVIR-CD,train_116.png,raw/levir_cd/train/A/train_116.png,train,/Users/rahulmanchanda/Desktop/AI-Driven-Satellite-Image-Semantic-Search-and-Temporal-Change-Detection-System/data/raw/levir_cd/train/A/train_116.png,/Users/rahulmanchanda/Desktop/AI-Driven-Satellite-Image-Semantic-Search-and-Temporal-Change-Detection-System/data/raw/levir_cd/train/B/train_116.png,/Users/rahulmanchanda/Desktop/AI-Driven-Satellite-Image-Semantic-Search-and-Temporal-Change-Detection-System/data/raw/levir_cd/train/label/train_116.png,1024,1024,3,RGB,building_change,0,,True,,1024,1024,,,,,166246,0.15854454040527344,1.0.0,
train_117,LEVIR-CD,train_117.png,raw/levir_cd/train/A/train_117.png,train,/Users/rahulmanchanda/Desktop/AI-Driven-Satellite-Image-Semantic-Search-and-Temporal-Change-Detection-System/data/raw/levir_cd/train/A/train_117.png,/Users/rahulmanchanda/Desktop/AI-Driven-Satellite-Image-Semantic-Search-and-Temporal-Change-Detection-System/data/raw/levir_cd/train/B/train_117.png,/Users/rahulmanchanda/Desktop/AI-Driven-Satellite-Image-Semantic-Search-and-Temporal-Change-Detection-System/data/raw/levir_cd/train/label/train_117.png,1024,1024,3,RGB,building_change,0,,True,,1024,1024,,,,,26627,0.02539348602294922,1.0.0,
train_118,LEVIR-CD,train_118.png,raw/levir_cd/train/A/train_118.png,train,/Users/rahulmanchanda/Desktop/AI-Driven-Satellite-Image-Semantic-Search-and-Temporal-Change-Detection-System/data/raw/levir_cd/train/A/train_118.png,/Users/rahulmanchanda/Desktop/AI-Driven-Satellite-Image-Semantic-Search-and-Temporal-Change-Detection-System/data/raw/levir_cd/train/B/train_118.png,/Users/rahulmanchanda/Desktop/AI-Driven-Satellite-Image-Semantic-Search-and-Temporal-Change-Detection-System/data/raw/levir_cd/train/label/train_118.png,1024,1024,3,RGB,building_change,0,,True,,1024,1024,,,,,84213,0.08031177520751953,1.0.0,
train_119,LEVIR-CD,train_119.png,raw/levir_cd/train/A/train_119.png,train,/Users/rahulmanchanda/Desktop/AI-Driven-Satellite-Image-Semantic-Search-and-Temporal-Change-Detection-System/data/raw/levir_cd/train/A/train_119.png,/Users/rahulmanchanda/Desktop/AI-Driven-Satellite-Image-Semantic-Search-and-Temporal-Change-Detection-System/data/raw/levir_cd/train/B/train_119.png,/Users/rahulmanchanda/Desktop/AI-Driven-Satellite-Image-Semantic-Search-and-Temporal-Change-Detection-System/data/raw/levir_cd/train/label/train_119.png,1024,1024,3,RGB,building_change,0,,True,,1024,1024,,,,,129914,0.12389564514160156,1.0.0,
train_12,LEVIR-CD,train_12.png,raw/levir_cd/train/A/train_12.png,train,/Users/rahulmanchanda/Desktop/AI-Driven-Satellite-Image-Semantic-Search-and-Temporal-Change-Detection-System/data/raw/levir_cd/train/A/train_12.png,/Users/rahulmanchanda/Desktop/AI-Driven-Satellite-Image-Semantic-Search-and-Temporal-Change-Detection-System/data/raw/levir_cd/train/B/train_12.png,/Users/rahulmanchanda/Desktop/AI-Driven-Satellite-Image-Semantic-Search-and-Temporal-Change-Detection-System/data/raw/levir_cd/train/label/train_12.png,1024,1024,3,RGB,building_change,0,,True,,1024,1024,,,,,27597,0.02631855010986328,1.0.0,
train_120,LEVIR-CD,train_120.png,raw/levir_cd/train/A/train_120.png,train,/Users/rahulmanchanda/Desktop/AI-Driven-Satellite-Image-Semantic-Search-and-Temporal-Change-Detection-System/data/raw/levir_cd/train/A/train_120.png,/Users/rahulmanchanda/Desktop/AI-Driven-Satellite-Image-Semantic-Search-and-Temporal-Change-Detection-System/data/raw/levir_cd/train/B/train_120.png,/Users/rahulmanchanda/Desktop/AI-Driven-Satellite-Image-Semantic-Search-and-Temporal-Change-Detection-System/data/raw/levir_cd/train/label/train_120.png,1024,1024,3,RGB,building_change,0,,True,,1024,1024,,,,,68612,0.06543350219726562,1.0.0,
train_121,LEVIR-CD,train_121.png,raw/levir_cd/train/A/train_121.png,train,/Users/rahulmanchanda/Desktop/AI-Driven-Satellite-Image-Semantic-Search-and-Temporal-Change-Detection-System/data/raw/levir_cd/train/A/train_121.png,/Users/rahulmanchanda/Desktop/AI-Driven-Satellite-Image-Semantic-Search-and-Temporal-Change-Detection-System/data/raw/levir_cd/train/B/train_121.png,/Users/rahulmanchanda/Desktop/AI-Driven-Satellite-Image-Semantic-Search-and-Temporal-Change-Detection-System/data/raw/levir_cd/train/label/train_121.png,1024,1024,3,RGB,building_change,0,,True,,1024,1024,,,,,40926,0.03903007507324219,1.0.0,
train_122,LEVIR-CD,train_122.png,raw/levir_cd/train/A/train_122.png,train,/Users/rahulmanchanda/Desktop/AI-Driven-Satellite-Image-Semantic-Search-and-Temporal-Change-Detection-System/data/raw/levir_cd/train/A/train_122.png,/Users/rahulmanchanda/Desktop/AI-Driven-Satellite-Image-Semantic-Search-and-Temporal-Change-Detection-System/data/raw/levir_cd/train/B/train_122.png,/Users/rahulmanchanda/Desktop/AI-Driven-Satellite-Image-Semantic-Search-and-Temporal-Change-Detection-System/data/raw/levir_cd/train/label/train_122.png,1024,1024,3,RGB,building_change,0,,True,,1024,1024,,,,,65977,0.06292057037353516,1.0.0,
train_123,LEVIR-CD,train_123.png,raw/levir_cd/train/A/train_123.png,train,/Users/rahulmanchanda/Desktop/AI-Driven-Satellite-Image-Semantic-Search-and-Temporal-Change-Detection-System/data/raw/levir_cd/train/A/train_123.png,/Users/rahulmanchanda/Desktop/AI-Driven-Satellite-Image-Semantic-Search-and-Temporal-Change-Detection-System/data/raw/levir_cd/train/B/train_123.png,/Users/rahulmanchanda/Desktop/AI-Driven-Satellite-Image-Semantic-Search-and-Temporal-Change-Detection-System/data/raw/levir_cd/train/label/train_123.png,1024,1024,3,RGB,building_change,0,,True,,1024,1024,,,,,73160,0.06977081298828125,1.0.0,
train_124,LEVIR-CD,train_124.png,raw/levir_cd/train/A/train_124.png,train,/Users/rahulmanchanda/Desktop/AI-Driven-Satellite-Image-Semantic-Search-and-Temporal-Change-Detection-System/data/raw/levir_cd/train/A/train_124.png,/Users/rahulmanchanda/Desktop/AI-Driven-Satellite-Image-Semantic-Search-and-Temporal-Change-Detection-System/data/raw/levir_cd/train/B/train_124.png,/Users/rahulmanchanda/Desktop/AI-Driven-Satellite-Image-Semantic-Search-and-Temporal-Change-Detection-System/data/raw/levir_cd/train/label/train_124.png,1024,1024,3,RGB,building_change,0,,True,,1024,1024,,,,,126728,0.12085723876953125,1.0.0,
train_125,LEVIR-CD,train_125.png,raw/levir_cd/train/A/train_125.png,train,/Users/rahulmanchanda/Desktop/AI-Driven-Satellite-Image-Semantic-Search-and-Temporal-Change-Detection-System/data/raw/levir_cd/train/A/train_125.png,/Users/rahulmanchanda/Desktop/AI-Driven-Satellite-Image-Semantic-Search-and-Temporal-Change-Detection-System/data/raw/levir_cd/train/B/train_125.png,/Users/rahulmanchanda/Desktop/AI-Driven-Satellite-Image-Semantic-Search-and-Temporal-Change-Detection-System/data/raw/levir_cd/train/label/train_125.png,1024,1024,3,RGB,building_change,0,,True,,1024,1024,,,,,182343,0.17389583587646484,1.0.0,
train_126,LEVIR-CD,train_126.png,raw/levir_cd/train/A/train_126.png,train,/Users/rahulmanchanda/Desktop/AI-Driven-Satellite-Image-Semantic-Search-and-Temporal-Change-Detection-System/data/raw/levir_cd/train/A/train_126.png,/Users/rahulmanchanda/Desktop/AI-Driven-Satellite-Image-Semantic-Search-and-Temporal-Change-Detection-System/data/raw/levir_cd/train/B/train_126.png,/Users/rahulmanchanda/Desktop/AI-Driven-Satellite-Image-Semantic-Search-and-Temporal-Change-Detection-System/data/raw/levir_cd/train/label/train_126.png,1024,1024,3,RGB,building_change,0,,True,,1024,1024,,,,,75116,0.07163619995117188,1.0.0,
train_127,LEVIR-CD,train_127.png,raw/levir_cd/train/A/train_127.png,train,/Users/rahulmanchanda/Desktop/AI-Driven-Satellite-Image-Semantic-Search-and-Temporal-Change-Detection-System/data/raw/levir_cd/train/A/train_127.png,/Users/rahulmanchanda/Desktop/AI-Driven-Satellite-Image-Semantic-Search-and-Temporal-Change-Detection-System/data/raw/levir_cd/train/B/train_127.png,/Users/rahulmanchanda/Desktop/AI-Driven-Satellite-Image-Semantic-Search-and-Temporal-Change-Detection-System/data/raw/levir_cd/train/label/train_127.png,1024,1024,3,RGB,building_change,0,,True,,1024,1024,,,,,20834,0.019868850708007812,1.0.0,
train_128,LEVIR-CD,train_128.png,raw/levir_cd/train/A/train_128.png,train,/Users/rahulmanchanda/Desktop/AI-Driven-Satellite-Image-Semantic-Search-and-Temporal-Change-Detection-System/data/raw/levir_cd/train/A/train_128.png,/Users/rahulmanchanda/Desktop/AI-Driven-Satellite-Image-Semantic-Search-and-Temporal-Change-Detection-System/data/raw/levir_cd/train/B/train_128.png,/Users/rahulmanchanda/Desktop/AI-Driven-Satellite-Image-Semantic-Search-and-Temporal-Change-Detection-System/data/raw/levir_cd/train/label/train_128.png,1024,1024,3,RGB,building_change,0,,True,,1024,1024,,,,,57513,0.054848670959472656,1.0.0,
train_129,LEVIR-CD,train_129.png,raw/levir_cd/train/A/train_129.png,train,/Users/rahulmanchanda/Desktop/AI-Driven-Satellite-Image-Semantic-Search-and-Temporal-Change-Detection-System/data/raw/levir_cd/train/A/train_129.png,/Users/rahulmanchanda/Desktop/AI-Driven-Satellite-Image-Semantic-Search-and-Temporal-Change-Detection-System/data/raw/levir_cd/train/B/train_129.png,/Users/rahulmanchanda/Desktop/AI-Driven-Satellite-Image-Semantic-Search-and-Temporal-Change-Detection-System/data/raw/levir_cd/train/label/train_129.png,1024,1024,3,RGB,building_change,0,,True,,1024,1024,,,,,21886,0.020872116088867188,1.0.0,
train_13,LEVIR-CD,train_13.png,raw/levir_cd/train/A/train_13.png,train,/Users/rahulmanchanda/Desktop/AI-Driven-Satellite-Image-Semantic-Search-and-Temporal-Change-Detection-System/data/raw/levir_cd/train/A/train_13.png,/Users/rahulmanchanda/Desktop/AI-Driven-Satellite-Image-Semantic-Search-and-Temporal-Change-Detection-System/data/raw/levir_cd/train/B/train_13.png,/Users/rahulmanchanda/Desktop/AI-Driven-Satellite-Image-Semantic-Search-and-Temporal-Change-Detection-System/data/raw/levir_cd/train/label/train_13.png,1024,1024,3,RGB,building_change,0,,True,,1024,1024,,,,,17354,0.016550064086914062,1.0.0,
train_130,LEVIR-CD,train_130.png,raw/levir_cd/train/A/train_130.png,train,/Users/rahulmanchanda/Desktop/AI-Driven-Satellite-Image-Semantic-Search-and-Temporal-Change-Detection-System/data/raw/levir_cd/train/A/train_130.png,/Users/rahulmanchanda/Desktop/AI-Driven-Satellite-Image-Semantic-Search-and-Temporal-Change-Detection-System/data/raw/levir_cd/train/B/train_130.png,/Users/rahulmanchanda/Desktop/AI-Driven-Satellite-Image-Semantic-Search-and-Temporal-Change-Detection-System/data/raw/levir_cd/train/label/train_130.png,1024,1024,3,RGB,building_change,0,,True,,1024,1024,,,,,35307,0.03367137908935547,1.0.0,
train_131,LEVIR-CD,train_131.png,raw/levir_cd/train/A/train_131.png,train,/Users/rahulmanchanda/Desktop/AI-Driven-Satellite-Image-Semantic-Search-and-Temporal-Change-Detection-System/data/raw/levir_cd/train/A/train_131.png,/Users/rahulmanchanda/Desktop/AI-Driven-Satellite-Image-Semantic-Search-and-Temporal-Change-Detection-System/data/raw/levir_cd/train/B/train_131.png,/Users/rahulmanchanda/Desktop/AI-Driven-Satellite-Image-Semantic-Search-and-Temporal-Change-Detection-System/data/raw/levir_cd/train/label/train_131.png,1024,1024,3,RGB,building_change,0,,True,,1024,1024,,,,,29937,0.028550148010253906,1.0.0,
train_132,LEVIR-CD,train_132.png,raw/levir_cd/train/A/train_132.png,train,/Users/rahulmanchanda/Desktop/AI-Driven-Satellite-Image-Semantic-Search-and-Temporal-Change-Detection-System/data/raw/levir_cd/train/A/train_132.png,/Users/rahulmanchanda/Desktop/AI-Driven-Satellite-Image-Semantic-Search-and-Temporal-Change-Detection-System/data/raw/levir_cd/train/B/train_132.png,/Users/rahulmanchanda/Desktop/AI-Driven-Satellite-Image-Semantic-Search-and-Temporal-Change-Detection-System/data/raw/levir_cd/train/label/train_132.png,1024,1024,3,RGB,building_change,0,,True,,1024,1024,,,,,127446,0.12154197692871094,1.0.0,
train_133,LEVIR-CD,train_133.png,raw/levir_cd/train/A/train_133.png,train,/Users/rahulmanchanda/Desktop/AI-Driven-Satellite-Image-Semantic-Search-and-Temporal-Change-Detection-System/data/raw/levir_cd/train/A/train_133.png,/Users/rahulmanchanda/Desktop/AI-Driven-Satellite-Image-Semantic-Search-and-Temporal-Change-Detection-System/data/raw/levir_cd/train/B/train_133.png,/Users/rahulmanchanda/Desktop/AI-Driven-Satellite-Image-Semantic-Search-and-Temporal-Change-Detection-System/data/raw/levir_cd/train/label/train_133.png,1024,1024,3,RGB,building_change,0,,True,,1024,1024,,,,,27419,0.02614879608154297,1.0.0,
train_134,LEVIR-CD,train_134.png,raw/levir_cd/train/A/train_134.png,train,/Users/rahulmanchanda/Desktop/AI-Driven-Satellite-Image-Semantic-Search-and-Temporal-Change-Detection-System/data/raw/levir_cd/train/A/train_134.png,/Users/rahulmanchanda/Desktop/AI-Driven-Satellite-Image-Semantic-Search-and-Temporal-Change-Detection-System/data/raw/levir_cd/train/B/train_134.png,/Users/rahulmanchanda/Desktop/AI-Driven-Satellite-Image-Semantic-Search-and-Temporal-Change-Detection-System/data/raw/levir_cd/train/label/train_134.png,1024,1024,3,RGB,building_change,0,,True,,1024,1024,,,,,122947,0.11725139617919922,1.0.0,
train_135,LEVIR-CD,train_135.png,raw/levir_cd/train/A/train_135.png,train,/Users/rahulmanchanda/Desktop/AI-Driven-Satellite-Image-Semantic-Search-and-Temporal-Change-Detection-System/data/raw/levir_cd/train/A/train_135.png,/Users/rahulmanchanda/Desktop/AI-Driven-Satellite-Image-Semantic-Search-and-Temporal-Change-Detection-System/data/raw/levir_cd/train/B/train_135.png,/Users/rahulmanchanda/Desktop/AI-Driven-Satellite-Image-Semantic-Search-and-Temporal-Change-Detection-System/data/raw/levir_cd/train/label/train_135.png,1024,1024,3,RGB,building_change,0,,True,,1024,1024,,,,,43936,0.041900634765625,1.0.0,
train_136,LEVIR-CD,train_136.png,raw/levir_cd/train/A/train_136.png,train,/Users/rahulmanchanda/Desktop/AI-Driven-Satellite-Image-Semantic-Search-and-Temporal-Change-Detection-System/data/raw/levir_cd/train/A/train_136.png,/Users/rahulmanchanda/Desktop/AI-Driven-Satellite-Image-Semantic-Search-and-Temporal-Change-Detection-System/data/raw/levir_cd/train/B/train_136.png,/Users/rahulmanchanda/Desktop/AI-Driven-Satellite-Image-Semantic-Search-and-Temporal-Change-Detection-System/data/raw/levir_cd/train/label/train_136.png,1024,1024,3,RGB,building_change,0,,True,,1024,1024,,,,,55944,0.05335235595703125,1.0.0,
train_137,LEVIR-CD,train_137.png,raw/levir_cd/train/A/train_137.png,train,/Users/rahulmanchanda/Desktop/AI-Driven-Satellite-Image-Semantic-Search-and-Temporal-Change-Detection-System/data/raw/levir_cd/train/A/train_137.png,/Users/rahulmanchanda/Desktop/AI-Driven-Satellite-Image-Semantic-Search-and-Temporal-Change-Detection-System/data/raw/levir_cd/train/B/train_137.png,/Users/rahulmanchanda/Desktop/AI-Driven-Satellite-Image-Semantic-Search-and-Temporal-Change-Detection-System/data/raw/levir_cd/train/label/train_137.png,1024,1024,3,RGB,building_change,0,,True,,1024,1024,,,,,30519,0.029105186462402344,1.0.0,
train_138,LEVIR-CD,train_138.png,raw/levir_cd/train/A/train_138.png,train,/Users/rahulmanchanda/Desktop/AI-Driven-Satellite-Image-Semantic-Search-and-Temporal-Change-Detection-System/data/raw/levir_cd/train/A/train_138.png,/Users/rahulmanchanda/Desktop/AI-Driven-Satellite-Image-Semantic-Search-and-Temporal-Change-Detection-System/data/raw/levir_cd/train/B/train_138.png,/Users/rahulmanchanda/Desktop/AI-Driven-Satellite-Image-Semantic-Search-and-Temporal-Change-Detection-System/data/raw/levir_cd/train/label/train_138.png,1024,1024,3,RGB,building_change,0,,True,,1024,1024,,,,,193524,0.18455886840820312,1.0.0,
train_139,LEVIR-CD,train_139.png,raw/levir_cd/train/A/train_139.png,train,/Users/rahulmanchanda/Desktop/AI-Driven-Satellite-Image-Semantic-Search-and-Temporal-Change-Detection-System/data/raw/levir_cd/train/A/train_139.png,/Users/rahulmanchanda/Desktop/AI-Driven-Satellite-Image-Semantic-Search-and-Temporal-Change-Detection-System/data/raw/levir_cd/train/B/train_139.png,/Users/rahulmanchanda/Desktop/AI-Driven-Satellite-Image-Semantic-Search-and-Temporal-Change-Detection-System/data/raw/levir_cd/train/label/train_139.png,1024,1024,3,RGB,building_change,0,,True,,1024,1024,,,,,73889,0.0704660415649414,1.0.0,
train_14,LEVIR-CD,train_14.png,raw/levir_cd/train/A/train_14.png,train,/Users/rahulmanchanda/Desktop/AI-Driven-Satellite-Image-Semantic-Search-and-Temporal-Change-Detection-System/data/raw/levir_cd/train/A/train_14.png,/Users/rahulmanchanda/Desktop/AI-Driven-Satellite-Image-Semantic-Search-and-Temporal-Change-Detection-System/data/raw/levir_cd/train/B/train_14.png,/Users/rahulmanchanda/Desktop/AI-Driven-Satellite-Image-Semantic-Search-and-Temporal-Change-Detection-System/data/raw/levir_cd/train/label/train_14.png,1024,1024,3,RGB,building_change,0,,True,,1024,1024,,,,,6649,0.006340980529785156,1.0.0,
train_140,LEVIR-CD,train_140.png,raw/levir_cd/train/A/train_140.png,train,/Users/rahulmanchanda/Desktop/AI-Driven-Satellite-Image-Semantic-Search-and-Temporal-Change-Detection-System/data/raw/levir_cd/train/A/train_140.png,/Users/rahulmanchanda/Desktop/AI-Driven-Satellite-Image-Semantic-Search-and-Temporal-Change-Detection-System/data/raw/levir_cd/train/B/train_140.png,/Users/rahulmanchanda/Desktop/AI-Driven-Satellite-Image-Semantic-Search-and-Temporal-Change-Detection-System/data/raw/levir_cd/train/label/train_140.png,1024,1024,3,RGB,building_change,0,,True,,1024,1024,,,,,21086,0.020109176635742188,1.0.0,
train_141,LEVIR-CD,train_141.png,raw/levir_cd/train/A/train_141.png,train,/Users/rahulmanchanda/Desktop/AI-Driven-Satellite-Image-Semantic-Search-and-Temporal-Change-Detection-System/data/raw/levir_cd/train/A/train_141.png,/Users/rahulmanchanda/Desktop/AI-Driven-Satellite-Image-Semantic-Search-and-Temporal-Change-Detection-System/data/raw/levir_cd/train/B/train_141.png,/Users/rahulmanchanda/Desktop/AI-Driven-Satellite-Image-Semantic-Search-and-Temporal-Change-Detection-System/data/raw/levir_cd/train/label/train_141.png,1024,1024,3,RGB,building_change,0,,True,,1024,1024,,,,,78897,0.0752420425415039,1.0.0,
train_142,LEVIR-CD,train_142.png,raw/levir_cd/train/A/train_142.png,train,/Users/rahulmanchanda/Desktop/AI-Driven-Satellite-Image-Semantic-Search-and-Temporal-Change-Detection-System/data/raw/levir_cd/train/A/train_142.png,/Users/rahulmanchanda/Desktop/AI-Driven-Satellite-Image-Semantic-Search-and-Temporal-Change-Detection-System/data/raw/levir_cd/train/B/train_142.png,/Users/rahulmanchanda/Desktop/AI-Driven-Satellite-Image-Semantic-Search-and-Temporal-Change-Detection-System/data/raw/levir_cd/train/label/train_142.png,1024,1024,3,RGB,building_change,0,,True,,1024,1024,,,,,122300,0.11663436889648438,1.0.0,
train_143,LEVIR-CD,train_143.png,raw/levir_cd/train/A/train_143.png,train,/Users/rahulmanchanda/Desktop/AI-Driven-Satellite-Image-Semantic-Search-and-Temporal-Change-Detection-System/data/raw/levir_cd/train/A/train_143.png,/Users/rahulmanchanda/Desktop/AI-Driven-Satellite-Image-Semantic-Search-and-Temporal-Change-Detection-System/data/raw/levir_cd/train/B/train_143.png,/Users/rahulmanchanda/Desktop/AI-Driven-Satellite-Image-Semantic-Search-and-Temporal-Change-Detection-System/data/raw/levir_cd/train/label/train_143.png,1024,1024,3,RGB,building_change,0,,True,,1024,1024,,,,,163542,0.15596580505371094,1.0.0,
train_144,LEVIR-CD,train_144.png,raw/levir_cd/train/A/train_144.png,train,/Users/rahulmanchanda/Desktop/AI-Driven-Satellite-Image-Semantic-Search-and-Temporal-Change-Detection-System/data/raw/levir_cd/train/A/train_144.png,/Users/rahulmanchanda/Desktop/AI-Driven-Satellite-Image-Semantic-Search-and-Temporal-Change-Detection-System/data/raw/levir_cd/train/B/train_144.png,/Users/rahulmanchanda/Desktop/AI-Driven-Satellite-Image-Semantic-Search-and-Temporal-Change-Detection-System/data/raw/levir_cd/train/label/train_144.png,1024,1024,3,RGB,building_change,0,,True,,1024,1024,,,,,111246,0.10609245300292969,1.0.0,
train_145,LEVIR-CD,train_145.png,raw/levir_cd/train/A/train_145.png,train,/Users/rahulmanchanda/Desktop/AI-Driven-Satellite-Image-Semantic-Search-and-Temporal-Change-Detection-System/data/raw/levir_cd/train/A/train_145.png,/Users/rahulmanchanda/Desktop/AI-Driven-Satellite-Image-Semantic-Search-and-Temporal-Change-Detection-System/data/raw/levir_cd/train/B/train_145.png,/Users/rahulmanchanda/Desktop/AI-Driven-Satellite-Image-Semantic-Search-and-Temporal-Change-Detection-System/data/raw/levir_cd/train/label/train_145.png,1024,1024,3,RGB,building_change,0,,True,,1024,1024,,,,,101486,0.09678459167480469,1.0.0,
train_146,LEVIR-CD,train_146.png,raw/levir_cd/train/A/train_146.png,train,/Users/rahulmanchanda/Desktop/AI-Driven-Satellite-Image-Semantic-Search-and-Temporal-Change-Detection-System/data/raw/levir_cd/train/A/train_146.png,/Users/rahulmanchanda/Desktop/AI-Driven-Satellite-Image-Semantic-Search-and-Temporal-Change-Detection-System/data/raw/levir_cd/train/B/train_146.png,/Users/rahulmanchanda/Desktop/AI-Driven-Satellite-Image-Semantic-Search-and-Temporal-Change-Detection-System/data/raw/levir_cd/train/label/train_146.png,1024,1024,3,RGB,building_change,0,,True,,1024,1024,,,,,103433,0.09864139556884766,1.0.0,
train_147,LEVIR-CD,train_147.png,raw/levir_cd/train/A/train_147.png,train,/Users/rahulmanchanda/Desktop/AI-Driven-Satellite-Image-Semantic-Search-and-Temporal-Change-Detection-System/data/raw/levir_cd/train/A/train_147.png,/Users/rahulmanchanda/Desktop/AI-Driven-Satellite-Image-Semantic-Search-and-Temporal-Change-Detection-System/data/raw/levir_cd/train/B/train_147.png,/Users/rahulmanchanda/Desktop/AI-Driven-Satellite-Image-Semantic-Search-and-Temporal-Change-Detection-System/data/raw/levir_cd/train/label/train_147.png,1024,1024,3,RGB,building_change,0,,True,,1024,1024,,,,,223697,0.2133340835571289,1.0.0,
train_148,LEVIR-CD,train_148.png,raw/levir_cd/train/A/train_148.png,train,/Users/rahulmanchanda/Desktop/AI-Driven-Satellite-Image-Semantic-Search-and-Temporal-Change-Detection-System/data/raw/levir_cd/train/A/train_148.png,/Users/rahulmanchanda/Desktop/AI-Driven-Satellite-Image-Semantic-Search-and-Temporal-Change-Detection-System/data/raw/levir_cd/train/B/train_148.png,/Users/rahulmanchanda/Desktop/AI-Driven-Satellite-Image-Semantic-Search-and-Temporal-Change-Detection-System/data/raw/levir_cd/train/label/train_148.png,1024,1024,3,RGB,building_change,0,,True,,1024,1024,,,,,42950,0.04096031188964844,1.0.0,
train_149,LEVIR-CD,train_149.png,raw/levir_cd/train/A/train_149.png,train,/Users/rahulmanchanda/Desktop/AI-Driven-Satellite-Image-Semantic-Search-and-Temporal-Change-Detection-System/data/raw/levir_cd/train/A/train_149.png,/Users/rahulmanchanda/Desktop/AI-Driven-Satellite-Image-Semantic-Search-and-Temporal-Change-Detection-System/data/raw/levir_cd/train/B/train_149.png,/Users/rahulmanchanda/Desktop/AI-Driven-Satellite-Image-Semantic-Search-and-Temporal-Change-Detection-System/data/raw/levir_cd/train/label/train_149.png,1024,1024,3,RGB,building_change,0,,True,,1024,1024,,,,,164398,0.1567821502685547,1.0.0,
train_15,LEVIR-CD,train_15.png,raw/levir_cd/train/A/train_15.png,train,/Users/rahulmanchanda/Desktop/AI-Driven-Satellite-Image-Semantic-Search-and-Temporal-Change-Detection-System/data/raw/levir_cd/train/A/train_15.png,/Users/rahulmanchanda/Desktop/AI-Driven-Satellite-Image-Semantic-Search-and-Temporal-Change-Detection-System/data/raw/levir_cd/train/B/train_15.png,/Users/rahulmanchanda/Desktop/AI-Driven-Satellite-Image-Semantic-Search-and-Temporal-Change-Detection-System/data/raw/levir_cd/train/label/train_15.png,1024,1024,3,RGB,building_change,0,,True,,1024,1024,,,,,2342,0.0022335052490234375,1.0.0,
train_150,LEVIR-CD,train_150.png,raw/levir_cd/train/A/train_150.png,train,/Users/rahulmanchanda/Desktop/AI-Driven-Satellite-Image-Semantic-Search-and-Temporal-Change-Detection-System/data/raw/levir_cd/train/A/train_150.png,/Users/rahulmanchanda/Desktop/AI-Driven-Satellite-Image-Semantic-Search-and-Temporal-Change-Detection-System/data/raw/levir_cd/train/B/train_150.png,/Users/rahulmanchanda/Desktop/AI-Driven-Satellite-Image-Semantic-Search-and-Temporal-Change-Detection-System/data/raw/levir_cd/train/label/train_150.png,1024,1024,3,RGB,building_change,0,,True,,1024,1024,,,,,88982,0.08485984802246094,1.0.0,
train_151,LEVIR-CD,train_151.png,raw/levir_cd/train/A/train_151.png,train,/Users/rahulmanchanda/Desktop/AI-Driven-Satellite-Image-Semantic-Search-and-Temporal-Change-Detection-System/data/raw/levir_cd/train/A/train_151.png,/Users/rahulmanchanda/Desktop/AI-Driven-Satellite-Image-Semantic-Search-and-Temporal-Change-Detection-System/data/raw/levir_cd/train/B/train_151.png,/Users/rahulmanchanda/Desktop/AI-Driven-Satellite-Image-Semantic-Search-and-Temporal-Change-Detection-System/data/raw/levir_cd/train/label/train_151.png,1024,1024,3,RGB,building_change,0,,True,,1024,1024,,,,,171579,0.16363048553466797,1.0.0,
train_152,LEVIR-CD,train_152.png,raw/levir_cd/train/A/train_152.png,train,/Users/rahulmanchanda/Desktop/AI-Driven-Satellite-Image-Semantic-Search-and-Temporal-Change-Detection-System/data/raw/levir_cd/train/A/train_152.png,/Users/rahulmanchanda/Desktop/AI-Driven-Satellite-Image-Semantic-Search-and-Temporal-Change-Detection-System/data/raw/levir_cd/train/B/train_152.png,/Users/rahulmanchanda/Desktop/AI-Driven-Satellite-Image-Semantic-Search-and-Temporal-Change-Detection-System/data/raw/levir_cd/train/label/train_152.png,1024,1024,3,RGB,building_change,0,,True,,1024,1024,,,,,46024,0.04389190673828125,1.0.0,
train_153,LEVIR-CD,train_153.png,raw/levir_cd/train/A/train_153.png,train,/Users/rahulmanchanda/Desktop/AI-Driven-Satellite-Image-Semantic-Search-and-Temporal-Change-Detection-System/data/raw/levir_cd/train/A/train_153.png,/Users/rahulmanchanda/Desktop/AI-Driven-Satellite-Image-Semantic-Search-and-Temporal-Change-Detection-System/data/raw/levir_cd/train/B/train_153.png,/Users/rahulmanchanda/Desktop/AI-Driven-Satellite-Image-Semantic-Search-and-Temporal-Change-Detection-System/data/raw/levir_cd/train/label/train_153.png,1024,1024,3,RGB,building_change,0,,True,,1024,1024,,,,,78709,0.07506275177001953,1.0.0,
train_154,LEVIR-CD,train_154.png,raw/levir_cd/train/A/train_154.png,train,/Users/rahulmanchanda/Desktop/AI-Driven-Satellite-Image-Semantic-Search-and-Temporal-Change-Detection-System/data/raw/levir_cd/train/A/train_154.png,/Users/rahulmanchanda/Desktop/AI-Driven-Satellite-Image-Semantic-Search-and-Temporal-Change-Detection-System/data/raw/levir_cd/train/B/train_154.png,/Users/rahulmanchanda/Desktop/AI-Driven-Satellite-Image-Semantic-Search-and-Temporal-Change-Detection-System/data/raw/levir_cd/train/label/train_154.png,1024,1024,3,RGB,building_change,0,,True,,1024,1024,,,,,18249,0.017403602600097656,1.0.0,
train_155,LEVIR-CD,train_155.png,raw/levir_cd/train/A/train_155.png,train,/Users/rahulmanchanda/Desktop/AI-Driven-Satellite-Image-Semantic-Search-and-Temporal-Change-Detection-System/data/raw/levir_cd/train/A/train_155.png,/Users/rahulmanchanda/Desktop/AI-Driven-Satellite-Image-Semantic-Search-and-Temporal-Change-Detection-System/data/raw/levir_cd/train/B/train_155.png,/Users/rahulmanchanda/Desktop/AI-Driven-Satellite-Image-Semantic-Search-and-Temporal-Change-Detection-System/data/raw/levir_cd/train/label/train_155.png,1024,1024,3,RGB,building_change,0,,True,,1024,1024,,,,,37961,0.036202430725097656,1.0.0,
train_156,LEVIR-CD,train_156.png,raw/levir_cd/train/A/train_156.png,train,/Users/rahulmanchanda/Desktop/AI-Driven-Satellite-Image-Semantic-Search-and-Temporal-Change-Detection-System/data/raw/levir_cd/train/A/train_156.png,/Users/rahulmanchanda/Desktop/AI-Driven-Satellite-Image-Semantic-Search-and-Temporal-Change-Detection-System/data/raw/levir_cd/train/B/train_156.png,/Users/rahulmanchanda/Desktop/AI-Driven-Satellite-Image-Semantic-Search-and-Temporal-Change-Detection-System/data/raw/levir_cd/train/label/train_156.png,1024,1024,3,RGB,building_change,0,,True,,1024,1024,,,,,32772,0.031253814697265625,1.0.0,
train_157,LEVIR-CD,train_157.png,raw/levir_cd/train/A/train_157.png,train,/Users/rahulmanchanda/Desktop/AI-Driven-Satellite-Image-Semantic-Search-and-Temporal-Change-Detection-System/data/raw/levir_cd/train/A/train_157.png,/Users/rahulmanchanda/Desktop/AI-Driven-Satellite-Image-Semantic-Search-and-Temporal-Change-Detection-System/data/raw/levir_cd/train/B/train_157.png,/Users/rahulmanchanda/Desktop/AI-Driven-Satellite-Image-Semantic-Search-and-Temporal-Change-Detection-System/data/raw/levir_cd/train/label/train_157.png,1024,1024,3,RGB,building_change,0,,True,,1024,1024,,,,,92936,0.08863067626953125,1.0.0,
train_158,LEVIR-CD,train_158.png,raw/levir_cd/train/A/train_158.png,train,/Users/rahulmanchanda/Desktop/AI-Driven-Satellite-Image-Semantic-Search-and-Temporal-Change-Detection-System/data/raw/levir_cd/train/A/train_158.png,/Users/rahulmanchanda/Desktop/AI-Driven-Satellite-Image-Semantic-Search-and-Temporal-Change-Detection-System/data/raw/levir_cd/train/B/train_158.png,/Users/rahulmanchanda/Desktop/AI-Driven-Satellite-Image-Semantic-Search-and-Temporal-Change-Detection-System/data/raw/levir_cd/train/label/train_158.png,1024,1024,3,RGB,building_change,0,,True,,1024,1024,,,,,170686,0.1627788543701172,1.0.0,
train_159,LEVIR-CD,train_159.png,raw/levir_cd/train/A/train_159.png,train,/Users/rahulmanchanda/Desktop/AI-Driven-Satellite-Image-Semantic-Search-and-Temporal-Change-Detection-System/data/raw/levir_cd/train/A/train_159.png,/Users/rahulmanchanda/Desktop/AI-Driven-Satellite-Image-Semantic-Search-and-Temporal-Change-Detection-System/data/raw/levir_cd/train/B/train_159.png,/Users/rahulmanchanda/Desktop/AI-Driven-Satellite-Image-Semantic-Search-and-Temporal-Change-Detection-System/data/raw/levir_cd/train/label/train_159.png,1024,1024,3,RGB,building_change,0,,True,,1024,1024,,,,,114592,0.109283447265625,1.0.0,
train_16,LEVIR-CD,train_16.png,raw/levir_cd/train/A/train_16.png,train,/Users/rahulmanchanda/Desktop/AI-Driven-Satellite-Image-Semantic-Search-and-Temporal-Change-Detection-System/data/raw/levir_cd/train/A/train_16.png,/Users/rahulmanchanda/Desktop/AI-Driven-Satellite-Image-Semantic-Search-and-Temporal-Change-Detection-System/data/raw/levir_cd/train/B/train_16.png,/Users/rahulmanchanda/Desktop/AI-Driven-Satellite-Image-Semantic-Search-and-Temporal-Change-Detection-System/data/raw/levir_cd/train/label/train_16.png,1024,1024,3,RGB,building_change,0,,True,,1024,1024,,,,,8891,0.008479118347167969,1.0.0,
train_160,LEVIR-CD,train_160.png,raw/levir_cd/train/A/train_160.png,train,/Users/rahulmanchanda/Desktop/AI-Driven-Satellite-Image-Semantic-Search-and-Temporal-Change-Detection-System/data/raw/levir_cd/train/A/train_160.png,/Users/rahulmanchanda/Desktop/AI-Driven-Satellite-Image-Semantic-Search-and-Temporal-Change-Detection-System/data/raw/levir_cd/train/B/train_160.png,/Users/rahulmanchanda/Desktop/AI-Driven-Satellite-Image-Semantic-Search-and-Temporal-Change-Detection-System/data/raw/levir_cd/train/label/train_160.png,1024,1024,3,RGB,building_change,0,,True,,1024,1024,,,,,71894,0.06856346130371094,1.0.0,
train_161,LEVIR-CD,train_161.png,raw/levir_cd/train/A/train_161.png,train,/Users/rahulmanchanda/Desktop/AI-Driven-Satellite-Image-Semantic-Search-and-Temporal-Change-Detection-System/data/raw/levir_cd/train/A/train_161.png,/Users/rahulmanchanda/Desktop/AI-Driven-Satellite-Image-Semantic-Search-and-Temporal-Change-Detection-System/data/raw/levir_cd/train/B/train_161.png,/Users/rahulmanchanda/Desktop/AI-Driven-Satellite-Image-Semantic-Search-and-Temporal-Change-Detection-System/data/raw/levir_cd/train/label/train_161.png,1024,1024,3,RGB,building_change,0,,True,,1024,1024,,,,,86533,0.08252429962158203,1.0.0,
train_162,LEVIR-CD,train_162.png,raw/levir_cd/train/A/train_162.png,train,/Users/rahulmanchanda/Desktop/AI-Driven-Satellite-Image-Semantic-Search-and-Temporal-Change-Detection-System/data/raw/levir_cd/train/A/train_162.png,/Users/rahulmanchanda/Desktop/AI-Driven-Satellite-Image-Semantic-Search-and-Temporal-Change-Detection-System/data/raw/levir_cd/train/B/train_162.png,/Users/rahulmanchanda/Desktop/AI-Driven-Satellite-Image-Semantic-Search-and-Temporal-Change-Detection-System/data/raw/levir_cd/train/label/train_162.png,1024,1024,3,RGB,building_change,0,,True,,1024,1024,,,,,84226,0.08032417297363281,1.0.0,
train_163,LEVIR-CD,train_163.png,raw/levir_cd/train/A/train_163.png,train,/Users/rahulmanchanda/Desktop/AI-Driven-Satellite-Image-Semantic-Search-and-Temporal-Change-Detection-System/data/raw/levir_cd/train/A/train_163.png,/Users/rahulmanchanda/Desktop/AI-Driven-Satellite-Image-Semantic-Search-and-Temporal-Change-Detection-System/data/raw/levir_cd/train/B/train_163.png,/Users/rahulmanchanda/Desktop/AI-Driven-Satellite-Image-Semantic-Search-and-Temporal-Change-Detection-System/data/raw/levir_cd/train/label/train_163.png,1024,1024,3,RGB,building_change,0,,True,,1024,1024,,,,,825,0.0007867813110351562,1.0.0,
train_164,LEVIR-CD,train_164.png,raw/levir_cd/train/A/train_164.png,train,/Users/rahulmanchanda/Desktop/AI-Driven-Satellite-Image-Semantic-Search-and-Temporal-Change-Detection-System/data/raw/levir_cd/train/A/train_164.png,/Users/rahulmanchanda/Desktop/AI-Driven-Satellite-Image-Semantic-Search-and-Temporal-Change-Detection-System/data/raw/levir_cd/train/B/train_164.png,/Users/rahulmanchanda/Desktop/AI-Driven-Satellite-Image-Semantic-Search-and-Temporal-Change-Detection-System/data/raw/levir_cd/train/label/train_164.png,1024,1024,3,RGB,building_change,0,,True,,1024,1024,,,,,53937,0.051438331604003906,1.0.0,
train_165,LEVIR-CD,train_165.png,raw/levir_cd/train/A/train_165.png,train,/Users/rahulmanchanda/Desktop/AI-Driven-Satellite-Image-Semantic-Search-and-Temporal-Change-Detection-System/data/raw/levir_cd/train/A/train_165.png,/Users/rahulmanchanda/Desktop/AI-Driven-Satellite-Image-Semantic-Search-and-Temporal-Change-Detection-System/data/raw/levir_cd/train/B/train_165.png,/Users/rahulmanchanda/Desktop/AI-Driven-Satellite-Image-Semantic-Search-and-Temporal-Change-Detection-System/data/raw/levir_cd/train/label/train_165.png,1024,1024,3,RGB,building_change,0,,True,,1024,1024,,,,,109143,0.10408687591552734,1.0.0,
train_166,LEVIR-CD,train_166.png,raw/levir_cd/train/A/train_166.png,train,/Users/rahulmanchanda/Desktop/AI-Driven-Satellite-Image-Semantic-Search-and-Temporal-Change-Detection-System/data/raw/levir_cd/train/A/train_166.png,/Users/rahulmanchanda/Desktop/AI-Driven-Satellite-Image-Semantic-Search-and-Temporal-Change-Detection-System/data/raw/levir_cd/train/B/train_166.png,/Users/rahulmanchanda/Desktop/AI-Driven-Satellite-Image-Semantic-Search-and-Temporal-Change-Detection-System/data/raw/levir_cd/train/label/train_166.png,1024,1024,3,RGB,building_change,0,,True,,1024,1024,,,,,70509,0.06724262237548828,1.0.0,
train_167,LEVIR-CD,train_167.png,raw/levir_cd/train/A/train_167.png,train,/Users/rahulmanchanda/Desktop/AI-Driven-Satellite-Image-Semantic-Search-and-Temporal-Change-Detection-System/data/raw/levir_cd/train/A/train_167.png,/Users/rahulmanchanda/Desktop/AI-Driven-Satellite-Image-Semantic-Search-and-Temporal-Change-Detection-System/data/raw/levir_cd/train/B/train_167.png,/Users/rahulmanchanda/Desktop/AI-Driven-Satellite-Image-Semantic-Search-and-Temporal-Change-Detection-System/data/raw/levir_cd/train/label/train_167.png,1024,1024,3,RGB,building_change,0,,True,,1024,1024,,,,,83065,0.07921695709228516,1.0.0,
train_168,LEVIR-CD,train_168.png,raw/levir_cd/train/A/train_168.png,train,/Users/rahulmanchanda/Desktop/AI-Driven-Satellite-Image-Semantic-Search-and-Temporal-Change-Detection-System/data/raw/levir_cd/train/A/train_168.png,/Users/rahulmanchanda/Desktop/AI-Driven-Satellite-Image-Semantic-Search-and-Temporal-Change-Detection-System/data/raw/levir_cd/train/B/train_168.png,/Users/rahulmanchanda/Desktop/AI-Driven-Satellite-Image-Semantic-Search-and-Temporal-Change-Detection-System/data/raw/levir_cd/train/label/train_168.png,1024,1024,3,RGB,building_change,0,,True,,1024,1024,,,,,25410,0.024232864379882812,1.0.0,
train_169,LEVIR-CD,train_169.png,raw/levir_cd/train/A/train_169.png,train,/Users/rahulmanchanda/Desktop/AI-Driven-Satellite-Image-Semantic-Search-and-Temporal-Change-Detection-System/data/raw/levir_cd/train/A/train_169.png,/Users/rahulmanchanda/Desktop/AI-Driven-Satellite-Image-Semantic-Search-and-Temporal-Change-Detection-System/data/raw/levir_cd/train/B/train_169.png,/Users/rahulmanchanda/Desktop/AI-Driven-Satellite-Image-Semantic-Search-and-Temporal-Change-Detection-System/data/raw/levir_cd/train/label/train_169.png,1024,1024,3,RGB,building_change,0,,True,,1024,1024,,,,,46304,0.044158935546875,1.0.0,
train_17,LEVIR-CD,train_17.png,raw/levir_cd/train/A/train_17.png,train,/Users/rahulmanchanda/Desktop/AI-Driven-Satellite-Image-Semantic-Search-and-Temporal-Change-Detection-System/data/raw/levir_cd/train/A/train_17.png,/Users/rahulmanchanda/Desktop/AI-Driven-Satellite-Image-Semantic-Search-and-Temporal-Change-Detection-System/data/raw/levir_cd/train/B/train_17.png,/Users/rahulmanchanda/Desktop/AI-Driven-Satellite-Image-Semantic-Search-and-Temporal-Change-Detection-System/data/raw/levir_cd/train/label/train_17.png,1024,1024,3,RGB,building_change,0,,True,,1024,1024,,,,,12170,0.011606216430664062,1.0.0,
train_170,LEVIR-CD,train_170.png,raw/levir_cd/train/A/train_170.png,train,/Users/rahulmanchanda/Desktop/AI-Driven-Satellite-Image-Semantic-Search-and-Temporal-Change-Detection-System/data/raw/levir_cd/train/A/train_170.png,/Users/rahulmanchanda/Desktop/AI-Driven-Satellite-Image-Semantic-Search-and-Temporal-Change-Detection-System/data/raw/levir_cd/train/B/train_170.png,/Users/rahulmanchanda/Desktop/AI-Driven-Satellite-Image-Semantic-Search-and-Temporal-Change-Detection-System/data/raw/levir_cd/train/label/train_170.png,1024,1024,3,RGB,building_change,0,,True,,1024,1024,,,,,191176,0.18231964111328125,1.0.0,
train_171,LEVIR-CD,train_171.png,raw/levir_cd/train/A/train_171.png,train,/Users/rahulmanchanda/Desktop/AI-Driven-Satellite-Image-Semantic-Search-and-Temporal-Change-Detection-System/data/raw/levir_cd/train/A/train_171.png,/Users/rahulmanchanda/Desktop/AI-Driven-Satellite-Image-Semantic-Search-and-Temporal-Change-Detection-System/data/raw/levir_cd/train/B/train_171.png,/Users/rahulmanchanda/Desktop/AI-Driven-Satellite-Image-Semantic-Search-and-Temporal-Change-Detection-System/data/raw/levir_cd/train/label/train_171.png,1024,1024,3,RGB,building_change,0,,True,,1024,1024,,,,,101909,0.09718799591064453,1.0.0,
train_172,LEVIR-CD,train_172.png,raw/levir_cd/train/A/train_172.png,train,/Users/rahulmanchanda/Desktop/AI-Driven-Satellite-Image-Semantic-Search-and-Temporal-Change-Detection-System/data/raw/levir_cd/train/A/train_172.png,/Users/rahulmanchanda/Desktop/AI-Driven-Satellite-Image-Semantic-Search-and-Temporal-Change-Detection-System/data/raw/levir_cd/train/B/train_172.png,/Users/rahulmanchanda/Desktop/AI-Driven-Satellite-Image-Semantic-Search-and-Temporal-Change-Detection-System/data/raw/levir_cd/train/label/train_172.png,1024,1024,3,RGB,building_change,0,,True,,1024,1024,,,,,97819,0.09328746795654297,1.0.0,
train_173,LEVIR-CD,train_173.png,raw/levir_cd/train/A/train_173.png,train,/Users/rahulmanchanda/Desktop/AI-Driven-Satellite-Image-Semantic-Search-and-Temporal-Change-Detection-System/data/raw/levir_cd/train/A/train_173.png,/Users/rahulmanchanda/Desktop/AI-Driven-Satellite-Image-Semantic-Search-and-Temporal-Change-Detection-System/data/raw/levir_cd/train/B/train_173.png,/Users/rahulmanchanda/Desktop/AI-Driven-Satellite-Image-Semantic-Search-and-Temporal-Change-Detection-System/data/raw/levir_cd/train/label/train_173.png,1024,1024,3,RGB,building_change,0,,True,,1024,1024,,,,,47018,0.04483985900878906,1.0.0,
train_174,LEVIR-CD,train_174.png,raw/levir_cd/train/A/train_174.png,train,/Users/rahulmanchanda/Desktop/AI-Driven-Satellite-Image-Semantic-Search-and-Temporal-Change-Detection-System/data/raw/levir_cd/train/A/train_174.png,/Users/rahulmanchanda/Desktop/AI-Driven-Satellite-Image-Semantic-Search-and-Temporal-Change-Detection-System/data/raw/levir_cd/train/B/train_174.png,/Users/rahulmanchanda/Desktop/AI-Driven-Satellite-Image-Semantic-Search-and-Temporal-Change-Detection-System/data/raw/levir_cd/train/label/train_174.png,1024,1024,3,RGB,building_change,0,,True,,1024,1024,,,,,9883,0.009425163269042969,1.0.0,
train_175,LEVIR-CD,train_175.png,raw/levir_cd/train/A/train_175.png,train,/Users/rahulmanchanda/Desktop/AI-Driven-Satellite-Image-Semantic-Search-and-Temporal-Change-Detection-System/data/raw/levir_cd/train/A/train_175.png,/Users/rahulmanchanda/Desktop/AI-Driven-Satellite-Image-Semantic-Search-and-Temporal-Change-Detection-System/data/raw/levir_cd/train/B/train_175.png,/Users/rahulmanchanda/Desktop/AI-Driven-Satellite-Image-Semantic-Search-and-Temporal-Change-Detection-System/data/raw/levir_cd/train/label/train_175.png,1024,1024,3,RGB,building_change,0,,True,,1024,1024,,,,,105726,0.10082817077636719,1.0.0,
train_176,LEVIR-CD,train_176.png,raw/levir_cd/train/A/train_176.png,train,/Users/rahulmanchanda/Desktop/AI-Driven-Satellite-Image-Semantic-Search-and-Temporal-Change-Detection-System/data/raw/levir_cd/train/A/train_176.png,/Users/rahulmanchanda/Desktop/AI-Driven-Satellite-Image-Semantic-Search-and-Temporal-Change-Detection-System/data/raw/levir_cd/train/B/train_176.png,/Users/rahulmanchanda/Desktop/AI-Driven-Satellite-Image-Semantic-Search-and-Temporal-Change-Detection-System/data/raw/levir_cd/train/label/train_176.png,1024,1024,3,RGB,building_change,0,,True,,1024,1024,,,,,220468,0.21025466918945312,1.0.0,
train_177,LEVIR-CD,train_177.png,raw/levir_cd/train/A/train_177.png,train,/Users/rahulmanchanda/Desktop/AI-Driven-Satellite-Image-Semantic-Search-and-Temporal-Change-Detection-System/data/raw/levir_cd/train/A/train_177.png,/Users/rahulmanchanda/Desktop/AI-Driven-Satellite-Image-Semantic-Search-and-Temporal-Change-Detection-System/data/raw/levir_cd/train/B/train_177.png,/Users/rahulmanchanda/Desktop/AI-Driven-Satellite-Image-Semantic-Search-and-Temporal-Change-Detection-System/data/raw/levir_cd/train/label/train_177.png,1024,1024,3,RGB,building_change,0,,True,,1024,1024,,,,,129002,0.12302589416503906,1.0.0,
train_178,LEVIR-CD,train_178.png,raw/levir_cd/train/A/train_178.png,train,/Users/rahulmanchanda/Desktop/AI-Driven-Satellite-Image-Semantic-Search-and-Temporal-Change-Detection-System/data/raw/levir_cd/train/A/train_178.png,/Users/rahulmanchanda/Desktop/AI-Driven-Satellite-Image-Semantic-Search-and-Temporal-Change-Detection-System/data/raw/levir_cd/train/B/train_178.png,/Users/rahulmanchanda/Desktop/AI-Driven-Satellite-Image-Semantic-Search-and-Temporal-Change-Detection-System/data/raw/levir_cd/train/label/train_178.png,1024,1024,3,RGB,building_change,0,,True,,1024,1024,,,,,203286,0.19386863708496094,1.0.0,
train_179,LEVIR-CD,train_179.png,raw/levir_cd/train/A/train_179.png,train,/Users/rahulmanchanda/Desktop/AI-Driven-Satellite-Image-Semantic-Search-and-Temporal-Change-Detection-System/data/raw/levir_cd/train/A/train_179.png,/Users/rahulmanchanda/Desktop/AI-Driven-Satellite-Image-Semantic-Search-and-Temporal-Change-Detection-System/data/raw/levir_cd/train/B/train_179.png,/Users/rahulmanchanda/Desktop/AI-Driven-Satellite-Image-Semantic-Search-and-Temporal-Change-Detection-System/data/raw/levir_cd/train/label/train_179.png,1024,1024,3,RGB,building_change,0,,True,,1024,1024,,,,,177051,0.16884899139404297,1.0.0,
train_18,LEVIR-CD,train_18.png,raw/levir_cd/train/A/train_18.png,train,/Users/rahulmanchanda/Desktop/AI-Driven-Satellite-Image-Semantic-Search-and-Temporal-Change-Detection-System/data/raw/levir_cd/train/A/train_18.png,/Users/rahulmanchanda/Desktop/AI-Driven-Satellite-Image-Semantic-Search-and-Temporal-Change-Detection-System/data/raw/levir_cd/train/B/train_18.png,/Users/rahulmanchanda/Desktop/AI-Driven-Satellite-Image-Semantic-Search-and-Temporal-Change-Detection-System/data/raw/levir_cd/train/label/train_18.png,1024,1024,3,RGB,building_change,0,,True,,1024,1024,,,,,5864,0.00559234619140625,1.0.0,
train_180,LEVIR-CD,train_180.png,raw/levir_cd/train/A/train_180.png,train,/Users/rahulmanchanda/Desktop/AI-Driven-Satellite-Image-Semantic-Search-and-Temporal-Change-Detection-System/data/raw/levir_cd/train/A/train_180.png,/Users/rahulmanchanda/Desktop/AI-Driven-Satellite-Image-Semantic-Search-and-Temporal-Change-Detection-System/data/raw/levir_cd/train/B/train_180.png,/Users/rahulmanchanda/Desktop/AI-Driven-Satellite-Image-Semantic-Search-and-Temporal-Change-Detection-System/data/raw/levir_cd/train/label/train_180.png,1024,1024,3,RGB,building_change,0,,True,,1024,1024,,,,,85545,0.08158206939697266,1.0.0,
train_181,LEVIR-CD,train_181.png,raw/levir_cd/train/A/train_181.png,train,/Users/rahulmanchanda/Desktop/AI-Driven-Satellite-Image-Semantic-Search-and-Temporal-Change-Detection-System/data/raw/levir_cd/train/A/train_181.png,/Users/rahulmanchanda/Desktop/AI-Driven-Satellite-Image-Semantic-Search-and-Temporal-Change-Detection-System/data/raw/levir_cd/train/B/train_181.png,/Users/rahulmanchanda/Desktop/AI-Driven-Satellite-Image-Semantic-Search-and-Temporal-Change-Detection-System/data/raw/levir_cd/train/label/train_181.png,1024,1024,3,RGB,building_change,0,,True,,1024,1024,,,,,16865,0.016083717346191406,1.0.0,
train_182,LEVIR-CD,train_182.png,raw/levir_cd/train/A/train_182.png,train,/Users/rahulmanchanda/Desktop/AI-Driven-Satellite-Image-Semantic-Search-and-Temporal-Change-Detection-System/data/raw/levir_cd/train/A/train_182.png,/Users/rahulmanchanda/Desktop/AI-Driven-Satellite-Image-Semantic-Search-and-Temporal-Change-Detection-System/data/raw/levir_cd/train/B/train_182.png,/Users/rahulmanchanda/Desktop/AI-Driven-Satellite-Image-Semantic-Search-and-Temporal-Change-Detection-System/data/raw/levir_cd/train/label/train_182.png,1024,1024,3,RGB,building_change,0,,True,,1024,1024,,,,,28319,0.027007102966308594,1.0.0,
train_183,LEVIR-CD,train_183.png,raw/levir_cd/train/A/train_183.png,train,/Users/rahulmanchanda/Desktop/AI-Driven-Satellite-Image-Semantic-Search-and-Temporal-Change-Detection-System/data/raw/levir_cd/train/A/train_183.png,/Users/rahulmanchanda/Desktop/AI-Driven-Satellite-Image-Semantic-Search-and-Temporal-Change-Detection-System/data/raw/levir_cd/train/B/train_183.png,/Users/rahulmanchanda/Desktop/AI-Driven-Satellite-Image-Semantic-Search-and-Temporal-Change-Detection-System/data/raw/levir_cd/train/label/train_183.png,1024,1024,3,RGB,building_change,0,,True,,1024,1024,,,,,0,0.0,1.0.0,
train_184,LEVIR-CD,train_184.png,raw/levir_cd/train/A/train_184.png,train,/Users/rahulmanchanda/Desktop/AI-Driven-Satellite-Image-Semantic-Search-and-Temporal-Change-Detection-System/data/raw/levir_cd/train/A/train_184.png,/Users/rahulmanchanda/Desktop/AI-Driven-Satellite-Image-Semantic-Search-and-Temporal-Change-Detection-System/data/raw/levir_cd/train/B/train_184.png,/Users/rahulmanchanda/Desktop/AI-Driven-Satellite-Image-Semantic-Search-and-Temporal-Change-Detection-System/data/raw/levir_cd/train/label/train_184.png,1024,1024,3,RGB,building_change,0,,True,,1024,1024,,,,,175648,0.167510986328125,1.0.0,
train_185,LEVIR-CD,train_185.png,raw/levir_cd/train/A/train_185.png,train,/Users/rahulmanchanda/Desktop/AI-Driven-Satellite-Image-Semantic-Search-and-Temporal-Change-Detection-System/data/raw/levir_cd/train/A/train_185.png,/Users/rahulmanchanda/Desktop/AI-Driven-Satellite-Image-Semantic-Search-and-Temporal-Change-Detection-System/data/raw/levir_cd/train/B/train_185.png,/Users/rahulmanchanda/Desktop/AI-Driven-Satellite-Image-Semantic-Search-and-Temporal-Change-Detection-System/data/raw/levir_cd/train/label/train_185.png,1024,1024,3,RGB,building_change,0,,True,,1024,1024,,,,,209761,0.2000436782836914,1.0.0,
train_186,LEVIR-CD,train_186.png,raw/levir_cd/train/A/train_186.png,train,/Users/rahulmanchanda/Desktop/AI-Driven-Satellite-Image-Semantic-Search-and-Temporal-Change-Detection-System/data/raw/levir_cd/train/A/train_186.png,/Users/rahulmanchanda/Desktop/AI-Driven-Satellite-Image-Semantic-Search-and-Temporal-Change-Detection-System/data/raw/levir_cd/train/B/train_186.png,/Users/rahulmanchanda/Desktop/AI-Driven-Satellite-Image-Semantic-Search-and-Temporal-Change-Detection-System/data/raw/levir_cd/train/label/train_186.png,1024,1024,3,RGB,building_change,0,,True,,1024,1024,,,,,160400,0.1529693603515625,1.0.0,
train_187,LEVIR-CD,train_187.png,raw/levir_cd/train/A/train_187.png,train,/Users/rahulmanchanda/Desktop/AI-Driven-Satellite-Image-Semantic-Search-and-Temporal-Change-Detection-System/data/raw/levir_cd/train/A/train_187.png,/Users/rahulmanchanda/Desktop/AI-Driven-Satellite-Image-Semantic-Search-and-Temporal-Change-Detection-System/data/raw/levir_cd/train/B/train_187.png,/Users/rahulmanchanda/Desktop/AI-Driven-Satellite-Image-Semantic-Search-and-Temporal-Change-Detection-System/data/raw/levir_cd/train/label/train_187.png,1024,1024,3,RGB,building_change,0,,True,,1024,1024,,,,,15310,0.014600753784179688,1.0.0,
train_188,LEVIR-CD,train_188.png,raw/levir_cd/train/A/train_188.png,train,/Users/rahulmanchanda/Desktop/AI-Driven-Satellite-Image-Semantic-Search-and-Temporal-Change-Detection-System/data/raw/levir_cd/train/A/train_188.png,/Users/rahulmanchanda/Desktop/AI-Driven-Satellite-Image-Semantic-Search-and-Temporal-Change-Detection-System/data/raw/levir_cd/train/B/train_188.png,/Users/rahulmanchanda/Desktop/AI-Driven-Satellite-Image-Semantic-Search-and-Temporal-Change-Detection-System/data/raw/levir_cd/train/label/train_188.png,1024,1024,3,RGB,building_change,0,,True,,1024,1024,,,,,6703,0.006392478942871094,1.0.0,
train_189,LEVIR-CD,train_189.png,raw/levir_cd/train/A/train_189.png,train,/Users/rahulmanchanda/Desktop/AI-Driven-Satellite-Image-Semantic-Search-and-Temporal-Change-Detection-System/data/raw/levir_cd/train/A/train_189.png,/Users/rahulmanchanda/Desktop/AI-Driven-Satellite-Image-Semantic-Search-and-Temporal-Change-Detection-System/data/raw/levir_cd/train/B/train_189.png,/Users/rahulmanchanda/Desktop/AI-Driven-Satellite-Image-Semantic-Search-and-Temporal-Change-Detection-System/data/raw/levir_cd/train/label/train_189.png,1024,1024,3,RGB,building_change,0,,True,,1024,1024,,,,,260403,0.24833965301513672,1.0.0,
train_19,LEVIR-CD,train_19.png,raw/levir_cd/train/A/train_19.png,train,/Users/rahulmanchanda/Desktop/AI-Driven-Satellite-Image-Semantic-Search-and-Temporal-Change-Detection-System/data/raw/levir_cd/train/A/train_19.png,/Users/rahulmanchanda/Desktop/AI-Driven-Satellite-Image-Semantic-Search-and-Temporal-Change-Detection-System/data/raw/levir_cd/train/B/train_19.png,/Users/rahulmanchanda/Desktop/AI-Driven-Satellite-Image-Semantic-Search-and-Temporal-Change-Detection-System/data/raw/levir_cd/train/label/train_19.png,1024,1024,3,RGB,building_change,0,,True,,1024,1024,,,,,21904,0.0208892822265625,1.0.0,
train_190,LEVIR-CD,train_190.png,raw/levir_cd/train/A/train_190.png,train,/Users/rahulmanchanda/Desktop/AI-Driven-Satellite-Image-Semantic-Search-and-Temporal-Change-Detection-System/data/raw/levir_cd/train/A/train_190.png,/Users/rahulmanchanda/Desktop/AI-Driven-Satellite-Image-Semantic-Search-and-Temporal-Change-Detection-System/data/raw/levir_cd/train/B/train_190.png,/Users/rahulmanchanda/Desktop/AI-Driven-Satellite-Image-Semantic-Search-and-Temporal-Change-Detection-System/data/raw/levir_cd/train/label/train_190.png,1024,1024,3,RGB,building_change,0,,True,,1024,1024,,,,,7192,0.00685882568359375,1.0.0,
train_191,LEVIR-CD,train_191.png,raw/levir_cd/train/A/train_191.png,train,/Users/rahulmanchanda/Desktop/AI-Driven-Satellite-Image-Semantic-Search-and-Temporal-Change-Detection-System/data/raw/levir_cd/train/A/train_191.png,/Users/rahulmanchanda/Desktop/AI-Driven-Satellite-Image-Semantic-Search-and-Temporal-Change-Detection-System/data/raw/levir_cd/train/B/train_191.png,/Users/rahulmanchanda/Desktop/AI-Driven-Satellite-Image-Semantic-Search-and-Temporal-Change-Detection-System/data/raw/levir_cd/train/label/train_191.png,1024,1024,3,RGB,building_change,0,,True,,1024,1024,,,,,48277,0.04604053497314453,1.0.0,
train_192,LEVIR-CD,train_192.png,raw/levir_cd/train/A/train_192.png,train,/Users/rahulmanchanda/Desktop/AI-Driven-Satellite-Image-Semantic-Search-and-Temporal-Change-Detection-System/data/raw/levir_cd/train/A/train_192.png,/Users/rahulmanchanda/Desktop/AI-Driven-Satellite-Image-Semantic-Search-and-Temporal-Change-Detection-System/data/raw/levir_cd/train/B/train_192.png,/Users/rahulmanchanda/Desktop/AI-Driven-Satellite-Image-Semantic-Search-and-Temporal-Change-Detection-System/data/raw/levir_cd/train/label/train_192.png,1024,1024,3,RGB,building_change,0,,True,,1024,1024,,,,,0,0.0,1.0.0,
train_193,LEVIR-CD,train_193.png,raw/levir_cd/train/A/train_193.png,train,/Users/rahulmanchanda/Desktop/AI-Driven-Satellite-Image-Semantic-Search-and-Temporal-Change-Detection-System/data/raw/levir_cd/train/A/train_193.png,/Users/rahulmanchanda/Desktop/AI-Driven-Satellite-Image-Semantic-Search-and-Temporal-Change-Detection-System/data/raw/levir_cd/train/B/train_193.png,/Users/rahulmanchanda/Desktop/AI-Driven-Satellite-Image-Semantic-Search-and-Temporal-Change-Detection-System/data/raw/levir_cd/train/label/train_193.png,1024,1024,3,RGB,building_change,0,,True,,1024,1024,,,,,42645,0.04066944122314453,1.0.0,
train_194,LEVIR-CD,train_194.png,raw/levir_cd/train/A/train_194.png,train,/Users/rahulmanchanda/Desktop/AI-Driven-Satellite-Image-Semantic-Search-and-Temporal-Change-Detection-System/data/raw/levir_cd/train/A/train_194.png,/Users/rahulmanchanda/Desktop/AI-Driven-Satellite-Image-Semantic-Search-and-Temporal-Change-Detection-System/data/raw/levir_cd/train/B/train_194.png,/Users/rahulmanchanda/Desktop/AI-Driven-Satellite-Image-Semantic-Search-and-Temporal-Change-Detection-System/data/raw/levir_cd/train/label/train_194.png,1024,1024,3,RGB,building_change,0,,True,,1024,1024,,,,,82558,0.07873344421386719,1.0.0,
train_195,LEVIR-CD,train_195.png,raw/levir_cd/train/A/train_195.png,train,/Users/rahulmanchanda/Desktop/AI-Driven-Satellite-Image-Semantic-Search-and-Temporal-Change-Detection-System/data/raw/levir_cd/train/A/train_195.png,/Users/rahulmanchanda/Desktop/AI-Driven-Satellite-Image-Semantic-Search-and-Temporal-Change-Detection-System/data/raw/levir_cd/train/B/train_195.png,/Users/rahulmanchanda/Desktop/AI-Driven-Satellite-Image-Semantic-Search-and-Temporal-Change-Detection-System/data/raw/levir_cd/train/label/train_195.png,1024,1024,3,RGB,building_change,0,,True,,1024,1024,,,,,0,0.0,1.0.0,
train_196,LEVIR-CD,train_196.png,raw/levir_cd/train/A/train_196.png,train,/Users/rahulmanchanda/Desktop/AI-Driven-Satellite-Image-Semantic-Search-and-Temporal-Change-Detection-System/data/raw/levir_cd/train/A/train_196.png,/Users/rahulmanchanda/Desktop/AI-Driven-Satellite-Image-Semantic-Search-and-Temporal-Change-Detection-System/data/raw/levir_cd/train/B/train_196.png,/Users/rahulmanchanda/Desktop/AI-Driven-Satellite-Image-Semantic-Search-and-Temporal-Change-Detection-System/data/raw/levir_cd/train/label/train_196.png,1024,1024,3,RGB,building_change,0,,True,,1024,1024,,,,,0,0.0,1.0.0,
train_197,LEVIR-CD,train_197.png,raw/levir_cd/train/A/train_197.png,train,/Users/rahulmanchanda/Desktop/AI-Driven-Satellite-Image-Semantic-Search-and-Temporal-Change-Detection-System/data/raw/levir_cd/train/A/train_197.png,/Users/rahulmanchanda/Desktop/AI-Driven-Satellite-Image-Semantic-Search-and-Temporal-Change-Detection-System/data/raw/levir_cd/train/B/train_197.png,/Users/rahulmanchanda/Desktop/AI-Driven-Satellite-Image-Semantic-Search-and-Temporal-Change-Detection-System/data/raw/levir_cd/train/label/train_197.png,1024,1024,3,RGB,building_change,0,,True,,1024,1024,,,,,0,0.0,1.0.0,
train_198,LEVIR-CD,train_198.png,raw/levir_cd/train/A/train_198.png,train,/Users/rahulmanchanda/Desktop/AI-Driven-Satellite-Image-Semantic-Search-and-Temporal-Change-Detection-System/data/raw/levir_cd/train/A/train_198.png,/Users/rahulmanchanda/Desktop/AI-Driven-Satellite-Image-Semantic-Search-and-Temporal-Change-Detection-System/data/raw/levir_cd/train/B/train_198.png,/Users/rahulmanchanda/Desktop/AI-Driven-Satellite-Image-Semantic-Search-and-Temporal-Change-Detection-System/data/raw/levir_cd/train/label/train_198.png,1024,1024,3,RGB,building_change,0,,True,,1024,1024,,,,,0,0.0,1.0.0,
train_199,LEVIR-CD,train_199.png,raw/levir_cd/train/A/train_199.png,train,/Users/rahulmanchanda/Desktop/AI-Driven-Satellite-Image-Semantic-Search-and-Temporal-Change-Detection-System/data/raw/levir_cd/train/A/train_199.png,/Users/rahulmanchanda/Desktop/AI-Driven-Satellite-Image-Semantic-Search-and-Temporal-Change-Detection-System/data/raw/levir_cd/train/B/train_199.png,/Users/rahulmanchanda/Desktop/AI-Driven-Satellite-Image-Semantic-Search-and-Temporal-Change-Detection-System/data/raw/levir_cd/train/label/train_199.png,1024,1024,3,RGB,building_change,0,,True,,1024,1024,,,,,1654,0.0015773773193359375,1.0.0,
train_2,LEVIR-CD,train_2.png,raw/levir_cd/train/A/train_2.png,train,/Users/rahulmanchanda/Desktop/AI-Driven-Satellite-Image-Semantic-Search-and-Temporal-Change-Detection-System/data/raw/levir_cd/train/A/train_2.png,/Users/rahulmanchanda/Desktop/AI-Driven-Satellite-Image-Semantic-Search-and-Temporal-Change-Detection-System/data/raw/levir_cd/train/B/train_2.png,/Users/rahulmanchanda/Desktop/AI-Driven-Satellite-Image-Semantic-Search-and-Temporal-Change-Detection-System/data/raw/levir_cd/train/label/train_2.png,1024,1024,3,RGB,building_change,0,,True,,1024,1024,,,,,55721,0.053139686584472656,1.0.0,
train_20,LEVIR-CD,train_20.png,raw/levir_cd/train/A/train_20.png,train,/Users/rahulmanchanda/Desktop/AI-Driven-Satellite-Image-Semantic-Search-and-Temporal-Change-Detection-System/data/raw/levir_cd/train/A/train_20.png,/Users/rahulmanchanda/Desktop/AI-Driven-Satellite-Image-Semantic-Search-and-Temporal-Change-Detection-System/data/raw/levir_cd/train/B/train_20.png,/Users/rahulmanchanda/Desktop/AI-Driven-Satellite-Image-Semantic-Search-and-Temporal-Change-Detection-System/data/raw/levir_cd/train/label/train_20.png,1024,1024,3,RGB,building_change,0,,True,,1024,1024,,,,,5502,0.0052471160888671875,1.0.0,
train_200,LEVIR-CD,train_200.png,raw/levir_cd/train/A/train_200.png,train,/Users/rahulmanchanda/Desktop/AI-Driven-Satellite-Image-Semantic-Search-and-Temporal-Change-Detection-System/data/raw/levir_cd/train/A/train_200.png,/Users/rahulmanchanda/Desktop/AI-Driven-Satellite-Image-Semantic-Search-and-Temporal-Change-Detection-System/data/raw/levir_cd/train/B/train_200.png,/Users/rahulmanchanda/Desktop/AI-Driven-Satellite-Image-Semantic-Search-and-Temporal-Change-Detection-System/data/raw/levir_cd/train/label/train_200.png,1024,1024,3,RGB,building_change,0,,True,,1024,1024,,,,,107468,0.10248947143554688,1.0.0,
train_201,LEVIR-CD,train_201.png,raw/levir_cd/train/A/train_201.png,train,/Users/rahulmanchanda/Desktop/AI-Driven-Satellite-Image-Semantic-Search-and-Temporal-Change-Detection-System/data/raw/levir_cd/train/A/train_201.png,/Users/rahulmanchanda/Desktop/AI-Driven-Satellite-Image-Semantic-Search-and-Temporal-Change-Detection-System/data/raw/levir_cd/train/B/train_201.png,/Users/rahulmanchanda/Desktop/AI-Driven-Satellite-Image-Semantic-Search-and-Temporal-Change-Detection-System/data/raw/levir_cd/train/label/train_201.png,1024,1024,3,RGB,building_change,0,,True,,1024,1024,,,,,192356,0.18344497680664062,1.0.0,
train_202,LEVIR-CD,train_202.png,raw/levir_cd/train/A/train_202.png,train,/Users/rahulmanchanda/Desktop/AI-Driven-Satellite-Image-Semantic-Search-and-Temporal-Change-Detection-System/data/raw/levir_cd/train/A/train_202.png,/Users/rahulmanchanda/Desktop/AI-Driven-Satellite-Image-Semantic-Search-and-Temporal-Change-Detection-System/data/raw/levir_cd/train/B/train_202.png,/Users/rahulmanchanda/Desktop/AI-Driven-Satellite-Image-Semantic-Search-and-Temporal-Change-Detection-System/data/raw/levir_cd/train/label/train_202.png,1024,1024,3,RGB,building_change,0,,True,,1024,1024,,,,,163442,0.1558704376220703,1.0.0,
train_203,LEVIR-CD,train_203.png,raw/levir_cd/train/A/train_203.png,train,/Users/rahulmanchanda/Desktop/AI-Driven-Satellite-Image-Semantic-Search-and-Temporal-Change-Detection-System/data/raw/levir_cd/train/A/train_203.png,/Users/rahulmanchanda/Desktop/AI-Driven-Satellite-Image-Semantic-Search-and-Temporal-Change-Detection-System/data/raw/levir_cd/train/B/train_203.png,/Users/rahulmanchanda/Desktop/AI-Driven-Satellite-Image-Semantic-Search-and-Temporal-Change-Detection-System/data/raw/levir_cd/train/label/train_203.png,1024,1024,3,RGB,building_change,0,,True,,1024,1024,,,,,22402,0.021364212036132812,1.0.0,
train_204,LEVIR-CD,train_204.png,raw/levir_cd/train/A/train_204.png,train,/Users/rahulmanchanda/Desktop/AI-Driven-Satellite-Image-Semantic-Search-and-Temporal-Change-Detection-System/data/raw/levir_cd/train/A/train_204.png,/Users/rahulmanchanda/Desktop/AI-Driven-Satellite-Image-Semantic-Search-and-Temporal-Change-Detection-System/data/raw/levir_cd/train/B/train_204.png,/Users/rahulmanchanda/Desktop/AI-Driven-Satellite-Image-Semantic-Search-and-Temporal-Change-Detection-System/data/raw/levir_cd/train/label/train_204.png,1024,1024,3,RGB,building_change,0,,True,,1024,1024,,,,,0,0.0,1.0.0,
train_205,LEVIR-CD,train_205.png,raw/levir_cd/train/A/train_205.png,train,/Users/rahulmanchanda/Desktop/AI-Driven-Satellite-Image-Semantic-Search-and-Temporal-Change-Detection-System/data/raw/levir_cd/train/A/train_205.png,/Users/rahulmanchanda/Desktop/AI-Driven-Satellite-Image-Semantic-Search-and-Temporal-Change-Detection-System/data/raw/levir_cd/train/B/train_205.png,/Users/rahulmanchanda/Desktop/AI-Driven-Satellite-Image-Semantic-Search-and-Temporal-Change-Detection-System/data/raw/levir_cd/train/label/train_205.png,1024,1024,3,RGB,building_change,0,,True,,1024,1024,,,,,0,0.0,1.0.0,
train_206,LEVIR-CD,train_206.png,raw/levir_cd/train/A/train_206.png,train,/Users/rahulmanchanda/Desktop/AI-Driven-Satellite-Image-Semantic-Search-and-Temporal-Change-Detection-System/data/raw/levir_cd/train/A/train_206.png,/Users/rahulmanchanda/Desktop/AI-Driven-Satellite-Image-Semantic-Search-and-Temporal-Change-Detection-System/data/raw/levir_cd/train/B/train_206.png,/Users/rahulmanchanda/Desktop/AI-Driven-Satellite-Image-Semantic-Search-and-Temporal-Change-Detection-System/data/raw/levir_cd/train/label/train_206.png,1024,1024,3,RGB,building_change,0,,True,,1024,1024,,,,,0,0.0,1.0.0,
train_207,LEVIR-CD,train_207.png,raw/levir_cd/train/A/train_207.png,train,/Users/rahulmanchanda/Desktop/AI-Driven-Satellite-Image-Semantic-Search-and-Temporal-Change-Detection-System/data/raw/levir_cd/train/A/train_207.png,/Users/rahulmanchanda/Desktop/AI-Driven-Satellite-Image-Semantic-Search-and-Temporal-Change-Detection-System/data/raw/levir_cd/train/B/train_207.png,/Users/rahulmanchanda/Desktop/AI-Driven-Satellite-Image-Semantic-Search-and-Temporal-Change-Detection-System/data/raw/levir_cd/train/label/train_207.png,1024,1024,3,RGB,building_change,0,,True,,1024,1024,,,,,635,0.0006055831909179688,1.0.0,
train_208,LEVIR-CD,train_208.png,raw/levir_cd/train/A/train_208.png,train,/Users/rahulmanchanda/Desktop/AI-Driven-Satellite-Image-Semantic-Search-and-Temporal-Change-Detection-System/data/raw/levir_cd/train/A/train_208.png,/Users/rahulmanchanda/Desktop/AI-Driven-Satellite-Image-Semantic-Search-and-Temporal-Change-Detection-System/data/raw/levir_cd/train/B/train_208.png,/Users/rahulmanchanda/Desktop/AI-Driven-Satellite-Image-Semantic-Search-and-Temporal-Change-Detection-System/data/raw/levir_cd/train/label/train_208.png,1024,1024,3,RGB,building_change,0,,True,,1024,1024,,,,,268,0.000255584716796875,1.0.0,
train_209,LEVIR-CD,train_209.png,raw/levir_cd/train/A/train_209.png,train,/Users/rahulmanchanda/Desktop/AI-Driven-Satellite-Image-Semantic-Search-and-Temporal-Change-Detection-System/data/raw/levir_cd/train/A/train_209.png,/Users/rahulmanchanda/Desktop/AI-Driven-Satellite-Image-Semantic-Search-and-Temporal-Change-Detection-System/data/raw/levir_cd/train/B/train_209.png,/Users/rahulmanchanda/Desktop/AI-Driven-Satellite-Image-Semantic-Search-and-Temporal-Change-Detection-System/data/raw/levir_cd/train/label/train_209.png,1024,1024,3,RGB,building_change,0,,True,,1024,1024,,,,,2585,0.0024652481079101562,1.0.0,
train_21,LEVIR-CD,train_21.png,raw/levir_cd/train/A/train_21.png,train,/Users/rahulmanchanda/Desktop/AI-Driven-Satellite-Image-Semantic-Search-and-Temporal-Change-Detection-System/data/raw/levir_cd/train/A/train_21.png,/Users/rahulmanchanda/Desktop/AI-Driven-Satellite-Image-Semantic-Search-and-Temporal-Change-Detection-System/data/raw/levir_cd/train/B/train_21.png,/Users/rahulmanchanda/Desktop/AI-Driven-Satellite-Image-Semantic-Search-and-Temporal-Change-Detection-System/data/raw/levir_cd/train/label/train_21.png,1024,1024,3,RGB,building_change,0,,True,,1024,1024,,,,,17114,0.016321182250976562,1.0.0,
train_210,LEVIR-CD,train_210.png,raw/levir_cd/train/A/train_210.png,train,/Users/rahulmanchanda/Desktop/AI-Driven-Satellite-Image-Semantic-Search-and-Temporal-Change-Detection-System/data/raw/levir_cd/train/A/train_210.png,/Users/rahulmanchanda/Desktop/AI-Driven-Satellite-Image-Semantic-Search-and-Temporal-Change-Detection-System/data/raw/levir_cd/train/B/train_210.png,/Users/rahulmanchanda/Desktop/AI-Driven-Satellite-Image-Semantic-Search-and-Temporal-Change-Detection-System/data/raw/levir_cd/train/label/train_210.png,1024,1024,3,RGB,building_change,0,,True,,1024,1024,,,,,27706,0.026422500610351562,1.0.0,
train_211,LEVIR-CD,train_211.png,raw/levir_cd/train/A/train_211.png,train,/Users/rahulmanchanda/Desktop/AI-Driven-Satellite-Image-Semantic-Search-and-Temporal-Change-Detection-System/data/raw/levir_cd/train/A/train_211.png,/Users/rahulmanchanda/Desktop/AI-Driven-Satellite-Image-Semantic-Search-and-Temporal-Change-Detection-System/data/raw/levir_cd/train/B/train_211.png,/Users/rahulmanchanda/Desktop/AI-Driven-Satellite-Image-Semantic-Search-and-Temporal-Change-Detection-System/data/raw/levir_cd/train/label/train_211.png,1024,1024,3,RGB,building_change,0,,True,,1024,1024,,,,,580,0.000553131103515625,1.0.0,
train_212,LEVIR-CD,train_212.png,raw/levir_cd/train/A/train_212.png,train,/Users/rahulmanchanda/Desktop/AI-Driven-Satellite-Image-Semantic-Search-and-Temporal-Change-Detection-System/data/raw/levir_cd/train/A/train_212.png,/Users/rahulmanchanda/Desktop/AI-Driven-Satellite-Image-Semantic-Search-and-Temporal-Change-Detection-System/data/raw/levir_cd/train/B/train_212.png,/Users/rahulmanchanda/Desktop/AI-Driven-Satellite-Image-Semantic-Search-and-Temporal-Change-Detection-System/data/raw/levir_cd/train/label/train_212.png,1024,1024,3,RGB,building_change,0,,True,,1024,1024,,,,,0,0.0,1.0.0,
train_213,LEVIR-CD,train_213.png,raw/levir_cd/train/A/train_213.png,train,/Users/rahulmanchanda/Desktop/AI-Driven-Satellite-Image-Semantic-Search-and-Temporal-Change-Detection-System/data/raw/levir_cd/train/A/train_213.png,/Users/rahulmanchanda/Desktop/AI-Driven-Satellite-Image-Semantic-Search-and-Temporal-Change-Detection-System/data/raw/levir_cd/train/B/train_213.png,/Users/rahulmanchanda/Desktop/AI-Driven-Satellite-Image-Semantic-Search-and-Temporal-Change-Detection-System/data/raw/levir_cd/train/label/train_213.png,1024,1024,3,RGB,building_change,0,,True,,1024,1024,,,,,0,0.0,1.0.0,
train_214,LEVIR-CD,train_214.png,raw/levir_cd/train/A/train_214.png,train,/Users/rahulmanchanda/Desktop/AI-Driven-Satellite-Image-Semantic-Search-and-Temporal-Change-Detection-System/data/raw/levir_cd/train/A/train_214.png,/Users/rahulmanchanda/Desktop/AI-Driven-Satellite-Image-Semantic-Search-and-Temporal-Change-Detection-System/data/raw/levir_cd/train/B/train_214.png,/Users/rahulmanchanda/Desktop/AI-Driven-Satellite-Image-Semantic-Search-and-Temporal-Change-Detection-System/data/raw/levir_cd/train/label/train_214.png,1024,1024,3,RGB,building_change,0,,True,,1024,1024,,,,,0,0.0,1.0.0,
train_215,LEVIR-CD,train_215.png,raw/levir_cd/train/A/train_215.png,train,/Users/rahulmanchanda/Desktop/AI-Driven-Satellite-Image-Semantic-Search-and-Temporal-Change-Detection-System/data/raw/levir_cd/train/A/train_215.png,/Users/rahulmanchanda/Desktop/AI-Driven-Satellite-Image-Semantic-Search-and-Temporal-Change-Detection-System/data/raw/levir_cd/train/B/train_215.png,/Users/rahulmanchanda/Desktop/AI-Driven-Satellite-Image-Semantic-Search-and-Temporal-Change-Detection-System/data/raw/levir_cd/train/label/train_215.png,1024,1024,3,RGB,building_change,0,,True,,1024,1024,,,,,2283,0.0021772384643554688,1.0.0,
train_216,LEVIR-CD,train_216.png,raw/levir_cd/train/A/train_216.png,train,/Users/rahulmanchanda/Desktop/AI-Driven-Satellite-Image-Semantic-Search-and-Temporal-Change-Detection-System/data/raw/levir_cd/train/A/train_216.png,/Users/rahulmanchanda/Desktop/AI-Driven-Satellite-Image-Semantic-Search-and-Temporal-Change-Detection-System/data/raw/levir_cd/train/B/train_216.png,/Users/rahulmanchanda/Desktop/AI-Driven-Satellite-Image-Semantic-Search-and-Temporal-Change-Detection-System/data/raw/levir_cd/train/label/train_216.png,1024,1024,3,RGB,building_change,0,,True,,1024,1024,,,,,1193,0.0011377334594726562,1.0.0,
train_217,LEVIR-CD,train_217.png,raw/levir_cd/train/A/train_217.png,train,/Users/rahulmanchanda/Desktop/AI-Driven-Satellite-Image-Semantic-Search-and-Temporal-Change-Detection-System/data/raw/levir_cd/train/A/train_217.png,/Users/rahulmanchanda/Desktop/AI-Driven-Satellite-Image-Semantic-Search-and-Temporal-Change-Detection-System/data/raw/levir_cd/train/B/train_217.png,/Users/rahulmanchanda/Desktop/AI-Driven-Satellite-Image-Semantic-Search-and-Temporal-Change-Detection-System/data/raw/levir_cd/train/label/train_217.png,1024,1024,3,RGB,building_change,0,,True,,1024,1024,,,,,0,0.0,1.0.0,
train_218,LEVIR-CD,train_218.png,raw/levir_cd/train/A/train_218.png,train,/Users/rahulmanchanda/Desktop/AI-Driven-Satellite-Image-Semantic-Search-and-Temporal-Change-Detection-System/data/raw/levir_cd/train/A/train_218.png,/Users/rahulmanchanda/Desktop/AI-Driven-Satellite-Image-Semantic-Search-and-Temporal-Change-Detection-System/data/raw/levir_cd/train/B/train_218.png,/Users/rahulmanchanda/Desktop/AI-Driven-Satellite-Image-Semantic-Search-and-Temporal-Change-Detection-System/data/raw/levir_cd/train/label/train_218.png,1024,1024,3,RGB,building_change,0,,True,,1024,1024,,,,,0,0.0,1.0.0,
train_219,LEVIR-CD,train_219.png,raw/levir_cd/train/A/train_219.png,train,/Users/rahulmanchanda/Desktop/AI-Driven-Satellite-Image-Semantic-Search-and-Temporal-Change-Detection-System/data/raw/levir_cd/train/A/train_219.png,/Users/rahulmanchanda/Desktop/AI-Driven-Satellite-Image-Semantic-Search-and-Temporal-Change-Detection-System/data/raw/levir_cd/train/B/train_219.png,/Users/rahulmanchanda/Desktop/AI-Driven-Satellite-Image-Semantic-Search-and-Temporal-Change-Detection-System/data/raw/levir_cd/train/label/train_219.png,1024,1024,3,RGB,building_change,0,,True,,1024,1024,,,,,0,0.0,1.0.0,
train_22,LEVIR-CD,train_22.png,raw/levir_cd/train/A/train_22.png,train,/Users/rahulmanchanda/Desktop/AI-Driven-Satellite-Image-Semantic-Search-and-Temporal-Change-Detection-System/data/raw/levir_cd/train/A/train_22.png,/Users/rahulmanchanda/Desktop/AI-Driven-Satellite-Image-Semantic-Search-and-Temporal-Change-Detection-System/data/raw/levir_cd/train/B/train_22.png,/Users/rahulmanchanda/Desktop/AI-Driven-Satellite-Image-Semantic-Search-and-Temporal-Change-Detection-System/data/raw/levir_cd/train/label/train_22.png,1024,1024,3,RGB,building_change,0,,True,,1024,1024,,,,,9955,0.009493827819824219,1.0.0,
train_220,LEVIR-CD,train_220.png,raw/levir_cd/train/A/train_220.png,train,/Users/rahulmanchanda/Desktop/AI-Driven-Satellite-Image-Semantic-Search-and-Temporal-Change-Detection-System/data/raw/levir_cd/train/A/train_220.png,/Users/rahulmanchanda/Desktop/AI-Driven-Satellite-Image-Semantic-Search-and-Temporal-Change-Detection-System/data/raw/levir_cd/train/B/train_220.png,/Users/rahulmanchanda/Desktop/AI-Driven-Satellite-Image-Semantic-Search-and-Temporal-Change-Detection-System/data/raw/levir_cd/train/label/train_220.png,1024,1024,3,RGB,building_change,0,,True,,1024,1024,,,,,67741,0.06460285186767578,1.0.0,
train_221,LEVIR-CD,train_221.png,raw/levir_cd/train/A/train_221.png,train,/Users/rahulmanchanda/Desktop/AI-Driven-Satellite-Image-Semantic-Search-and-Temporal-Change-Detection-System/data/raw/levir_cd/train/A/train_221.png,/Users/rahulmanchanda/Desktop/AI-Driven-Satellite-Image-Semantic-Search-and-Temporal-Change-Detection-System/data/raw/levir_cd/train/B/train_221.png,/Users/rahulmanchanda/Desktop/AI-Driven-Satellite-Image-Semantic-Search-and-Temporal-Change-Detection-System/data/raw/levir_cd/train/label/train_221.png,1024,1024,3,RGB,building_change,0,,True,,1024,1024,,,,,0,0.0,1.0.0,
train_222,LEVIR-CD,train_222.png,raw/levir_cd/train/A/train_222.png,train,/Users/rahulmanchanda/Desktop/AI-Driven-Satellite-Image-Semantic-Search-and-Temporal-Change-Detection-System/data/raw/levir_cd/train/A/train_222.png,/Users/rahulmanchanda/Desktop/AI-Driven-Satellite-Image-Semantic-Search-and-Temporal-Change-Detection-System/data/raw/levir_cd/train/B/train_222.png,/Users/rahulmanchanda/Desktop/AI-Driven-Satellite-Image-Semantic-Search-and-Temporal-Change-Detection-System/data/raw/levir_cd/train/label/train_222.png,1024,1024,3,RGB,building_change,0,,True,,1024,1024,,,,,17431,0.016623497009277344,1.0.0,
train_223,LEVIR-CD,train_223.png,raw/levir_cd/train/A/train_223.png,train,/Users/rahulmanchanda/Desktop/AI-Driven-Satellite-Image-Semantic-Search-and-Temporal-Change-Detection-System/data/raw/levir_cd/train/A/train_223.png,/Users/rahulmanchanda/Desktop/AI-Driven-Satellite-Image-Semantic-Search-and-Temporal-Change-Detection-System/data/raw/levir_cd/train/B/train_223.png,/Users/rahulmanchanda/Desktop/AI-Driven-Satellite-Image-Semantic-Search-and-Temporal-Change-Detection-System/data/raw/levir_cd/train/label/train_223.png,1024,1024,3,RGB,building_change,0,,True,,1024,1024,,,,,23369,0.022286415100097656,1.0.0,
train_224,LEVIR-CD,train_224.png,raw/levir_cd/train/A/train_224.png,train,/Users/rahulmanchanda/Desktop/AI-Driven-Satellite-Image-Semantic-Search-and-Temporal-Change-Detection-System/data/raw/levir_cd/train/A/train_224.png,/Users/rahulmanchanda/Desktop/AI-Driven-Satellite-Image-Semantic-Search-and-Temporal-Change-Detection-System/data/raw/levir_cd/train/B/train_224.png,/Users/rahulmanchanda/Desktop/AI-Driven-Satellite-Image-Semantic-Search-and-Temporal-Change-Detection-System/data/raw/levir_cd/train/label/train_224.png,1024,1024,3,RGB,building_change,0,,True,,1024,1024,,,,,43001,0.041008949279785156,1.0.0,
train_225,LEVIR-CD,train_225.png,raw/levir_cd/train/A/train_225.png,train,/Users/rahulmanchanda/Desktop/AI-Driven-Satellite-Image-Semantic-Search-and-Temporal-Change-Detection-System/data/raw/levir_cd/train/A/train_225.png,/Users/rahulmanchanda/Desktop/AI-Driven-Satellite-Image-Semantic-Search-and-Temporal-Change-Detection-System/data/raw/levir_cd/train/B/train_225.png,/Users/rahulmanchanda/Desktop/AI-Driven-Satellite-Image-Semantic-Search-and-Temporal-Change-Detection-System/data/raw/levir_cd/train/label/train_225.png,1024,1024,3,RGB,building_change,0,,True,,1024,1024,,,,,33389,0.03184223175048828,1.0.0,
train_226,LEVIR-CD,train_226.png,raw/levir_cd/train/A/train_226.png,train,/Users/rahulmanchanda/Desktop/AI-Driven-Satellite-Image-Semantic-Search-and-Temporal-Change-Detection-System/data/raw/levir_cd/train/A/train_226.png,/Users/rahulmanchanda/Desktop/AI-Driven-Satellite-Image-Semantic-Search-and-Temporal-Change-Detection-System/data/raw/levir_cd/train/B/train_226.png,/Users/rahulmanchanda/Desktop/AI-Driven-Satellite-Image-Semantic-Search-and-Temporal-Change-Detection-System/data/raw/levir_cd/train/label/train_226.png,1024,1024,3,RGB,building_change,0,,True,,1024,1024,,,,,63991,0.061026573181152344,1.0.0,
train_227,LEVIR-CD,train_227.png,raw/levir_cd/train/A/train_227.png,train,/Users/rahulmanchanda/Desktop/AI-Driven-Satellite-Image-Semantic-Search-and-Temporal-Change-Detection-System/data/raw/levir_cd/train/A/train_227.png,/Users/rahulmanchanda/Desktop/AI-Driven-Satellite-Image-Semantic-Search-and-Temporal-Change-Detection-System/data/raw/levir_cd/train/B/train_227.png,/Users/rahulmanchanda/Desktop/AI-Driven-Satellite-Image-Semantic-Search-and-Temporal-Change-Detection-System/data/raw/levir_cd/train/label/train_227.png,1024,1024,3,RGB,building_change,0,,True,,1024,1024,,,,,52596,0.050159454345703125,1.0.0,
train_228,LEVIR-CD,train_228.png,raw/levir_cd/train/A/train_228.png,train,/Users/rahulmanchanda/Desktop/AI-Driven-Satellite-Image-Semantic-Search-and-Temporal-Change-Detection-System/data/raw/levir_cd/train/A/train_228.png,/Users/rahulmanchanda/Desktop/AI-Driven-Satellite-Image-Semantic-Search-and-Temporal-Change-Detection-System/data/raw/levir_cd/train/B/train_228.png,/Users/rahulmanchanda/Desktop/AI-Driven-Satellite-Image-Semantic-Search-and-Temporal-Change-Detection-System/data/raw/levir_cd/train/label/train_228.png,1024,1024,3,RGB,building_change,0,,True,,1024,1024,,,,,21984,0.020965576171875,1.0.0,
train_229,LEVIR-CD,train_229.png,raw/levir_cd/train/A/train_229.png,train,/Users/rahulmanchanda/Desktop/AI-Driven-Satellite-Image-Semantic-Search-and-Temporal-Change-Detection-System/data/raw/levir_cd/train/A/train_229.png,/Users/rahulmanchanda/Desktop/AI-Driven-Satellite-Image-Semantic-Search-and-Temporal-Change-Detection-System/data/raw/levir_cd/train/B/train_229.png,/Users/rahulmanchanda/Desktop/AI-Driven-Satellite-Image-Semantic-Search-and-Temporal-Change-Detection-System/data/raw/levir_cd/train/label/train_229.png,1024,1024,3,RGB,building_change,0,,True,,1024,1024,,,,,228663,0.21807003021240234,1.0.0,
train_23,LEVIR-CD,train_23.png,raw/levir_cd/train/A/train_23.png,train,/Users/rahulmanchanda/Desktop/AI-Driven-Satellite-Image-Semantic-Search-and-Temporal-Change-Detection-System/data/raw/levir_cd/train/A/train_23.png,/Users/rahulmanchanda/Desktop/AI-Driven-Satellite-Image-Semantic-Search-and-Temporal-Change-Detection-System/data/raw/levir_cd/train/B/train_23.png,/Users/rahulmanchanda/Desktop/AI-Driven-Satellite-Image-Semantic-Search-and-Temporal-Change-Detection-System/data/raw/levir_cd/train/label/train_23.png,1024,1024,3,RGB,building_change,0,,True,,1024,1024,,,,,43163,0.04116344451904297,1.0.0,
train_230,LEVIR-CD,train_230.png,raw/levir_cd/train/A/train_230.png,train,/Users/rahulmanchanda/Desktop/AI-Driven-Satellite-Image-Semantic-Search-and-Temporal-Change-Detection-System/data/raw/levir_cd/train/A/train_230.png,/Users/rahulmanchanda/Desktop/AI-Driven-Satellite-Image-Semantic-Search-and-Temporal-Change-Detection-System/data/raw/levir_cd/train/B/train_230.png,/Users/rahulmanchanda/Desktop/AI-Driven-Satellite-Image-Semantic-Search-and-Temporal-Change-Detection-System/data/raw/levir_cd/train/label/train_230.png,1024,1024,3,RGB,building_change,0,,True,,1024,1024,,,,,24262,0.023138046264648438,1.0.0,
train_231,LEVIR-CD,train_231.png,raw/levir_cd/train/A/train_231.png,train,/Users/rahulmanchanda/Desktop/AI-Driven-Satellite-Image-Semantic-Search-and-Temporal-Change-Detection-System/data/raw/levir_cd/train/A/train_231.png,/Users/rahulmanchanda/Desktop/AI-Driven-Satellite-Image-Semantic-Search-and-Temporal-Change-Detection-System/data/raw/levir_cd/train/B/train_231.png,/Users/rahulmanchanda/Desktop/AI-Driven-Satellite-Image-Semantic-Search-and-Temporal-Change-Detection-System/data/raw/levir_cd/train/label/train_231.png,1024,1024,3,RGB,building_change,0,,True,,1024,1024,,,,,209830,0.20010948181152344,1.0.0,
train_232,LEVIR-CD,train_232.png,raw/levir_cd/train/A/train_232.png,train,/Users/rahulmanchanda/Desktop/AI-Driven-Satellite-Image-Semantic-Search-and-Temporal-Change-Detection-System/data/raw/levir_cd/train/A/train_232.png,/Users/rahulmanchanda/Desktop/AI-Driven-Satellite-Image-Semantic-Search-and-Temporal-Change-Detection-System/data/raw/levir_cd/train/B/train_232.png,/Users/rahulmanchanda/Desktop/AI-Driven-Satellite-Image-Semantic-Search-and-Temporal-Change-Detection-System/data/raw/levir_cd/train/label/train_232.png,1024,1024,3,RGB,building_change,0,,True,,1024,1024,,,,,21753,0.020745277404785156,1.0.0,
train_233,LEVIR-CD,train_233.png,raw/levir_cd/train/A/train_233.png,train,/Users/rahulmanchanda/Desktop/AI-Driven-Satellite-Image-Semantic-Search-and-Temporal-Change-Detection-System/data/raw/levir_cd/train/A/train_233.png,/Users/rahulmanchanda/Desktop/AI-Driven-Satellite-Image-Semantic-Search-and-Temporal-Change-Detection-System/data/raw/levir_cd/train/B/train_233.png,/Users/rahulmanchanda/Desktop/AI-Driven-Satellite-Image-Semantic-Search-and-Temporal-Change-Detection-System/data/raw/levir_cd/train/label/train_233.png,1024,1024,3,RGB,building_change,0,,True,,1024,1024,,,,,138646,0.13222312927246094,1.0.0,
train_234,LEVIR-CD,train_234.png,raw/levir_cd/train/A/train_234.png,train,/Users/rahulmanchanda/Desktop/AI-Driven-Satellite-Image-Semantic-Search-and-Temporal-Change-Detection-System/data/raw/levir_cd/train/A/train_234.png,/Users/rahulmanchanda/Desktop/AI-Driven-Satellite-Image-Semantic-Search-and-Temporal-Change-Detection-System/data/raw/levir_cd/train/B/train_234.png,/Users/rahulmanchanda/Desktop/AI-Driven-Satellite-Image-Semantic-Search-and-Temporal-Change-Detection-System/data/raw/levir_cd/train/label/train_234.png,1024,1024,3,RGB,building_change,0,,True,,1024,1024,,,,,26803,0.02556133270263672,1.0.0,
train_235,LEVIR-CD,train_235.png,raw/levir_cd/train/A/train_235.png,train,/Users/rahulmanchanda/Desktop/AI-Driven-Satellite-Image-Semantic-Search-and-Temporal-Change-Detection-System/data/raw/levir_cd/train/A/train_235.png,/Users/rahulmanchanda/Desktop/AI-Driven-Satellite-Image-Semantic-Search-and-Temporal-Change-Detection-System/data/raw/levir_cd/train/B/train_235.png,/Users/rahulmanchanda/Desktop/AI-Driven-Satellite-Image-Semantic-Search-and-Temporal-Change-Detection-System/data/raw/levir_cd/train/label/train_235.png,1024,1024,3,RGB,building_change,0,,True,,1024,1024,,,,,39506,0.03767585754394531,1.0.0,
train_236,LEVIR-CD,train_236.png,raw/levir_cd/train/A/train_236.png,train,/Users/rahulmanchanda/Desktop/AI-Driven-Satellite-Image-Semantic-Search-and-Temporal-Change-Detection-System/data/raw/levir_cd/train/A/train_236.png,/Users/rahulmanchanda/Desktop/AI-Driven-Satellite-Image-Semantic-Search-and-Temporal-Change-Detection-System/data/raw/levir_cd/train/B/train_236.png,/Users/rahulmanchanda/Desktop/AI-Driven-Satellite-Image-Semantic-Search-and-Temporal-Change-Detection-System/data/raw/levir_cd/train/label/train_236.png,1024,1024,3,RGB,building_change,0,,True,,1024,1024,,,,,14738,0.014055252075195312,1.0.0,
train_237,LEVIR-CD,train_237.png,raw/levir_cd/train/A/train_237.png,train,/Users/rahulmanchanda/Desktop/AI-Driven-Satellite-Image-Semantic-Search-and-Temporal-Change-Detection-System/data/raw/levir_cd/train/A/train_237.png,/Users/rahulmanchanda/Desktop/AI-Driven-Satellite-Image-Semantic-Search-and-Temporal-Change-Detection-System/data/raw/levir_cd/train/B/train_237.png,/Users/rahulmanchanda/Desktop/AI-Driven-Satellite-Image-Semantic-Search-and-Temporal-Change-Detection-System/data/raw/levir_cd/train/label/train_237.png,1024,1024,3,RGB,building_change,0,,True,,1024,1024,,,,,29524,0.028156280517578125,1.0.0,
train_238,LEVIR-CD,train_238.png,raw/levir_cd/train/A/train_238.png,train,/Users/rahulmanchanda/Desktop/AI-Driven-Satellite-Image-Semantic-Search-and-Temporal-Change-Detection-System/data/raw/levir_cd/train/A/train_238.png,/Users/rahulmanchanda/Desktop/AI-Driven-Satellite-Image-Semantic-Search-and-Temporal-Change-Detection-System/data/raw/levir_cd/train/B/train_238.png,/Users/rahulmanchanda/Desktop/AI-Driven-Satellite-Image-Semantic-Search-and-Temporal-Change-Detection-System/data/raw/levir_cd/train/label/train_238.png,1024,1024,3,RGB,building_change,0,,True,,1024,1024,,,,,54455,0.051932334899902344,1.0.0,
train_239,LEVIR-CD,train_239.png,raw/levir_cd/train/A/train_239.png,train,/Users/rahulmanchanda/Desktop/AI-Driven-Satellite-Image-Semantic-Search-and-Temporal-Change-Detection-System/data/raw/levir_cd/train/A/train_239.png,/Users/rahulmanchanda/Desktop/AI-Driven-Satellite-Image-Semantic-Search-and-Temporal-Change-Detection-System/data/raw/levir_cd/train/B/train_239.png,/Users/rahulmanchanda/Desktop/AI-Driven-Satellite-Image-Semantic-Search-and-Temporal-Change-Detection-System/data/raw/levir_cd/train/label/train_239.png,1024,1024,3,RGB,building_change,0,,True,,1024,1024,,,,,63336,0.06040191650390625,1.0.0,
train_24,LEVIR-CD,train_24.png,raw/levir_cd/train/A/train_24.png,train,/Users/rahulmanchanda/Desktop/AI-Driven-Satellite-Image-Semantic-Search-and-Temporal-Change-Detection-System/data/raw/levir_cd/train/A/train_24.png,/Users/rahulmanchanda/Desktop/AI-Driven-Satellite-Image-Semantic-Search-and-Temporal-Change-Detection-System/data/raw/levir_cd/train/B/train_24.png,/Users/rahulmanchanda/Desktop/AI-Driven-Satellite-Image-Semantic-Search-and-Temporal-Change-Detection-System/data/raw/levir_cd/train/label/train_24.png,1024,1024,3,RGB,building_change,0,,True,,1024,1024,,,,,94580,0.09019851684570312,1.0.0,
train_240,LEVIR-CD,train_240.png,raw/levir_cd/train/A/train_240.png,train,/Users/rahulmanchanda/Desktop/AI-Driven-Satellite-Image-Semantic-Search-and-Temporal-Change-Detection-System/data/raw/levir_cd/train/A/train_240.png,/Users/rahulmanchanda/Desktop/AI-Driven-Satellite-Image-Semantic-Search-and-Temporal-Change-Detection-System/data/raw/levir_cd/train/B/train_240.png,/Users/rahulmanchanda/Desktop/AI-Driven-Satellite-Image-Semantic-Search-and-Temporal-Change-Detection-System/data/raw/levir_cd/train/label/train_240.png,1024,1024,3,RGB,building_change,0,,True,,1024,1024,,,,,19998,0.019071578979492188,1.0.0,
train_241,LEVIR-CD,train_241.png,raw/levir_cd/train/A/train_241.png,train,/Users/rahulmanchanda/Desktop/AI-Driven-Satellite-Image-Semantic-Search-and-Temporal-Change-Detection-System/data/raw/levir_cd/train/A/train_241.png,/Users/rahulmanchanda/Desktop/AI-Driven-Satellite-Image-Semantic-Search-and-Temporal-Change-Detection-System/data/raw/levir_cd/train/B/train_241.png,/Users/rahulmanchanda/Desktop/AI-Driven-Satellite-Image-Semantic-Search-and-Temporal-Change-Detection-System/data/raw/levir_cd/train/label/train_241.png,1024,1024,3,RGB,building_change,0,,True,,1024,1024,,,,,109583,0.1045064926147461,1.0.0,
train_242,LEVIR-CD,train_242.png,raw/levir_cd/train/A/train_242.png,train,/Users/rahulmanchanda/Desktop/AI-Driven-Satellite-Image-Semantic-Search-and-Temporal-Change-Detection-System/data/raw/levir_cd/train/A/train_242.png,/Users/rahulmanchanda/Desktop/AI-Driven-Satellite-Image-Semantic-Search-and-Temporal-Change-Detection-System/data/raw/levir_cd/train/B/train_242.png,/Users/rahulmanchanda/Desktop/AI-Driven-Satellite-Image-Semantic-Search-and-Temporal-Change-Detection-System/data/raw/levir_cd/train/label/train_242.png,1024,1024,3,RGB,building_change,0,,True,,1024,1024,,,,,118146,0.11267280578613281,1.0.0,
train_243,LEVIR-CD,train_243.png,raw/levir_cd/train/A/train_243.png,train,/Users/rahulmanchanda/Desktop/AI-Driven-Satellite-Image-Semantic-Search-and-Temporal-Change-Detection-System/data/raw/levir_cd/train/A/train_243.png,/Users/rahulmanchanda/Desktop/AI-Driven-Satellite-Image-Semantic-Search-and-Temporal-Change-Detection-System/data/raw/levir_cd/train/B/train_243.png,/Users/rahulmanchanda/Desktop/AI-Driven-Satellite-Image-Semantic-Search-and-Temporal-Change-Detection-System/data/raw/levir_cd/train/label/train_243.png,1024,1024,3,RGB,building_change,0,,True,,1024,1024,,,,,159091,0.15172100067138672,1.0.0,
train_244,LEVIR-CD,train_244.png,raw/levir_cd/train/A/train_244.png,train,/Users/rahulmanchanda/Desktop/AI-Driven-Satellite-Image-Semantic-Search-and-Temporal-Change-Detection-System/data/raw/levir_cd/train/A/train_244.png,/Users/rahulmanchanda/Desktop/AI-Driven-Satellite-Image-Semantic-Search-and-Temporal-Change-Detection-System/data/raw/levir_cd/train/B/train_244.png,/Users/rahulmanchanda/Desktop/AI-Driven-Satellite-Image-Semantic-Search-and-Temporal-Change-Detection-System/data/raw/levir_cd/train/label/train_244.png,1024,1024,3,RGB,building_change,0,,True,,1024,1024,,,,,15661,0.014935493469238281,1.0.0,
train_245,LEVIR-CD,train_245.png,raw/levir_cd/train/A/train_245.png,train,/Users/rahulmanchanda/Desktop/AI-Driven-Satellite-Image-Semantic-Search-and-Temporal-Change-Detection-System/data/raw/levir_cd/train/A/train_245.png,/Users/rahulmanchanda/Desktop/AI-Driven-Satellite-Image-Semantic-Search-and-Temporal-Change-Detection-System/data/raw/levir_cd/train/B/train_245.png,/Users/rahulmanchanda/Desktop/AI-Driven-Satellite-Image-Semantic-Search-and-Temporal-Change-Detection-System/data/raw/levir_cd/train/label/train_245.png,1024,1024,3,RGB,building_change,0,,True,,1024,1024,,,,,65401,0.062371253967285156,1.0.0,
train_246,LEVIR-CD,train_246.png,raw/levir_cd/train/A/train_246.png,train,/Users/rahulmanchanda/Desktop/AI-Driven-Satellite-Image-Semantic-Search-and-Temporal-Change-Detection-System/data/raw/levir_cd/train/A/train_246.png,/Users/rahulmanchanda/Desktop/AI-Driven-Satellite-Image-Semantic-Search-and-Temporal-Change-Detection-System/data/raw/levir_cd/train/B/train_246.png,/Users/rahulmanchanda/Desktop/AI-Driven-Satellite-Image-Semantic-Search-and-Temporal-Change-Detection-System/data/raw/levir_cd/train/label/train_246.png,1024,1024,3,RGB,building_change,0,,True,,1024,1024,,,,,31021,0.02958393096923828,1.0.0,
train_247,LEVIR-CD,train_247.png,raw/levir_cd/train/A/train_247.png,train,/Users/rahulmanchanda/Desktop/AI-Driven-Satellite-Image-Semantic-Search-and-Temporal-Change-Detection-System/data/raw/levir_cd/train/A/train_247.png,/Users/rahulmanchanda/Desktop/AI-Driven-Satellite-Image-Semantic-Search-and-Temporal-Change-Detection-System/data/raw/levir_cd/train/B/train_247.png,/Users/rahulmanchanda/Desktop/AI-Driven-Satellite-Image-Semantic-Search-and-Temporal-Change-Detection-System/data/raw/levir_cd/train/label/train_247.png,1024,1024,3,RGB,building_change,0,,True,,1024,1024,,,,,9111,0.008688926696777344,1.0.0,
train_248,LEVIR-CD,train_248.png,raw/levir_cd/train/A/train_248.png,train,/Users/rahulmanchanda/Desktop/AI-Driven-Satellite-Image-Semantic-Search-and-Temporal-Change-Detection-System/data/raw/levir_cd/train/A/train_248.png,/Users/rahulmanchanda/Desktop/AI-Driven-Satellite-Image-Semantic-Search-and-Temporal-Change-Detection-System/data/raw/levir_cd/train/B/train_248.png,/Users/rahulmanchanda/Desktop/AI-Driven-Satellite-Image-Semantic-Search-and-Temporal-Change-Detection-System/data/raw/levir_cd/train/label/train_248.png,1024,1024,3,RGB,building_change,0,,True,,1024,1024,,,,,79532,0.07584762573242188,1.0.0,
train_249,LEVIR-CD,train_249.png,raw/levir_cd/train/A/train_249.png,train,/Users/rahulmanchanda/Desktop/AI-Driven-Satellite-Image-Semantic-Search-and-Temporal-Change-Detection-System/data/raw/levir_cd/train/A/train_249.png,/Users/rahulmanchanda/Desktop/AI-Driven-Satellite-Image-Semantic-Search-and-Temporal-Change-Detection-System/data/raw/levir_cd/train/B/train_249.png,/Users/rahulmanchanda/Desktop/AI-Driven-Satellite-Image-Semantic-Search-and-Temporal-Change-Detection-System/data/raw/levir_cd/train/label/train_249.png,1024,1024,3,RGB,building_change,0,,True,,1024,1024,,,,,22149,0.02112293243408203,1.0.0,
train_25,LEVIR-CD,train_25.png,raw/levir_cd/train/A/train_25.png,train,/Users/rahulmanchanda/Desktop/AI-Driven-Satellite-Image-Semantic-Search-and-Temporal-Change-Detection-System/data/raw/levir_cd/train/A/train_25.png,/Users/rahulmanchanda/Desktop/AI-Driven-Satellite-Image-Semantic-Search-and-Temporal-Change-Detection-System/data/raw/levir_cd/train/B/train_25.png,/Users/rahulmanchanda/Desktop/AI-Driven-Satellite-Image-Semantic-Search-and-Temporal-Change-Detection-System/data/raw/levir_cd/train/label/train_25.png,1024,1024,3,RGB,building_change,0,,True,,1024,1024,,,,,23086,0.022016525268554688,1.0.0,
train_250,LEVIR-CD,train_250.png,raw/levir_cd/train/A/train_250.png,train,/Users/rahulmanchanda/Desktop/AI-Driven-Satellite-Image-Semantic-Search-and-Temporal-Change-Detection-System/data/raw/levir_cd/train/A/train_250.png,/Users/rahulmanchanda/Desktop/AI-Driven-Satellite-Image-Semantic-Search-and-Temporal-Change-Detection-System/data/raw/levir_cd/train/B/train_250.png,/Users/rahulmanchanda/Desktop/AI-Driven-Satellite-Image-Semantic-Search-and-Temporal-Change-Detection-System/data/raw/levir_cd/train/label/train_250.png,1024,1024,3,RGB,building_change,0,,True,,1024,1024,,,,,3160,0.00301361083984375,1.0.0,
train_251,LEVIR-CD,train_251.png,raw/levir_cd/train/A/train_251.png,train,/Users/rahulmanchanda/Desktop/AI-Driven-Satellite-Image-Semantic-Search-and-Temporal-Change-Detection-System/data/raw/levir_cd/train/A/train_251.png,/Users/rahulmanchanda/Desktop/AI-Driven-Satellite-Image-Semantic-Search-and-Temporal-Change-Detection-System/data/raw/levir_cd/train/B/train_251.png,/Users/rahulmanchanda/Desktop/AI-Driven-Satellite-Image-Semantic-Search-and-Temporal-Change-Detection-System/data/raw/levir_cd/train/label/train_251.png,1024,1024,3,RGB,building_change,0,,True,,1024,1024,,,,,0,0.0,1.0.0,
train_252,LEVIR-CD,train_252.png,raw/levir_cd/train/A/train_252.png,train,/Users/rahulmanchanda/Desktop/AI-Driven-Satellite-Image-Semantic-Search-and-Temporal-Change-Detection-System/data/raw/levir_cd/train/A/train_252.png,/Users/rahulmanchanda/Desktop/AI-Driven-Satellite-Image-Semantic-Search-and-Temporal-Change-Detection-System/data/raw/levir_cd/train/B/train_252.png,/Users/rahulmanchanda/Desktop/AI-Driven-Satellite-Image-Semantic-Search-and-Temporal-Change-Detection-System/data/raw/levir_cd/train/label/train_252.png,1024,1024,3,RGB,building_change,0,,True,,1024,1024,,,,,63373,0.06043720245361328,1.0.0,
train_253,LEVIR-CD,train_253.png,raw/levir_cd/train/A/train_253.png,train,/Users/rahulmanchanda/Desktop/AI-Driven-Satellite-Image-Semantic-Search-and-Temporal-Change-Detection-System/data/raw/levir_cd/train/A/train_253.png,/Users/rahulmanchanda/Desktop/AI-Driven-Satellite-Image-Semantic-Search-and-Temporal-Change-Detection-System/data/raw/levir_cd/train/B/train_253.png,/Users/rahulmanchanda/Desktop/AI-Driven-Satellite-Image-Semantic-Search-and-Temporal-Change-Detection-System/data/raw/levir_cd/train/label/train_253.png,1024,1024,3,RGB,building_change,0,,True,,1024,1024,,,,,38998,0.03719139099121094,1.0.0,
train_254,LEVIR-CD,train_254.png,raw/levir_cd/train/A/train_254.png,train,/Users/rahulmanchanda/Desktop/AI-Driven-Satellite-Image-Semantic-Search-and-Temporal-Change-Detection-System/data/raw/levir_cd/train/A/train_254.png,/Users/rahulmanchanda/Desktop/AI-Driven-Satellite-Image-Semantic-Search-and-Temporal-Change-Detection-System/data/raw/levir_cd/train/B/train_254.png,/Users/rahulmanchanda/Desktop/AI-Driven-Satellite-Image-Semantic-Search-and-Temporal-Change-Detection-System/data/raw/levir_cd/train/label/train_254.png,1024,1024,3,RGB,building_change,0,,True,,1024,1024,,,,,7002,0.0066776275634765625,1.0.0,
train_255,LEVIR-CD,train_255.png,raw/levir_cd/train/A/train_255.png,train,/Users/rahulmanchanda/Desktop/AI-Driven-Satellite-Image-Semantic-Search-and-Temporal-Change-Detection-System/data/raw/levir_cd/train/A/train_255.png,/Users/rahulmanchanda/Desktop/AI-Driven-Satellite-Image-Semantic-Search-and-Temporal-Change-Detection-System/data/raw/levir_cd/train/B/train_255.png,/Users/rahulmanchanda/Desktop/AI-Driven-Satellite-Image-Semantic-Search-and-Temporal-Change-Detection-System/data/raw/levir_cd/train/label/train_255.png,1024,1024,3,RGB,building_change,0,,True,,1024,1024,,,,,46098,0.04396247863769531,1.0.0,
train_256,LEVIR-CD,train_256.png,raw/levir_cd/train/A/train_256.png,train,/Users/rahulmanchanda/Desktop/AI-Driven-Satellite-Image-Semantic-Search-and-Temporal-Change-Detection-System/data/raw/levir_cd/train/A/train_256.png,/Users/rahulmanchanda/Desktop/AI-Driven-Satellite-Image-Semantic-Search-and-Temporal-Change-Detection-System/data/raw/levir_cd/train/B/train_256.png,/Users/rahulmanchanda/Desktop/AI-Driven-Satellite-Image-Semantic-Search-and-Temporal-Change-Detection-System/data/raw/levir_cd/train/label/train_256.png,1024,1024,3,RGB,building_change,0,,True,,1024,1024,,,,,37807,0.036055564880371094,1.0.0,
train_257,LEVIR-CD,train_257.png,raw/levir_cd/train/A/train_257.png,train,/Users/rahulmanchanda/Desktop/AI-Driven-Satellite-Image-Semantic-Search-and-Temporal-Change-Detection-System/data/raw/levir_cd/train/A/train_257.png,/Users/rahulmanchanda/Desktop/AI-Driven-Satellite-Image-Semantic-Search-and-Temporal-Change-Detection-System/data/raw/levir_cd/train/B/train_257.png,/Users/rahulmanchanda/Desktop/AI-Driven-Satellite-Image-Semantic-Search-and-Temporal-Change-Detection-System/data/raw/levir_cd/train/label/train_257.png,1024,1024,3,RGB,building_change,0,,True,,1024,1024,,,,,5322,0.0050754547119140625,1.0.0,
train_258,LEVIR-CD,train_258.png,raw/levir_cd/train/A/train_258.png,train,/Users/rahulmanchanda/Desktop/AI-Driven-Satellite-Image-Semantic-Search-and-Temporal-Change-Detection-System/data/raw/levir_cd/train/A/train_258.png,/Users/rahulmanchanda/Desktop/AI-Driven-Satellite-Image-Semantic-Search-and-Temporal-Change-Detection-System/data/raw/levir_cd/train/B/train_258.png,/Users/rahulmanchanda/Desktop/AI-Driven-Satellite-Image-Semantic-Search-and-Temporal-Change-Detection-System/data/raw/levir_cd/train/label/train_258.png,1024,1024,3,RGB,building_change,0,,True,,1024,1024,,,,,18299,0.01745128631591797,1.0.0,
train_259,LEVIR-CD,train_259.png,raw/levir_cd/train/A/train_259.png,train,/Users/rahulmanchanda/Desktop/AI-Driven-Satellite-Image-Semantic-Search-and-Temporal-Change-Detection-System/data/raw/levir_cd/train/A/train_259.png,/Users/rahulmanchanda/Desktop/AI-Driven-Satellite-Image-Semantic-Search-and-Temporal-Change-Detection-System/data/raw/levir_cd/train/B/train_259.png,/Users/rahulmanchanda/Desktop/AI-Driven-Satellite-Image-Semantic-Search-and-Temporal-Change-Detection-System/data/raw/levir_cd/train/label/train_259.png,1024,1024,3,RGB,building_change,0,,True,,1024,1024,,,,,8168,0.00778961181640625,1.0.0,
train_26,LEVIR-CD,train_26.png,raw/levir_cd/train/A/train_26.png,train,/Users/rahulmanchanda/Desktop/AI-Driven-Satellite-Image-Semantic-Search-and-Temporal-Change-Detection-System/data/raw/levir_cd/train/A/train_26.png,/Users/rahulmanchanda/Desktop/AI-Driven-Satellite-Image-Semantic-Search-and-Temporal-Change-Detection-System/data/raw/levir_cd/train/B/train_26.png,/Users/rahulmanchanda/Desktop/AI-Driven-Satellite-Image-Semantic-Search-and-Temporal-Change-Detection-System/data/raw/levir_cd/train/label/train_26.png,1024,1024,3,RGB,building_change,0,,True,,1024,1024,,,,,17905,0.017075538635253906,1.0.0,
train_260,LEVIR-CD,train_260.png,raw/levir_cd/train/A/train_260.png,train,/Users/rahulmanchanda/Desktop/AI-Driven-Satellite-Image-Semantic-Search-and-Temporal-Change-Detection-System/data/raw/levir_cd/train/A/train_260.png,/Users/rahulmanchanda/Desktop/AI-Driven-Satellite-Image-Semantic-Search-and-Temporal-Change-Detection-System/data/raw/levir_cd/train/B/train_260.png,/Users/rahulmanchanda/Desktop/AI-Driven-Satellite-Image-Semantic-Search-and-Temporal-Change-Detection-System/data/raw/levir_cd/train/label/train_260.png,1024,1024,3,RGB,building_change,0,,True,,1024,1024,,,,,0,0.0,1.0.0,
train_261,LEVIR-CD,train_261.png,raw/levir_cd/train/A/train_261.png,train,/Users/rahulmanchanda/Desktop/AI-Driven-Satellite-Image-Semantic-Search-and-Temporal-Change-Detection-System/data/raw/levir_cd/train/A/train_261.png,/Users/rahulmanchanda/Desktop/AI-Driven-Satellite-Image-Semantic-Search-and-Temporal-Change-Detection-System/data/raw/levir_cd/train/B/train_261.png,/Users/rahulmanchanda/Desktop/AI-Driven-Satellite-Image-Semantic-Search-and-Temporal-Change-Detection-System/data/raw/levir_cd/train/label/train_261.png,1024,1024,3,RGB,building_change,0,,True,,1024,1024,,,,,68,6.4849853515625e-05,1.0.0,
train_262,LEVIR-CD,train_262.png,raw/levir_cd/train/A/train_262.png,train,/Users/rahulmanchanda/Desktop/AI-Driven-Satellite-Image-Semantic-Search-and-Temporal-Change-Detection-System/data/raw/levir_cd/train/A/train_262.png,/Users/rahulmanchanda/Desktop/AI-Driven-Satellite-Image-Semantic-Search-and-Temporal-Change-Detection-System/data/raw/levir_cd/train/B/train_262.png,/Users/rahulmanchanda/Desktop/AI-Driven-Satellite-Image-Semantic-Search-and-Temporal-Change-Detection-System/data/raw/levir_cd/train/label/train_262.png,1024,1024,3,RGB,building_change,0,,True,,1024,1024,,,,,46994,0.04481697082519531,1.0.0,
train_263,LEVIR-CD,train_263.png,raw/levir_cd/train/A/train_263.png,train,/Users/rahulmanchanda/Desktop/AI-Driven-Satellite-Image-Semantic-Search-and-Temporal-Change-Detection-System/data/raw/levir_cd/train/A/train_263.png,/Users/rahulmanchanda/Desktop/AI-Driven-Satellite-Image-Semantic-Search-and-Temporal-Change-Detection-System/data/raw/levir_cd/train/B/train_263.png,/Users/rahulmanchanda/Desktop/AI-Driven-Satellite-Image-Semantic-Search-and-Temporal-Change-Detection-System/data/raw/levir_cd/train/label/train_263.png,1024,1024,3,RGB,building_change,0,,True,,1024,1024,,,,,2985,0.0028467178344726562,1.0.0,
train_264,LEVIR-CD,train_264.png,raw/levir_cd/train/A/train_264.png,train,/Users/rahulmanchanda/Desktop/AI-Driven-Satellite-Image-Semantic-Search-and-Temporal-Change-Detection-System/data/raw/levir_cd/train/A/train_264.png,/Users/rahulmanchanda/Desktop/AI-Driven-Satellite-Image-Semantic-Search-and-Temporal-Change-Detection-System/data/raw/levir_cd/train/B/train_264.png,/Users/rahulmanchanda/Desktop/AI-Driven-Satellite-Image-Semantic-Search-and-Temporal-Change-Detection-System/data/raw/levir_cd/train/label/train_264.png,1024,1024,3,RGB,building_change,0,,True,,1024,1024,,,,,0,0.0,1.0.0,
train_265,LEVIR-CD,train_265.png,raw/levir_cd/train/A/train_265.png,train,/Users/rahulmanchanda/Desktop/AI-Driven-Satellite-Image-Semantic-Search-and-Temporal-Change-Detection-System/data/raw/levir_cd/train/A/train_265.png,/Users/rahulmanchanda/Desktop/AI-Driven-Satellite-Image-Semantic-Search-and-Temporal-Change-Detection-System/data/raw/levir_cd/train/B/train_265.png,/Users/rahulmanchanda/Desktop/AI-Driven-Satellite-Image-Semantic-Search-and-Temporal-Change-Detection-System/data/raw/levir_cd/train/label/train_265.png,1024,1024,3,RGB,building_change,0,,True,,1024,1024,,,,,0,0.0,1.0.0,
train_266,LEVIR-CD,train_266.png,raw/levir_cd/train/A/train_266.png,train,/Users/rahulmanchanda/Desktop/AI-Driven-Satellite-Image-Semantic-Search-and-Temporal-Change-Detection-System/data/raw/levir_cd/train/A/train_266.png,/Users/rahulmanchanda/Desktop/AI-Driven-Satellite-Image-Semantic-Search-and-Temporal-Change-Detection-System/data/raw/levir_cd/train/B/train_266.png,/Users/rahulmanchanda/Desktop/AI-Driven-Satellite-Image-Semantic-Search-and-Temporal-Change-Detection-System/data/raw/levir_cd/train/label/train_266.png,1024,1024,3,RGB,building_change,0,,True,,1024,1024,,,,,2774,0.0026454925537109375,1.0.0,
train_267,LEVIR-CD,train_267.png,raw/levir_cd/train/A/train_267.png,train,/Users/rahulmanchanda/Desktop/AI-Driven-Satellite-Image-Semantic-Search-and-Temporal-Change-Detection-System/data/raw/levir_cd/train/A/train_267.png,/Users/rahulmanchanda/Desktop/AI-Driven-Satellite-Image-Semantic-Search-and-Temporal-Change-Detection-System/data/raw/levir_cd/train/B/train_267.png,/Users/rahulmanchanda/Desktop/AI-Driven-Satellite-Image-Semantic-Search-and-Temporal-Change-Detection-System/data/raw/levir_cd/train/label/train_267.png,1024,1024,3,RGB,building_change,0,,True,,1024,1024,,,,,117847,0.11238765716552734,1.0.0,
train_268,LEVIR-CD,train_268.png,raw/levir_cd/train/A/train_268.png,train,/Users/rahulmanchanda/Desktop/AI-Driven-Satellite-Image-Semantic-Search-and-Temporal-Change-Detection-System/data/raw/levir_cd/train/A/train_268.png,/Users/rahulmanchanda/Desktop/AI-Driven-Satellite-Image-Semantic-Search-and-Temporal-Change-Detection-System/data/raw/levir_cd/train/B/train_268.png,/Users/rahulmanchanda/Desktop/AI-Driven-Satellite-Image-Semantic-Search-and-Temporal-Change-Detection-System/data/raw/levir_cd/train/label/train_268.png,1024,1024,3,RGB,building_change,0,,True,,1024,1024,,,,,207597,0.19797992706298828,1.0.0,
train_269,LEVIR-CD,train_269.png,raw/levir_cd/train/A/train_269.png,train,/Users/rahulmanchanda/Desktop/AI-Driven-Satellite-Image-Semantic-Search-and-Temporal-Change-Detection-System/data/raw/levir_cd/train/A/train_269.png,/Users/rahulmanchanda/Desktop/AI-Driven-Satellite-Image-Semantic-Search-and-Temporal-Change-Detection-System/data/raw/levir_cd/train/B/train_269.png,/Users/rahulmanchanda/Desktop/AI-Driven-Satellite-Image-Semantic-Search-and-Temporal-Change-Detection-System/data/raw/levir_cd/train/label/train_269.png,1024,1024,3,RGB,building_change,0,,True,,1024,1024,,,,,0,0.0,1.0.0,
train_27,LEVIR-CD,train_27.png,raw/levir_cd/train/A/train_27.png,train,/Users/rahulmanchanda/Desktop/AI-Driven-Satellite-Image-Semantic-Search-and-Temporal-Change-Detection-System/data/raw/levir_cd/train/A/train_27.png,/Users/rahulmanchanda/Desktop/AI-Driven-Satellite-Image-Semantic-Search-and-Temporal-Change-Detection-System/data/raw/levir_cd/train/B/train_27.png,/Users/rahulmanchanda/Desktop/AI-Driven-Satellite-Image-Semantic-Search-and-Temporal-Change-Detection-System/data/raw/levir_cd/train/label/train_27.png,1024,1024,3,RGB,building_change,0,,True,,1024,1024,,,,,14348,0.013683319091796875,1.0.0,
train_270,LEVIR-CD,train_270.png,raw/levir_cd/train/A/train_270.png,train,/Users/rahulmanchanda/Desktop/AI-Driven-Satellite-Image-Semantic-Search-and-Temporal-Change-Detection-System/data/raw/levir_cd/train/A/train_270.png,/Users/rahulmanchanda/Desktop/AI-Driven-Satellite-Image-Semantic-Search-and-Temporal-Change-Detection-System/data/raw/levir_cd/train/B/train_270.png,/Users/rahulmanchanda/Desktop/AI-Driven-Satellite-Image-Semantic-Search-and-Temporal-Change-Detection-System/data/raw/levir_cd/train/label/train_270.png,1024,1024,3,RGB,building_change,0,,True,,1024,1024,,,,,2462,0.0023479461669921875,1.0.0,
train_271,LEVIR-CD,train_271.png,raw/levir_cd/train/A/train_271.png,train,/Users/rahulmanchanda/Desktop/AI-Driven-Satellite-Image-Semantic-Search-and-Temporal-Change-Detection-System/data/raw/levir_cd/train/A/train_271.png,/Users/rahulmanchanda/Desktop/AI-Driven-Satellite-Image-Semantic-Search-and-Temporal-Change-Detection-System/data/raw/levir_cd/train/B/train_271.png,/Users/rahulmanchanda/Desktop/AI-Driven-Satellite-Image-Semantic-Search-and-Temporal-Change-Detection-System/data/raw/levir_cd/train/label/train_271.png,1024,1024,3,RGB,building_change,0,,True,,1024,1024,,,,,120430,0.11485099792480469,1.0.0,
train_272,LEVIR-CD,train_272.png,raw/levir_cd/train/A/train_272.png,train,/Users/rahulmanchanda/Desktop/AI-Driven-Satellite-Image-Semantic-Search-and-Temporal-Change-Detection-System/data/raw/levir_cd/train/A/train_272.png,/Users/rahulmanchanda/Desktop/AI-Driven-Satellite-Image-Semantic-Search-and-Temporal-Change-Detection-System/data/raw/levir_cd/train/B/train_272.png,/Users/rahulmanchanda/Desktop/AI-Driven-Satellite-Image-Semantic-Search-and-Temporal-Change-Detection-System/data/raw/levir_cd/train/label/train_272.png,1024,1024,3,RGB,building_change,0,,True,,1024,1024,,,,,4085,0.0038957595825195312,1.0.0,
train_273,LEVIR-CD,train_273.png,raw/levir_cd/train/A/train_273.png,train,/Users/rahulmanchanda/Desktop/AI-Driven-Satellite-Image-Semantic-Search-and-Temporal-Change-Detection-System/data/raw/levir_cd/train/A/train_273.png,/Users/rahulmanchanda/Desktop/AI-Driven-Satellite-Image-Semantic-Search-and-Temporal-Change-Detection-System/data/raw/levir_cd/train/B/train_273.png,/Users/rahulmanchanda/Desktop/AI-Driven-Satellite-Image-Semantic-Search-and-Temporal-Change-Detection-System/data/raw/levir_cd/train/label/train_273.png,1024,1024,3,RGB,building_change,0,,True,,1024,1024,,,,,10611,0.010119438171386719,1.0.0,
train_274,LEVIR-CD,train_274.png,raw/levir_cd/train/A/train_274.png,train,/Users/rahulmanchanda/Desktop/AI-Driven-Satellite-Image-Semantic-Search-and-Temporal-Change-Detection-System/data/raw/levir_cd/train/A/train_274.png,/Users/rahulmanchanda/Desktop/AI-Driven-Satellite-Image-Semantic-Search-and-Temporal-Change-Detection-System/data/raw/levir_cd/train/B/train_274.png,/Users/rahulmanchanda/Desktop/AI-Driven-Satellite-Image-Semantic-Search-and-Temporal-Change-Detection-System/data/raw/levir_cd/train/label/train_274.png,1024,1024,3,RGB,building_change,0,,True,,1024,1024,,,,,10814,0.010313034057617188,1.0.0,
train_275,LEVIR-CD,train_275.png,raw/levir_cd/train/A/train_275.png,train,/Users/rahulmanchanda/Desktop/AI-Driven-Satellite-Image-Semantic-Search-and-Temporal-Change-Detection-System/data/raw/levir_cd/train/A/train_275.png,/Users/rahulmanchanda/Desktop/AI-Driven-Satellite-Image-Semantic-Search-and-Temporal-Change-Detection-System/data/raw/levir_cd/train/B/train_275.png,/Users/rahulmanchanda/Desktop/AI-Driven-Satellite-Image-Semantic-Search-and-Temporal-Change-Detection-System/data/raw/levir_cd/train/label/train_275.png,1024,1024,3,RGB,building_change,0,,True,,1024,1024,,,,,5341,0.005093574523925781,1.0.0,
train_276,LEVIR-CD,train_276.png,raw/levir_cd/train/A/train_276.png,train,/Users/rahulmanchanda/Desktop/AI-Driven-Satellite-Image-Semantic-Search-and-Temporal-Change-Detection-System/data/raw/levir_cd/train/A/train_276.png,/Users/rahulmanchanda/Desktop/AI-Driven-Satellite-Image-Semantic-Search-and-Temporal-Change-Detection-System/data/raw/levir_cd/train/B/train_276.png,/Users/rahulmanchanda/Desktop/AI-Driven-Satellite-Image-Semantic-Search-and-Temporal-Change-Detection-System/data/raw/levir_cd/train/label/train_276.png,1024,1024,3,RGB,building_change,0,,True,,1024,1024,,,,,1430,0.0013637542724609375,1.0.0,
train_277,LEVIR-CD,train_277.png,raw/levir_cd/train/A/train_277.png,train,/Users/rahulmanchanda/Desktop/AI-Driven-Satellite-Image-Semantic-Search-and-Temporal-Change-Detection-System/data/raw/levir_cd/train/A/train_277.png,/Users/rahulmanchanda/Desktop/AI-Driven-Satellite-Image-Semantic-Search-and-Temporal-Change-Detection-System/data/raw/levir_cd/train/B/train_277.png,/Users/rahulmanchanda/Desktop/AI-Driven-Satellite-Image-Semantic-Search-and-Temporal-Change-Detection-System/data/raw/levir_cd/train/label/train_277.png,1024,1024,3,RGB,building_change,0,,True,,1024,1024,,,,,7790,0.0074291229248046875,1.0.0,
train_278,LEVIR-CD,train_278.png,raw/levir_cd/train/A/train_278.png,train,/Users/rahulmanchanda/Desktop/AI-Driven-Satellite-Image-Semantic-Search-and-Temporal-Change-Detection-System/data/raw/levir_cd/train/A/train_278.png,/Users/rahulmanchanda/Desktop/AI-Driven-Satellite-Image-Semantic-Search-and-Temporal-Change-Detection-System/data/raw/levir_cd/train/B/train_278.png,/Users/rahulmanchanda/Desktop/AI-Driven-Satellite-Image-Semantic-Search-and-Temporal-Change-Detection-System/data/raw/levir_cd/train/label/train_278.png,1024,1024,3,RGB,building_change,0,,True,,1024,1024,,,,,24327,0.023200035095214844,1.0.0,
train_279,LEVIR-CD,train_279.png,raw/levir_cd/train/A/train_279.png,train,/Users/rahulmanchanda/Desktop/AI-Driven-Satellite-Image-Semantic-Search-and-Temporal-Change-Detection-System/data/raw/levir_cd/train/A/train_279.png,/Users/rahulmanchanda/Desktop/AI-Driven-Satellite-Image-Semantic-Search-and-Temporal-Change-Detection-System/data/raw/levir_cd/train/B/train_279.png,/Users/rahulmanchanda/Desktop/AI-Driven-Satellite-Image-Semantic-Search-and-Temporal-Change-Detection-System/data/raw/levir_cd/train/label/train_279.png,1024,1024,3,RGB,building_change,0,,True,,1024,1024,,,,,65178,0.06215858459472656,1.0.0,
train_28,LEVIR-CD,train_28.png,raw/levir_cd/train/A/train_28.png,train,/Users/rahulmanchanda/Desktop/AI-Driven-Satellite-Image-Semantic-Search-and-Temporal-Change-Detection-System/data/raw/levir_cd/train/A/train_28.png,/Users/rahulmanchanda/Desktop/AI-Driven-Satellite-Image-Semantic-Search-and-Temporal-Change-Detection-System/data/raw/levir_cd/train/B/train_28.png,/Users/rahulmanchanda/Desktop/AI-Driven-Satellite-Image-Semantic-Search-and-Temporal-Change-Detection-System/data/raw/levir_cd/train/label/train_28.png,1024,1024,3,RGB,building_change,0,,True,,1024,1024,,,,,23763,0.02266216278076172,1.0.0,
train_280,LEVIR-CD,train_280.png,raw/levir_cd/train/A/train_280.png,train,/Users/rahulmanchanda/Desktop/AI-Driven-Satellite-Image-Semantic-Search-and-Temporal-Change-Detection-System/data/raw/levir_cd/train/A/train_280.png,/Users/rahulmanchanda/Desktop/AI-Driven-Satellite-Image-Semantic-Search-and-Temporal-Change-Detection-System/data/raw/levir_cd/train/B/train_280.png,/Users/rahulmanchanda/Desktop/AI-Driven-Satellite-Image-Semantic-Search-and-Temporal-Change-Detection-System/data/raw/levir_cd/train/label/train_280.png,1024,1024,3,RGB,building_change,0,,True,,1024,1024,,,,,0,0.0,1.0.0,
train_281,LEVIR-CD,train_281.png,raw/levir_cd/train/A/train_281.png,train,/Users/rahulmanchanda/Desktop/AI-Driven-Satellite-Image-Semantic-Search-and-Temporal-Change-Detection-System/data/raw/levir_cd/train/A/train_281.png,/Users/rahulmanchanda/Desktop/AI-Driven-Satellite-Image-Semantic-Search-and-Temporal-Change-Detection-System/data/raw/levir_cd/train/B/train_281.png,/Users/rahulmanchanda/Desktop/AI-Driven-Satellite-Image-Semantic-Search-and-Temporal-Change-Detection-System/data/raw/levir_cd/train/label/train_281.png,1024,1024,3,RGB,building_change,0,,True,,1024,1024,,,,,4647,0.004431724548339844,1.0.0,
train_282,LEVIR-CD,train_282.png,raw/levir_cd/train/A/train_282.png,train,/Users/rahulmanchanda/Desktop/AI-Driven-Satellite-Image-Semantic-Search-and-Temporal-Change-Detection-System/data/raw/levir_cd/train/A/train_282.png,/Users/rahulmanchanda/Desktop/AI-Driven-Satellite-Image-Semantic-Search-and-Temporal-Change-Detection-System/data/raw/levir_cd/train/B/train_282.png,/Users/rahulmanchanda/Desktop/AI-Driven-Satellite-Image-Semantic-Search-and-Temporal-Change-Detection-System/data/raw/levir_cd/train/label/train_282.png,1024,1024,3,RGB,building_change,0,,True,,1024,1024,,,,,3483,0.0033216476440429688,1.0.0,
train_283,LEVIR-CD,train_283.png,raw/levir_cd/train/A/train_283.png,train,/Users/rahulmanchanda/Desktop/AI-Driven-Satellite-Image-Semantic-Search-and-Temporal-Change-Detection-System/data/raw/levir_cd/train/A/train_283.png,/Users/rahulmanchanda/Desktop/AI-Driven-Satellite-Image-Semantic-Search-and-Temporal-Change-Detection-System/data/raw/levir_cd/train/B/train_283.png,/Users/rahulmanchanda/Desktop/AI-Driven-Satellite-Image-Semantic-Search-and-Temporal-Change-Detection-System/data/raw/levir_cd/train/label/train_283.png,1024,1024,3,RGB,building_change,0,,True,,1024,1024,,,,,9839,0.009383201599121094,1.0.0,
train_284,LEVIR-CD,train_284.png,raw/levir_cd/train/A/train_284.png,train,/Users/rahulmanchanda/Desktop/AI-Driven-Satellite-Image-Semantic-Search-and-Temporal-Change-Detection-System/data/raw/levir_cd/train/A/train_284.png,/Users/rahulmanchanda/Desktop/AI-Driven-Satellite-Image-Semantic-Search-and-Temporal-Change-Detection-System/data/raw/levir_cd/train/B/train_284.png,/Users/rahulmanchanda/Desktop/AI-Driven-Satellite-Image-Semantic-Search-and-Temporal-Change-Detection-System/data/raw/levir_cd/train/label/train_284.png,1024,1024,3,RGB,building_change,0,,True,,1024,1024,,,,,27214,0.025953292846679688,1.0.0,
train_285,LEVIR-CD,train_285.png,raw/levir_cd/train/A/train_285.png,train,/Users/rahulmanchanda/Desktop/AI-Driven-Satellite-Image-Semantic-Search-and-Temporal-Change-Detection-System/data/raw/levir_cd/train/A/train_285.png,/Users/rahulmanchanda/Desktop/AI-Driven-Satellite-Image-Semantic-Search-and-Temporal-Change-Detection-System/data/raw/levir_cd/train/B/train_285.png,/Users/rahulmanchanda/Desktop/AI-Driven-Satellite-Image-Semantic-Search-and-Temporal-Change-Detection-System/data/raw/levir_cd/train/label/train_285.png,1024,1024,3,RGB,building_change,0,,True,,1024,1024,,,,,12035,0.011477470397949219,1.0.0,
train_286,LEVIR-CD,train_286.png,raw/levir_cd/train/A/train_286.png,train,/Users/rahulmanchanda/Desktop/AI-Driven-Satellite-Image-Semantic-Search-and-Temporal-Change-Detection-System/data/raw/levir_cd/train/A/train_286.png,/Users/rahulmanchanda/Desktop/AI-Driven-Satellite-Image-Semantic-Search-and-Temporal-Change-Detection-System/data/raw/levir_cd/train/B/train_286.png,/Users/rahulmanchanda/Desktop/AI-Driven-Satellite-Image-Semantic-Search-and-Temporal-Change-Detection-System/data/raw/levir_cd/train/label/train_286.png,1024,1024,3,RGB,building_change,0,,True,,1024,1024,,,,,16153,0.015404701232910156,1.0.0,
train_287,LEVIR-CD,train_287.png,raw/levir_cd/train/A/train_287.png,train,/Users/rahulmanchanda/Desktop/AI-Driven-Satellite-Image-Semantic-Search-and-Temporal-Change-Detection-System/data/raw/levir_cd/train/A/train_287.png,/Users/rahulmanchanda/Desktop/AI-Driven-Satellite-Image-Semantic-Search-and-Temporal-Change-Detection-System/data/raw/levir_cd/train/B/train_287.png,/Users/rahulmanchanda/Desktop/AI-Driven-Satellite-Image-Semantic-Search-and-Temporal-Change-Detection-System/data/raw/levir_cd/train/label/train_287.png,1024,1024,3,RGB,building_change,0,,True,,1024,1024,,,,,22360,0.02132415771484375,1.0.0,
train_288,LEVIR-CD,train_288.png,raw/levir_cd/train/A/train_288.png,train,/Users/rahulmanchanda/Desktop/AI-Driven-Satellite-Image-Semantic-Search-and-Temporal-Change-Detection-System/data/raw/levir_cd/train/A/train_288.png,/Users/rahulmanchanda/Desktop/AI-Driven-Satellite-Image-Semantic-Search-and-Temporal-Change-Detection-System/data/raw/levir_cd/train/B/train_288.png,/Users/rahulmanchanda/Desktop/AI-Driven-Satellite-Image-Semantic-Search-and-Temporal-Change-Detection-System/data/raw/levir_cd/train/label/train_288.png,1024,1024,3,RGB,building_change,0,,True,,1024,1024,,,,,15816,0.01508331298828125,1.0.0,
train_289,LEVIR-CD,train_289.png,raw/levir_cd/train/A/train_289.png,train,/Users/rahulmanchanda/Desktop/AI-Driven-Satellite-Image-Semantic-Search-and-Temporal-Change-Detection-System/data/raw/levir_cd/train/A/train_289.png,/Users/rahulmanchanda/Desktop/AI-Driven-Satellite-Image-Semantic-Search-and-Temporal-Change-Detection-System/data/raw/levir_cd/train/B/train_289.png,/Users/rahulmanchanda/Desktop/AI-Driven-Satellite-Image-Semantic-Search-and-Temporal-Change-Detection-System/data/raw/levir_cd/train/label/train_289.png,1024,1024,3,RGB,building_change,0,,True,,1024,1024,,,,,9184,0.008758544921875,1.0.0,
train_29,LEVIR-CD,train_29.png,raw/levir_cd/train/A/train_29.png,train,/Users/rahulmanchanda/Desktop/AI-Driven-Satellite-Image-Semantic-Search-and-Temporal-Change-Detection-System/data/raw/levir_cd/train/A/train_29.png,/Users/rahulmanchanda/Desktop/AI-Driven-Satellite-Image-Semantic-Search-and-Temporal-Change-Detection-System/data/raw/levir_cd/train/B/train_29.png,/Users/rahulmanchanda/Desktop/AI-Driven-Satellite-Image-Semantic-Search-and-Temporal-Change-Detection-System/data/raw/levir_cd/train/label/train_29.png,1024,1024,3,RGB,building_change,0,,True,,1024,1024,,,,,54113,0.051606178283691406,1.0.0,
train_290,LEVIR-CD,train_290.png,raw/levir_cd/train/A/train_290.png,train,/Users/rahulmanchanda/Desktop/AI-Driven-Satellite-Image-Semantic-Search-and-Temporal-Change-Detection-System/data/raw/levir_cd/train/A/train_290.png,/Users/rahulmanchanda/Desktop/AI-Driven-Satellite-Image-Semantic-Search-and-Temporal-Change-Detection-System/data/raw/levir_cd/train/B/train_290.png,/Users/rahulmanchanda/Desktop/AI-Driven-Satellite-Image-Semantic-Search-and-Temporal-Change-Detection-System/data/raw/levir_cd/train/label/train_290.png,1024,1024,3,RGB,building_change,0,,True,,1024,1024,,,,,40687,0.038802146911621094,1.0.0,
train_291,LEVIR-CD,train_291.png,raw/levir_cd/train/A/train_291.png,train,/Users/rahulmanchanda/Desktop/AI-Driven-Satellite-Image-Semantic-Search-and-Temporal-Change-Detection-System/data/raw/levir_cd/train/A/train_291.png,/Users/rahulmanchanda/Desktop/AI-Driven-Satellite-Image-Semantic-Search-and-Temporal-Change-Detection-System/data/raw/levir_cd/train/B/train_291.png,/Users/rahulmanchanda/Desktop/AI-Driven-Satellite-Image-Semantic-Search-and-Temporal-Change-Detection-System/data/raw/levir_cd/train/label/train_291.png,1024,1024,3,RGB,building_change,0,,True,,1024,1024,,,,,6139,0.005854606628417969,1.0.0,
train_292,LEVIR-CD,train_292.png,raw/levir_cd/train/A/train_292.png,train,/Users/rahulmanchanda/Desktop/AI-Driven-Satellite-Image-Semantic-Search-and-Temporal-Change-Detection-System/data/raw/levir_cd/train/A/train_292.png,/Users/rahulmanchanda/Desktop/AI-Driven-Satellite-Image-Semantic-Search-and-Temporal-Change-Detection-System/data/raw/levir_cd/train/B/train_292.png,/Users/rahulmanchanda/Desktop/AI-Driven-Satellite-Image-Semantic-Search-and-Temporal-Change-Detection-System/data/raw/levir_cd/train/label/train_292.png,1024,1024,3,RGB,building_change,0,,True,,1024,1024,,,,,3535,0.0033712387084960938,1.0.0,
train_293,LEVIR-CD,train_293.png,raw/levir_cd/train/A/train_293.png,train,/Users/rahulmanchanda/Desktop/AI-Driven-Satellite-Image-Semantic-Search-and-Temporal-Change-Detection-System/data/raw/levir_cd/train/A/train_293.png,/Users/rahulmanchanda/Desktop/AI-Driven-Satellite-Image-Semantic-Search-and-Temporal-Change-Detection-System/data/raw/levir_cd/train/B/train_293.png,/Users/rahulmanchanda/Desktop/AI-Driven-Satellite-Image-Semantic-Search-and-Temporal-Change-Detection-System/data/raw/levir_cd/train/label/train_293.png,1024,1024,3,RGB,building_change,0,,True,,1024,1024,,,,,139742,0.1332683563232422,1.0.0,
train_294,LEVIR-CD,train_294.png,raw/levir_cd/train/A/train_294.png,train,/Users/rahulmanchanda/Desktop/AI-Driven-Satellite-Image-Semantic-Search-and-Temporal-Change-Detection-System/data/raw/levir_cd/train/A/train_294.png,/Users/rahulmanchanda/Desktop/AI-Driven-Satellite-Image-Semantic-Search-and-Temporal-Change-Detection-System/data/raw/levir_cd/train/B/train_294.png,/Users/rahulmanchanda/Desktop/AI-Driven-Satellite-Image-Semantic-Search-and-Temporal-Change-Detection-System/data/raw/levir_cd/train/label/train_294.png,1024,1024,3,RGB,building_change,0,,True,,1024,1024,,,,,0,0.0,1.0.0,
train_295,LEVIR-CD,train_295.png,raw/levir_cd/train/A/train_295.png,train,/Users/rahulmanchanda/Desktop/AI-Driven-Satellite-Image-Semantic-Search-and-Temporal-Change-Detection-System/data/raw/levir_cd/train/A/train_295.png,/Users/rahulmanchanda/Desktop/AI-Driven-Satellite-Image-Semantic-Search-and-Temporal-Change-Detection-System/data/raw/levir_cd/train/B/train_295.png,/Users/rahulmanchanda/Desktop/AI-Driven-Satellite-Image-Semantic-Search-and-Temporal-Change-Detection-System/data/raw/levir_cd/train/label/train_295.png,1024,1024,3,RGB,building_change,0,,True,,1024,1024,,,,,557,0.0005311965942382812,1.0.0,
train_296,LEVIR-CD,train_296.png,raw/levir_cd/train/A/train_296.png,train,/Users/rahulmanchanda/Desktop/AI-Driven-Satellite-Image-Semantic-Search-and-Temporal-Change-Detection-System/data/raw/levir_cd/train/A/train_296.png,/Users/rahulmanchanda/Desktop/AI-Driven-Satellite-Image-Semantic-Search-and-Temporal-Change-Detection-System/data/raw/levir_cd/train/B/train_296.png,/Users/rahulmanchanda/Desktop/AI-Driven-Satellite-Image-Semantic-Search-and-Temporal-Change-Detection-System/data/raw/levir_cd/train/label/train_296.png,1024,1024,3,RGB,building_change,0,,True,,1024,1024,,,,,11150,0.010633468627929688,1.0.0,
train_297,LEVIR-CD,train_297.png,raw/levir_cd/train/A/train_297.png,train,/Users/rahulmanchanda/Desktop/AI-Driven-Satellite-Image-Semantic-Search-and-Temporal-Change-Detection-System/data/raw/levir_cd/train/A/train_297.png,/Users/rahulmanchanda/Desktop/AI-Driven-Satellite-Image-Semantic-Search-and-Temporal-Change-Detection-System/data/raw/levir_cd/train/B/train_297.png,/Users/rahulmanchanda/Desktop/AI-Driven-Satellite-Image-Semantic-Search-and-Temporal-Change-Detection-System/data/raw/levir_cd/train/label/train_297.png,1024,1024,3,RGB,building_change,0,,True,,1024,1024,,,,,3515,0.0033521652221679688,1.0.0,
train_298,LEVIR-CD,train_298.png,raw/levir_cd/train/A/train_298.png,train,/Users/rahulmanchanda/Desktop/AI-Driven-Satellite-Image-Semantic-Search-and-Temporal-Change-Detection-System/data/raw/levir_cd/train/A/train_298.png,/Users/rahulmanchanda/Desktop/AI-Driven-Satellite-Image-Semantic-Search-and-Temporal-Change-Detection-System/data/raw/levir_cd/train/B/train_298.png,/Users/rahulmanchanda/Desktop/AI-Driven-Satellite-Image-Semantic-Search-and-Temporal-Change-Detection-System/data/raw/levir_cd/train/label/train_298.png,1024,1024,3,RGB,building_change,0,,True,,1024,1024,,,,,1496,0.00142669677734375,1.0.0,
train_299,LEVIR-CD,train_299.png,raw/levir_cd/train/A/train_299.png,train,/Users/rahulmanchanda/Desktop/AI-Driven-Satellite-Image-Semantic-Search-and-Temporal-Change-Detection-System/data/raw/levir_cd/train/A/train_299.png,/Users/rahulmanchanda/Desktop/AI-Driven-Satellite-Image-Semantic-Search-and-Temporal-Change-Detection-System/data/raw/levir_cd/train/B/train_299.png,/Users/rahulmanchanda/Desktop/AI-Driven-Satellite-Image-Semantic-Search-and-Temporal-Change-Detection-System/data/raw/levir_cd/train/label/train_299.png,1024,1024,3,RGB,building_change,0,,True,,1024,1024,,,,,21748,0.020740509033203125,1.0.0,
train_3,LEVIR-CD,train_3.png,raw/levir_cd/train/A/train_3.png,train,/Users/rahulmanchanda/Desktop/AI-Driven-Satellite-Image-Semantic-Search-and-Temporal-Change-Detection-System/data/raw/levir_cd/train/A/train_3.png,/Users/rahulmanchanda/Desktop/AI-Driven-Satellite-Image-Semantic-Search-and-Temporal-Change-Detection-System/data/raw/levir_cd/train/B/train_3.png,/Users/rahulmanchanda/Desktop/AI-Driven-Satellite-Image-Semantic-Search-and-Temporal-Change-Detection-System/data/raw/levir_cd/train/label/train_3.png,1024,1024,3,RGB,building_change,0,,True,,1024,1024,,,,,113667,0.10840129852294922,1.0.0,
train_30,LEVIR-CD,train_30.png,raw/levir_cd/train/A/train_30.png,train,/Users/rahulmanchanda/Desktop/AI-Driven-Satellite-Image-Semantic-Search-and-Temporal-Change-Detection-System/data/raw/levir_cd/train/A/train_30.png,/Users/rahulmanchanda/Desktop/AI-Driven-Satellite-Image-Semantic-Search-and-Temporal-Change-Detection-System/data/raw/levir_cd/train/B/train_30.png,/Users/rahulmanchanda/Desktop/AI-Driven-Satellite-Image-Semantic-Search-and-Temporal-Change-Detection-System/data/raw/levir_cd/train/label/train_30.png,1024,1024,3,RGB,building_change,0,,True,,1024,1024,,,,,98170,0.09362220764160156,1.0.0,
train_300,LEVIR-CD,train_300.png,raw/levir_cd/train/A/train_300.png,train,/Users/rahulmanchanda/Desktop/AI-Driven-Satellite-Image-Semantic-Search-and-Temporal-Change-Detection-System/data/raw/levir_cd/train/A/train_300.png,/Users/rahulmanchanda/Desktop/AI-Driven-Satellite-Image-Semantic-Search-and-Temporal-Change-Detection-System/data/raw/levir_cd/train/B/train_300.png,/Users/rahulmanchanda/Desktop/AI-Driven-Satellite-Image-Semantic-Search-and-Temporal-Change-Detection-System/data/raw/levir_cd/train/label/train_300.png,1024,1024,3,RGB,building_change,0,,True,,1024,1024,,,,,18777,0.017907142639160156,1.0.0,
train_301,LEVIR-CD,train_301.png,raw/levir_cd/train/A/train_301.png,train,/Users/rahulmanchanda/Desktop/AI-Driven-Satellite-Image-Semantic-Search-and-Temporal-Change-Detection-System/data/raw/levir_cd/train/A/train_301.png,/Users/rahulmanchanda/Desktop/AI-Driven-Satellite-Image-Semantic-Search-and-Temporal-Change-Detection-System/data/raw/levir_cd/train/B/train_301.png,/Users/rahulmanchanda/Desktop/AI-Driven-Satellite-Image-Semantic-Search-and-Temporal-Change-Detection-System/data/raw/levir_cd/train/label/train_301.png,1024,1024,3,RGB,building_change,0,,True,,1024,1024,,,,,20160,0.01922607421875,1.0.0,
train_302,LEVIR-CD,train_302.png,raw/levir_cd/train/A/train_302.png,train,/Users/rahulmanchanda/Desktop/AI-Driven-Satellite-Image-Semantic-Search-and-Temporal-Change-Detection-System/data/raw/levir_cd/train/A/train_302.png,/Users/rahulmanchanda/Desktop/AI-Driven-Satellite-Image-Semantic-Search-and-Temporal-Change-Detection-System/data/raw/levir_cd/train/B/train_302.png,/Users/rahulmanchanda/Desktop/AI-Driven-Satellite-Image-Semantic-Search-and-Temporal-Change-Detection-System/data/raw/levir_cd/train/label/train_302.png,1024,1024,3,RGB,building_change,0,,True,,1024,1024,,,,,0,0.0,1.0.0,
train_303,LEVIR-CD,train_303.png,raw/levir_cd/train/A/train_303.png,train,/Users/rahulmanchanda/Desktop/AI-Driven-Satellite-Image-Semantic-Search-and-Temporal-Change-Detection-System/data/raw/levir_cd/train/A/train_303.png,/Users/rahulmanchanda/Desktop/AI-Driven-Satellite-Image-Semantic-Search-and-Temporal-Change-Detection-System/data/raw/levir_cd/train/B/train_303.png,/Users/rahulmanchanda/Desktop/AI-Driven-Satellite-Image-Semantic-Search-and-Temporal-Change-Detection-System/data/raw/levir_cd/train/label/train_303.png,1024,1024,3,RGB,building_change,0,,True,,1024,1024,,,,,0,0.0,1.0.0,
train_304,LEVIR-CD,train_304.png,raw/levir_cd/train/A/train_304.png,train,/Users/rahulmanchanda/Desktop/AI-Driven-Satellite-Image-Semantic-Search-and-Temporal-Change-Detection-System/data/raw/levir_cd/train/A/train_304.png,/Users/rahulmanchanda/Desktop/AI-Driven-Satellite-Image-Semantic-Search-and-Temporal-Change-Detection-System/data/raw/levir_cd/train/B/train_304.png,/Users/rahulmanchanda/Desktop/AI-Driven-Satellite-Image-Semantic-Search-and-Temporal-Change-Detection-System/data/raw/levir_cd/train/label/train_304.png,1024,1024,3,RGB,building_change,0,,True,,1024,1024,,,,,3550,0.0033855438232421875,1.0.0,
train_305,LEVIR-CD,train_305.png,raw/levir_cd/train/A/train_305.png,train,/Users/rahulmanchanda/Desktop/AI-Driven-Satellite-Image-Semantic-Search-and-Temporal-Change-Detection-System/data/raw/levir_cd/train/A/train_305.png,/Users/rahulmanchanda/Desktop/AI-Driven-Satellite-Image-Semantic-Search-and-Temporal-Change-Detection-System/data/raw/levir_cd/train/B/train_305.png,/Users/rahulmanchanda/Desktop/AI-Driven-Satellite-Image-Semantic-Search-and-Temporal-Change-Detection-System/data/raw/levir_cd/train/label/train_305.png,1024,1024,3,RGB,building_change,0,,True,,1024,1024,,,,,19422,0.018522262573242188,1.0.0,
train_306,LEVIR-CD,train_306.png,raw/levir_cd/train/A/train_306.png,train,/Users/rahulmanchanda/Desktop/AI-Driven-Satellite-Image-Semantic-Search-and-Temporal-Change-Detection-System/data/raw/levir_cd/train/A/train_306.png,/Users/rahulmanchanda/Desktop/AI-Driven-Satellite-Image-Semantic-Search-and-Temporal-Change-Detection-System/data/raw/levir_cd/train/B/train_306.png,/Users/rahulmanchanda/Desktop/AI-Driven-Satellite-Image-Semantic-Search-and-Temporal-Change-Detection-System/data/raw/levir_cd/train/label/train_306.png,1024,1024,3,RGB,building_change,0,,True,,1024,1024,,,,,0,0.0,1.0.0,
train_307,LEVIR-CD,train_307.png,raw/levir_cd/train/A/train_307.png,train,/Users/rahulmanchanda/Desktop/AI-Driven-Satellite-Image-Semantic-Search-and-Temporal-Change-Detection-System/data/raw/levir_cd/train/A/train_307.png,/Users/rahulmanchanda/Desktop/AI-Driven-Satellite-Image-Semantic-Search-and-Temporal-Change-Detection-System/data/raw/levir_cd/train/B/train_307.png,/Users/rahulmanchanda/Desktop/AI-Driven-Satellite-Image-Semantic-Search-and-Temporal-Change-Detection-System/data/raw/levir_cd/train/label/train_307.png,1024,1024,3,RGB,building_change,0,,True,,1024,1024,,,,,44289,0.042237281799316406,1.0.0,
train_308,LEVIR-CD,train_308.png,raw/levir_cd/train/A/train_308.png,train,/Users/rahulmanchanda/Desktop/AI-Driven-Satellite-Image-Semantic-Search-and-Temporal-Change-Detection-System/data/raw/levir_cd/train/A/train_308.png,/Users/rahulmanchanda/Desktop/AI-Driven-Satellite-Image-Semantic-Search-and-Temporal-Change-Detection-System/data/raw/levir_cd/train/B/train_308.png,/Users/rahulmanchanda/Desktop/AI-Driven-Satellite-Image-Semantic-Search-and-Temporal-Change-Detection-System/data/raw/levir_cd/train/label/train_308.png,1024,1024,3,RGB,building_change,0,,True,,1024,1024,,,,,96689,0.0922098159790039,1.0.0,
train_309,LEVIR-CD,train_309.png,raw/levir_cd/train/A/train_309.png,train,/Users/rahulmanchanda/Desktop/AI-Driven-Satellite-Image-Semantic-Search-and-Temporal-Change-Detection-System/data/raw/levir_cd/train/A/train_309.png,/Users/rahulmanchanda/Desktop/AI-Driven-Satellite-Image-Semantic-Search-and-Temporal-Change-Detection-System/data/raw/levir_cd/train/B/train_309.png,/Users/rahulmanchanda/Desktop/AI-Driven-Satellite-Image-Semantic-Search-and-Temporal-Change-Detection-System/data/raw/levir_cd/train/label/train_309.png,1024,1024,3,RGB,building_change,0,,True,,1024,1024,,,,,0,0.0,1.0.0,
train_31,LEVIR-CD,train_31.png,raw/levir_cd/train/A/train_31.png,train,/Users/rahulmanchanda/Desktop/AI-Driven-Satellite-Image-Semantic-Search-and-Temporal-Change-Detection-System/data/raw/levir_cd/train/A/train_31.png,/Users/rahulmanchanda/Desktop/AI-Driven-Satellite-Image-Semantic-Search-and-Temporal-Change-Detection-System/data/raw/levir_cd/train/B/train_31.png,/Users/rahulmanchanda/Desktop/AI-Driven-Satellite-Image-Semantic-Search-and-Temporal-Change-Detection-System/data/raw/levir_cd/train/label/train_31.png,1024,1024,3,RGB,building_change,0,,True,,1024,1024,,,,,18758,0.017889022827148438,1.0.0,
train_310,LEVIR-CD,train_310.png,raw/levir_cd/train/A/train_310.png,train,/Users/rahulmanchanda/Desktop/AI-Driven-Satellite-Image-Semantic-Search-and-Temporal-Change-Detection-System/data/raw/levir_cd/train/A/train_310.png,/Users/rahulmanchanda/Desktop/AI-Driven-Satellite-Image-Semantic-Search-and-Temporal-Change-Detection-System/data/raw/levir_cd/train/B/train_310.png,/Users/rahulmanchanda/Desktop/AI-Driven-Satellite-Image-Semantic-Search-and-Temporal-Change-Detection-System/data/raw/levir_cd/train/label/train_310.png,1024,1024,3,RGB,building_change,0,,True,,1024,1024,,,,,0,0.0,1.0.0,
train_311,LEVIR-CD,train_311.png,raw/levir_cd/train/A/train_311.png,train,/Users/rahulmanchanda/Desktop/AI-Driven-Satellite-Image-Semantic-Search-and-Temporal-Change-Detection-System/data/raw/levir_cd/train/A/train_311.png,/Users/rahulmanchanda/Desktop/AI-Driven-Satellite-Image-Semantic-Search-and-Temporal-Change-Detection-System/data/raw/levir_cd/train/B/train_311.png,/Users/rahulmanchanda/Desktop/AI-Driven-Satellite-Image-Semantic-Search-and-Temporal-Change-Detection-System/data/raw/levir_cd/train/label/train_311.png,1024,1024,3,RGB,building_change,0,,True,,1024,1024,,,,,9959,0.009497642517089844,1.0.0,
train_312,LEVIR-CD,train_312.png,raw/levir_cd/train/A/train_312.png,train,/Users/rahulmanchanda/Desktop/AI-Driven-Satellite-Image-Semantic-Search-and-Temporal-Change-Detection-System/data/raw/levir_cd/train/A/train_312.png,/Users/rahulmanchanda/Desktop/AI-Driven-Satellite-Image-Semantic-Search-and-Temporal-Change-Detection-System/data/raw/levir_cd/train/B/train_312.png,/Users/rahulmanchanda/Desktop/AI-Driven-Satellite-Image-Semantic-Search-and-Temporal-Change-Detection-System/data/raw/levir_cd/train/label/train_312.png,1024,1024,3,RGB,building_change,0,,True,,1024,1024,,,,,1975,0.0018835067749023438,1.0.0,
train_313,LEVIR-CD,train_313.png,raw/levir_cd/train/A/train_313.png,train,/Users/rahulmanchanda/Desktop/AI-Driven-Satellite-Image-Semantic-Search-and-Temporal-Change-Detection-System/data/raw/levir_cd/train/A/train_313.png,/Users/rahulmanchanda/Desktop/AI-Driven-Satellite-Image-Semantic-Search-and-Temporal-Change-Detection-System/data/raw/levir_cd/train/B/train_313.png,/Users/rahulmanchanda/Desktop/AI-Driven-Satellite-Image-Semantic-Search-and-Temporal-Change-Detection-System/data/raw/levir_cd/train/label/train_313.png,1024,1024,3,RGB,building_change,0,,True,,1024,1024,,,,,7485,0.007138252258300781,1.0.0,
train_314,LEVIR-CD,train_314.png,raw/levir_cd/train/A/train_314.png,train,/Users/rahulmanchanda/Desktop/AI-Driven-Satellite-Image-Semantic-Search-and-Temporal-Change-Detection-System/data/raw/levir_cd/train/A/train_314.png,/Users/rahulmanchanda/Desktop/AI-Driven-Satellite-Image-Semantic-Search-and-Temporal-Change-Detection-System/data/raw/levir_cd/train/B/train_314.png,/Users/rahulmanchanda/Desktop/AI-Driven-Satellite-Image-Semantic-Search-and-Temporal-Change-Detection-System/data/raw/levir_cd/train/label/train_314.png,1024,1024,3,RGB,building_change,0,,True,,1024,1024,,,,,2321,0.0022134780883789062,1.0.0,
train_315,LEVIR-CD,train_315.png,raw/levir_cd/train/A/train_315.png,train,/Users/rahulmanchanda/Desktop/AI-Driven-Satellite-Image-Semantic-Search-and-Temporal-Change-Detection-System/data/raw/levir_cd/train/A/train_315.png,/Users/rahulmanchanda/Desktop/AI-Driven-Satellite-Image-Semantic-Search-and-Temporal-Change-Detection-System/data/raw/levir_cd/train/B/train_315.png,/Users/rahulmanchanda/Desktop/AI-Driven-Satellite-Image-Semantic-Search-and-Temporal-Change-Detection-System/data/raw/levir_cd/train/label/train_315.png,1024,1024,3,RGB,building_change,0,,True,,1024,1024,,,,,876,0.000835418701171875,1.0.0,
train_316,LEVIR-CD,train_316.png,raw/levir_cd/train/A/train_316.png,train,/Users/rahulmanchanda/Desktop/AI-Driven-Satellite-Image-Semantic-Search-and-Temporal-Change-Detection-System/data/raw/levir_cd/train/A/train_316.png,/Users/rahulmanchanda/Desktop/AI-Driven-Satellite-Image-Semantic-Search-and-Temporal-Change-Detection-System/data/raw/levir_cd/train/B/train_316.png,/Users/rahulmanchanda/Desktop/AI-Driven-Satellite-Image-Semantic-Search-and-Temporal-Change-Detection-System/data/raw/levir_cd/train/label/train_316.png,1024,1024,3,RGB,building_change,0,,True,,1024,1024,,,,,472,0.00045013427734375,1.0.0,
train_317,LEVIR-CD,train_317.png,raw/levir_cd/train/A/train_317.png,train,/Users/rahulmanchanda/Desktop/AI-Driven-Satellite-Image-Semantic-Search-and-Temporal-Change-Detection-System/data/raw/levir_cd/train/A/train_317.png,/Users/rahulmanchanda/Desktop/AI-Driven-Satellite-Image-Semantic-Search-and-Temporal-Change-Detection-System/data/raw/levir_cd/train/B/train_317.png,/Users/rahulmanchanda/Desktop/AI-Driven-Satellite-Image-Semantic-Search-and-Temporal-Change-Detection-System/data/raw/levir_cd/train/label/train_317.png,1024,1024,3,RGB,building_change,0,,True,,1024,1024,,,,,0,0.0,1.0.0,
train_318,LEVIR-CD,train_318.png,raw/levir_cd/train/A/train_318.png,train,/Users/rahulmanchanda/Desktop/AI-Driven-Satellite-Image-Semantic-Search-and-Temporal-Change-Detection-System/data/raw/levir_cd/train/A/train_318.png,/Users/rahulmanchanda/Desktop/AI-Driven-Satellite-Image-Semantic-Search-and-Temporal-Change-Detection-System/data/raw/levir_cd/train/B/train_318.png,/Users/rahulmanchanda/Desktop/AI-Driven-Satellite-Image-Semantic-Search-and-Temporal-Change-Detection-System/data/raw/levir_cd/train/label/train_318.png,1024,1024,3,RGB,building_change,0,,True,,1024,1024,,,,,588,0.000560760498046875,1.0.0,
train_319,LEVIR-CD,train_319.png,raw/levir_cd/train/A/train_319.png,train,/Users/rahulmanchanda/Desktop/AI-Driven-Satellite-Image-Semantic-Search-and-Temporal-Change-Detection-System/data/raw/levir_cd/train/A/train_319.png,/Users/rahulmanchanda/Desktop/AI-Driven-Satellite-Image-Semantic-Search-and-Temporal-Change-Detection-System/data/raw/levir_cd/train/B/train_319.png,/Users/rahulmanchanda/Desktop/AI-Driven-Satellite-Image-Semantic-Search-and-Temporal-Change-Detection-System/data/raw/levir_cd/train/label/train_319.png,1024,1024,3,RGB,building_change,0,,True,,1024,1024,,,,,0,0.0,1.0.0,
train_32,LEVIR-CD,train_32.png,raw/levir_cd/train/A/train_32.png,train,/Users/rahulmanchanda/Desktop/AI-Driven-Satellite-Image-Semantic-Search-and-Temporal-Change-Detection-System/data/raw/levir_cd/train/A/train_32.png,/Users/rahulmanchanda/Desktop/AI-Driven-Satellite-Image-Semantic-Search-and-Temporal-Change-Detection-System/data/raw/levir_cd/train/B/train_32.png,/Users/rahulmanchanda/Desktop/AI-Driven-Satellite-Image-Semantic-Search-and-Temporal-Change-Detection-System/data/raw/levir_cd/train/label/train_32.png,1024,1024,3,RGB,building_change,0,,True,,1024,1024,,,,,26631,0.025397300720214844,1.0.0,
train_320,LEVIR-CD,train_320.png,raw/levir_cd/train/A/train_320.png,train,/Users/rahulmanchanda/Desktop/AI-Driven-Satellite-Image-Semantic-Search-and-Temporal-Change-Detection-System/data/raw/levir_cd/train/A/train_320.png,/Users/rahulmanchanda/Desktop/AI-Driven-Satellite-Image-Semantic-Search-and-Temporal-Change-Detection-System/data/raw/levir_cd/train/B/train_320.png,/Users/rahulmanchanda/Desktop/AI-Driven-Satellite-Image-Semantic-Search-and-Temporal-Change-Detection-System/data/raw/levir_cd/train/label/train_320.png,1024,1024,3,RGB,building_change,0,,True,,1024,1024,,,,,276,0.000263214111328125,1.0.0,
train_321,LEVIR-CD,train_321.png,raw/levir_cd/train/A/train_321.png,train,/Users/rahulmanchanda/Desktop/AI-Driven-Satellite-Image-Semantic-Search-and-Temporal-Change-Detection-System/data/raw/levir_cd/train/A/train_321.png,/Users/rahulmanchanda/Desktop/AI-Driven-Satellite-Image-Semantic-Search-and-Temporal-Change-Detection-System/data/raw/levir_cd/train/B/train_321.png,/Users/rahulmanchanda/Desktop/AI-Driven-Satellite-Image-Semantic-Search-and-Temporal-Change-Detection-System/data/raw/levir_cd/train/label/train_321.png,1024,1024,3,RGB,building_change,0,,True,,1024,1024,,,,,42526,0.04055595397949219,1.0.0,
train_322,LEVIR-CD,train_322.png,raw/levir_cd/train/A/train_322.png,train,/Users/rahulmanchanda/Desktop/AI-Driven-Satellite-Image-Semantic-Search-and-Temporal-Change-Detection-System/data/raw/levir_cd/train/A/train_322.png,/Users/rahulmanchanda/Desktop/AI-Driven-Satellite-Image-Semantic-Search-and-Temporal-Change-Detection-System/data/raw/levir_cd/train/B/train_322.png,/Users/rahulmanchanda/Desktop/AI-Driven-Satellite-Image-Semantic-Search-and-Temporal-Change-Detection-System/data/raw/levir_cd/train/label/train_322.png,1024,1024,3,RGB,building_change,0,,True,,1024,1024,,,,,2990,0.0028514862060546875,1.0.0,
train_323,LEVIR-CD,train_323.png,raw/levir_cd/train/A/train_323.png,train,/Users/rahulmanchanda/Desktop/AI-Driven-Satellite-Image-Semantic-Search-and-Temporal-Change-Detection-System/data/raw/levir_cd/train/A/train_323.png,/Users/rahulmanchanda/Desktop/AI-Driven-Satellite-Image-Semantic-Search-and-Temporal-Change-Detection-System/data/raw/levir_cd/train/B/train_323.png,/Users/rahulmanchanda/Desktop/AI-Driven-Satellite-Image-Semantic-Search-and-Temporal-Change-Detection-System/data/raw/levir_cd/train/label/train_323.png,1024,1024,3,RGB,building_change,0,,True,,1024,1024,,,,,173160,0.16513824462890625,1.0.0,
train_324,LEVIR-CD,train_324.png,raw/levir_cd/train/A/train_324.png,train,/Users/rahulmanchanda/Desktop/AI-Driven-Satellite-Image-Semantic-Search-and-Temporal-Change-Detection-System/data/raw/levir_cd/train/A/train_324.png,/Users/rahulmanchanda/Desktop/AI-Driven-Satellite-Image-Semantic-Search-and-Temporal-Change-Detection-System/data/raw/levir_cd/train/B/train_324.png,/Users/rahulmanchanda/Desktop/AI-Driven-Satellite-Image-Semantic-Search-and-Temporal-Change-Detection-System/data/raw/levir_cd/train/label/train_324.png,1024,1024,3,RGB,building_change,0,,True,,1024,1024,,,,,84678,0.08075523376464844,1.0.0,
train_325,LEVIR-CD,train_325.png,raw/levir_cd/train/A/train_325.png,train,/Users/rahulmanchanda/Desktop/AI-Driven-Satellite-Image-Semantic-Search-and-Temporal-Change-Detection-System/data/raw/levir_cd/train/A/train_325.png,/Users/rahulmanchanda/Desktop/AI-Driven-Satellite-Image-Semantic-Search-and-Temporal-Change-Detection-System/data/raw/levir_cd/train/B/train_325.png,/Users/rahulmanchanda/Desktop/AI-Driven-Satellite-Image-Semantic-Search-and-Temporal-Change-Detection-System/data/raw/levir_cd/train/label/train_325.png,1024,1024,3,RGB,building_change,0,,True,,1024,1024,,,,,71373,0.06806659698486328,1.0.0,
train_326,LEVIR-CD,train_326.png,raw/levir_cd/train/A/train_326.png,train,/Users/rahulmanchanda/Desktop/AI-Driven-Satellite-Image-Semantic-Search-and-Temporal-Change-Detection-System/data/raw/levir_cd/train/A/train_326.png,/Users/rahulmanchanda/Desktop/AI-Driven-Satellite-Image-Semantic-Search-and-Temporal-Change-Detection-System/data/raw/levir_cd/train/B/train_326.png,/Users/rahulmanchanda/Desktop/AI-Driven-Satellite-Image-Semantic-Search-and-Temporal-Change-Detection-System/data/raw/levir_cd/train/label/train_326.png,1024,1024,3,RGB,building_change,0,,True,,1024,1024,,,,,4558,0.0043468475341796875,1.0.0,
train_327,LEVIR-CD,train_327.png,raw/levir_cd/train/A/train_327.png,train,/Users/rahulmanchanda/Desktop/AI-Driven-Satellite-Image-Semantic-Search-and-Temporal-Change-Detection-System/data/raw/levir_cd/train/A/train_327.png,/Users/rahulmanchanda/Desktop/AI-Driven-Satellite-Image-Semantic-Search-and-Temporal-Change-Detection-System/data/raw/levir_cd/train/B/train_327.png,/Users/rahulmanchanda/Desktop/AI-Driven-Satellite-Image-Semantic-Search-and-Temporal-Change-Detection-System/data/raw/levir_cd/train/label/train_327.png,1024,1024,3,RGB,building_change,0,,True,,1024,1024,,,,,10004,0.009540557861328125,1.0.0,
train_328,LEVIR-CD,train_328.png,raw/levir_cd/train/A/train_328.png,train,/Users/rahulmanchanda/Desktop/AI-Driven-Satellite-Image-Semantic-Search-and-Temporal-Change-Detection-System/data/raw/levir_cd/train/A/train_328.png,/Users/rahulmanchanda/Desktop/AI-Driven-Satellite-Image-Semantic-Search-and-Temporal-Change-Detection-System/data/raw/levir_cd/train/B/train_328.png,/Users/rahulmanchanda/Desktop/AI-Driven-Satellite-Image-Semantic-Search-and-Temporal-Change-Detection-System/data/raw/levir_cd/train/label/train_328.png,1024,1024,3,RGB,building_change,0,,True,,1024,1024,,,,,6700,0.006389617919921875,1.0.0,
train_329,LEVIR-CD,train_329.png,raw/levir_cd/train/A/train_329.png,train,/Users/rahulmanchanda/Desktop/AI-Driven-Satellite-Image-Semantic-Search-and-Temporal-Change-Detection-System/data/raw/levir_cd/train/A/train_329.png,/Users/rahulmanchanda/Desktop/AI-Driven-Satellite-Image-Semantic-Search-and-Temporal-Change-Detection-System/data/raw/levir_cd/train/B/train_329.png,/Users/rahulmanchanda/Desktop/AI-Driven-Satellite-Image-Semantic-Search-and-Temporal-Change-Detection-System/data/raw/levir_cd/train/label/train_329.png,1024,1024,3,RGB,building_change,0,,True,,1024,1024,,,,,12375,0.011801719665527344,1.0.0,
train_33,LEVIR-CD,train_33.png,raw/levir_cd/train/A/train_33.png,train,/Users/rahulmanchanda/Desktop/AI-Driven-Satellite-Image-Semantic-Search-and-Temporal-Change-Detection-System/data/raw/levir_cd/train/A/train_33.png,/Users/rahulmanchanda/Desktop/AI-Driven-Satellite-Image-Semantic-Search-and-Temporal-Change-Detection-System/data/raw/levir_cd/train/B/train_33.png,/Users/rahulmanchanda/Desktop/AI-Driven-Satellite-Image-Semantic-Search-and-Temporal-Change-Detection-System/data/raw/levir_cd/train/label/train_33.png,1024,1024,3,RGB,building_change,0,,True,,1024,1024,,,,,17167,0.016371726989746094,1.0.0,
train_330,LEVIR-CD,train_330.png,raw/levir_cd/train/A/train_330.png,train,/Users/rahulmanchanda/Desktop/AI-Driven-Satellite-Image-Semantic-Search-and-Temporal-Change-Detection-System/data/raw/levir_cd/train/A/train_330.png,/Users/rahulmanchanda/Desktop/AI-Driven-Satellite-Image-Semantic-Search-and-Temporal-Change-Detection-System/data/raw/levir_cd/train/B/train_330.png,/Users/rahulmanchanda/Desktop/AI-Driven-Satellite-Image-Semantic-Search-and-Temporal-Change-Detection-System/data/raw/levir_cd/train/label/train_330.png,1024,1024,3,RGB,building_change,0,,True,,1024,1024,,,,,73249,0.0698556900024414,1.0.0,
train_331,LEVIR-CD,train_331.png,raw/levir_cd/train/A/train_331.png,train,/Users/rahulmanchanda/Desktop/AI-Driven-Satellite-Image-Semantic-Search-and-Temporal-Change-Detection-System/data/raw/levir_cd/train/A/train_331.png,/Users/rahulmanchanda/Desktop/AI-Driven-Satellite-Image-Semantic-Search-and-Temporal-Change-Detection-System/data/raw/levir_cd/train/B/train_331.png,/Users/rahulmanchanda/Desktop/AI-Driven-Satellite-Image-Semantic-Search-and-Temporal-Change-Detection-System/data/raw/levir_cd/train/label/train_331.png,1024,1024,3,RGB,building_change,0,,True,,1024,1024,,,,,88777,0.08466434478759766,1.0.0,
train_332,LEVIR-CD,train_332.png,raw/levir_cd/train/A/train_332.png,train,/Users/rahulmanchanda/Desktop/AI-Driven-Satellite-Image-Semantic-Search-and-Temporal-Change-Detection-System/data/raw/levir_cd/train/A/train_332.png,/Users/rahulmanchanda/Desktop/AI-Driven-Satellite-Image-Semantic-Search-and-Temporal-Change-Detection-System/data/raw/levir_cd/train/B/train_332.png,/Users/rahulmanchanda/Desktop/AI-Driven-Satellite-Image-Semantic-Search-and-Temporal-Change-Detection-System/data/raw/levir_cd/train/label/train_332.png,1024,1024,3,RGB,building_change,0,,True,,1024,1024,,,,,53635,0.05115032196044922,1.0.0,
train_333,LEVIR-CD,train_333.png,raw/levir_cd/train/A/train_333.png,train,/Users/rahulmanchanda/Desktop/AI-Driven-Satellite-Image-Semantic-Search-and-Temporal-Change-Detection-System/data/raw/levir_cd/train/A/train_333.png,/Users/rahulmanchanda/Desktop/AI-Driven-Satellite-Image-Semantic-Search-and-Temporal-Change-Detection-System/data/raw/levir_cd/train/B/train_333.png,/Users/rahulmanchanda/Desktop/AI-Driven-Satellite-Image-Semantic-Search-and-Temporal-Change-Detection-System/data/raw/levir_cd/train/label/train_333.png,1024,1024,3,RGB,building_change,0,,True,,1024,1024,,,,,88442,0.08434486389160156,1.0.0,
train_334,LEVIR-CD,train_334.png,raw/levir_cd/train/A/train_334.png,train,/Users/rahulmanchanda/Desktop/AI-Driven-Satellite-Image-Semantic-Search-and-Temporal-Change-Detection-System/data/raw/levir_cd/train/A/train_334.png,/Users/rahulmanchanda/Desktop/AI-Driven-Satellite-Image-Semantic-Search-and-Temporal-Change-Detection-System/data/raw/levir_cd/train/B/train_334.png,/Users/rahulmanchanda/Desktop/AI-Driven-Satellite-Image-Semantic-Search-and-Temporal-Change-Detection-System/data/raw/levir_cd/train/label/train_334.png,1024,1024,3,RGB,building_change,0,,True,,1024,1024,,,,,3664,0.0034942626953125,1.0.0,
train_335,LEVIR-CD,train_335.png,raw/levir_cd/train/A/train_335.png,train,/Users/rahulmanchanda/Desktop/AI-Driven-Satellite-Image-Semantic-Search-and-Temporal-Change-Detection-System/data/raw/levir_cd/train/A/train_335.png,/Users/rahulmanchanda/Desktop/AI-Driven-Satellite-Image-Semantic-Search-and-Temporal-Change-Detection-System/data/raw/levir_cd/train/B/train_335.png,/Users/rahulmanchanda/Desktop/AI-Driven-Satellite-Image-Semantic-Search-and-Temporal-Change-Detection-System/data/raw/levir_cd/train/label/train_335.png,1024,1024,3,RGB,building_change,0,,True,,1024,1024,,,,,112834,0.10760688781738281,1.0.0,
train_336,LEVIR-CD,train_336.png,raw/levir_cd/train/A/train_336.png,train,/Users/rahulmanchanda/Desktop/AI-Driven-Satellite-Image-Semantic-Search-and-Temporal-Change-Detection-System/data/raw/levir_cd/train/A/train_336.png,/Users/rahulmanchanda/Desktop/AI-Driven-Satellite-Image-Semantic-Search-and-Temporal-Change-Detection-System/data/raw/levir_cd/train/B/train_336.png,/Users/rahulmanchanda/Desktop/AI-Driven-Satellite-Image-Semantic-Search-and-Temporal-Change-Detection-System/data/raw/levir_cd/train/label/train_336.png,1024,1024,3,RGB,building_change,0,,True,,1024,1024,,,,,109098,0.10404396057128906,1.0.0,
train_337,LEVIR-CD,train_337.png,raw/levir_cd/train/A/train_337.png,train,/Users/rahulmanchanda/Desktop/AI-Driven-Satellite-Image-Semantic-Search-and-Temporal-Change-Detection-System/data/raw/levir_cd/train/A/train_337.png,/Users/rahulmanchanda/Desktop/AI-Driven-Satellite-Image-Semantic-Search-and-Temporal-Change-Detection-System/data/raw/levir_cd/train/B/train_337.png,/Users/rahulmanchanda/Desktop/AI-Driven-Satellite-Image-Semantic-Search-and-Temporal-Change-Detection-System/data/raw/levir_cd/train/label/train_337.png,1024,1024,3,RGB,building_change,0,,True,,1024,1024,,,,,0,0.0,1.0.0,
train_338,LEVIR-CD,train_338.png,raw/levir_cd/train/A/train_338.png,train,/Users/rahulmanchanda/Desktop/AI-Driven-Satellite-Image-Semantic-Search-and-Temporal-Change-Detection-System/data/raw/levir_cd/train/A/train_338.png,/Users/rahulmanchanda/Desktop/AI-Driven-Satellite-Image-Semantic-Search-and-Temporal-Change-Detection-System/data/raw/levir_cd/train/B/train_338.png,/Users/rahulmanchanda/Desktop/AI-Driven-Satellite-Image-Semantic-Search-and-Temporal-Change-Detection-System/data/raw/levir_cd/train/label/train_338.png,1024,1024,3,RGB,building_change,0,,True,,1024,1024,,,,,2693,0.0025682449340820312,1.0.0,
train_339,LEVIR-CD,train_339.png,raw/levir_cd/train/A/train_339.png,train,/Users/rahulmanchanda/Desktop/AI-Driven-Satellite-Image-Semantic-Search-and-Temporal-Change-Detection-System/data/raw/levir_cd/train/A/train_339.png,/Users/rahulmanchanda/Desktop/AI-Driven-Satellite-Image-Semantic-Search-and-Temporal-Change-Detection-System/data/raw/levir_cd/train/B/train_339.png,/Users/rahulmanchanda/Desktop/AI-Driven-Satellite-Image-Semantic-Search-and-Temporal-Change-Detection-System/data/raw/levir_cd/train/label/train_339.png,1024,1024,3,RGB,building_change,0,,True,,1024,1024,,,,,0,0.0,1.0.0,
train_34,LEVIR-CD,train_34.png,raw/levir_cd/train/A/train_34.png,train,/Users/rahulmanchanda/Desktop/AI-Driven-Satellite-Image-Semantic-Search-and-Temporal-Change-Detection-System/data/raw/levir_cd/train/A/train_34.png,/Users/rahulmanchanda/Desktop/AI-Driven-Satellite-Image-Semantic-Search-and-Temporal-Change-Detection-System/data/raw/levir_cd/train/B/train_34.png,/Users/rahulmanchanda/Desktop/AI-Driven-Satellite-Image-Semantic-Search-and-Temporal-Change-Detection-System/data/raw/levir_cd/train/label/train_34.png,1024,1024,3,RGB,building_change,0,,True,,1024,1024,,,,,39891,0.03804302215576172,1.0.0,
train_340,LEVIR-CD,train_340.png,raw/levir_cd/train/A/train_340.png,train,/Users/rahulmanchanda/Desktop/AI-Driven-Satellite-Image-Semantic-Search-and-Temporal-Change-Detection-System/data/raw/levir_cd/train/A/train_340.png,/Users/rahulmanchanda/Desktop/AI-Driven-Satellite-Image-Semantic-Search-and-Temporal-Change-Detection-System/data/raw/levir_cd/train/B/train_340.png,/Users/rahulmanchanda/Desktop/AI-Driven-Satellite-Image-Semantic-Search-and-Temporal-Change-Detection-System/data/raw/levir_cd/train/label/train_340.png,1024,1024,3,RGB,building_change,0,,True,,1024,1024,,,,,6300,0.006008148193359375,1.0.0,
train_341,LEVIR-CD,train_341.png,raw/levir_cd/train/A/train_341.png,train,/Users/rahulmanchanda/Desktop/AI-Driven-Satellite-Image-Semantic-Search-and-Temporal-Change-Detection-System/data/raw/levir_cd/train/A/train_341.png,/Users/rahulmanchanda/Desktop/AI-Driven-Satellite-Image-Semantic-Search-and-Temporal-Change-Detection-System/data/raw/levir_cd/train/B/train_341.png,/Users/rahulmanchanda/Desktop/AI-Driven-Satellite-Image-Semantic-Search-and-Temporal-Change-Detection-System/data/raw/levir_cd/train/label/train_341.png,1024,1024,3,RGB,building_change,0,,True,,1024,1024,,,,,14262,0.013601303100585938,1.0.0,
train_342,LEVIR-CD,train_342.png,raw/levir_cd/train/A/train_342.png,train,/Users/rahulmanchanda/Desktop/AI-Driven-Satellite-Image-Semantic-Search-and-Temporal-Change-Detection-System/data/raw/levir_cd/train/A/train_342.png,/Users/rahulmanchanda/Desktop/AI-Driven-Satellite-Image-Semantic-Search-and-Temporal-Change-Detection-System/data/raw/levir_cd/train/B/train_342.png,/Users/rahulmanchanda/Desktop/AI-Driven-Satellite-Image-Semantic-Search-and-Temporal-Change-Detection-System/data/raw/levir_cd/train/label/train_342.png,1024,1024,3,RGB,building_change,0,,True,,1024,1024,,,,,12282,0.011713027954101562,1.0.0,
train_343,LEVIR-CD,train_343.png,raw/levir_cd/train/A/train_343.png,train,/Users/rahulmanchanda/Desktop/AI-Driven-Satellite-Image-Semantic-Search-and-Temporal-Change-Detection-System/data/raw/levir_cd/train/A/train_343.png,/Users/rahulmanchanda/Desktop/AI-Driven-Satellite-Image-Semantic-Search-and-Temporal-Change-Detection-System/data/raw/levir_cd/train/B/train_343.png,/Users/rahulmanchanda/Desktop/AI-Driven-Satellite-Image-Semantic-Search-and-Temporal-Change-Detection-System/data/raw/levir_cd/train/label/train_343.png,1024,1024,3,RGB,building_change,0,,True,,1024,1024,,,,,0,0.0,1.0.0,
train_344,LEVIR-CD,train_344.png,raw/levir_cd/train/A/train_344.png,train,/Users/rahulmanchanda/Desktop/AI-Driven-Satellite-Image-Semantic-Search-and-Temporal-Change-Detection-System/data/raw/levir_cd/train/A/train_344.png,/Users/rahulmanchanda/Desktop/AI-Driven-Satellite-Image-Semantic-Search-and-Temporal-Change-Detection-System/data/raw/levir_cd/train/B/train_344.png,/Users/rahulmanchanda/Desktop/AI-Driven-Satellite-Image-Semantic-Search-and-Temporal-Change-Detection-System/data/raw/levir_cd/train/label/train_344.png,1024,1024,3,RGB,building_change,0,,True,,1024,1024,,,,,1164,0.001110076904296875,1.0.0,
train_345,LEVIR-CD,train_345.png,raw/levir_cd/train/A/train_345.png,train,/Users/rahulmanchanda/Desktop/AI-Driven-Satellite-Image-Semantic-Search-and-Temporal-Change-Detection-System/data/raw/levir_cd/train/A/train_345.png,/Users/rahulmanchanda/Desktop/AI-Driven-Satellite-Image-Semantic-Search-and-Temporal-Change-Detection-System/data/raw/levir_cd/train/B/train_345.png,/Users/rahulmanchanda/Desktop/AI-Driven-Satellite-Image-Semantic-Search-and-Temporal-Change-Detection-System/data/raw/levir_cd/train/label/train_345.png,1024,1024,3,RGB,building_change,0,,True,,1024,1024,,,,,221651,0.21138286590576172,1.0.0,
train_346,LEVIR-CD,train_346.png,raw/levir_cd/train/A/train_346.png,train,/Users/rahulmanchanda/Desktop/AI-Driven-Satellite-Image-Semantic-Search-and-Temporal-Change-Detection-System/data/raw/levir_cd/train/A/train_346.png,/Users/rahulmanchanda/Desktop/AI-Driven-Satellite-Image-Semantic-Search-and-Temporal-Change-Detection-System/data/raw/levir_cd/train/B/train_346.png,/Users/rahulmanchanda/Desktop/AI-Driven-Satellite-Image-Semantic-Search-and-Temporal-Change-Detection-System/data/raw/levir_cd/train/label/train_346.png,1024,1024,3,RGB,building_change,0,,True,,1024,1024,,,,,100352,0.095703125,1.0.0,
train_347,LEVIR-CD,train_347.png,raw/levir_cd/train/A/train_347.png,train,/Users/rahulmanchanda/Desktop/AI-Driven-Satellite-Image-Semantic-Search-and-Temporal-Change-Detection-System/data/raw/levir_cd/train/A/train_347.png,/Users/rahulmanchanda/Desktop/AI-Driven-Satellite-Image-Semantic-Search-and-Temporal-Change-Detection-System/data/raw/levir_cd/train/B/train_347.png,/Users/rahulmanchanda/Desktop/AI-Driven-Satellite-Image-Semantic-Search-and-Temporal-Change-Detection-System/data/raw/levir_cd/train/label/train_347.png,1024,1024,3,RGB,building_change,0,,True,,1024,1024,,,,,2091,0.0019941329956054688,1.0.0,
train_348,LEVIR-CD,train_348.png,raw/levir_cd/train/A/train_348.png,train,/Users/rahulmanchanda/Desktop/AI-Driven-Satellite-Image-Semantic-Search-and-Temporal-Change-Detection-System/data/raw/levir_cd/train/A/train_348.png,/Users/rahulmanchanda/Desktop/AI-Driven-Satellite-Image-Semantic-Search-and-Temporal-Change-Detection-System/data/raw/levir_cd/train/B/train_348.png,/Users/rahulmanchanda/Desktop/AI-Driven-Satellite-Image-Semantic-Search-and-Temporal-Change-Detection-System/data/raw/levir_cd/train/label/train_348.png,1024,1024,3,RGB,building_change,0,,True,,1024,1024,,,,,435,0.00041484832763671875,1.0.0,
train_349,LEVIR-CD,train_349.png,raw/levir_cd/train/A/train_349.png,train,/Users/rahulmanchanda/Desktop/AI-Driven-Satellite-Image-Semantic-Search-and-Temporal-Change-Detection-System/data/raw/levir_cd/train/A/train_349.png,/Users/rahulmanchanda/Desktop/AI-Driven-Satellite-Image-Semantic-Search-and-Temporal-Change-Detection-System/data/raw/levir_cd/train/B/train_349.png,/Users/rahulmanchanda/Desktop/AI-Driven-Satellite-Image-Semantic-Search-and-Temporal-Change-Detection-System/data/raw/levir_cd/train/label/train_349.png,1024,1024,3,RGB,building_change,0,,True,,1024,1024,,,,,99079,0.09448909759521484,1.0.0,
train_35,LEVIR-CD,train_35.png,raw/levir_cd/train/A/train_35.png,train,/Users/rahulmanchanda/Desktop/AI-Driven-Satellite-Image-Semantic-Search-and-Temporal-Change-Detection-System/data/raw/levir_cd/train/A/train_35.png,/Users/rahulmanchanda/Desktop/AI-Driven-Satellite-Image-Semantic-Search-and-Temporal-Change-Detection-System/data/raw/levir_cd/train/B/train_35.png,/Users/rahulmanchanda/Desktop/AI-Driven-Satellite-Image-Semantic-Search-and-Temporal-Change-Detection-System/data/raw/levir_cd/train/label/train_35.png,1024,1024,3,RGB,building_change,0,,True,,1024,1024,,,,,97881,0.09334659576416016,1.0.0,
train_350,LEVIR-CD,train_350.png,raw/levir_cd/train/A/train_350.png,train,/Users/rahulmanchanda/Desktop/AI-Driven-Satellite-Image-Semantic-Search-and-Temporal-Change-Detection-System/data/raw/levir_cd/train/A/train_350.png,/Users/rahulmanchanda/Desktop/AI-Driven-Satellite-Image-Semantic-Search-and-Temporal-Change-Detection-System/data/raw/levir_cd/train/B/train_350.png,/Users/rahulmanchanda/Desktop/AI-Driven-Satellite-Image-Semantic-Search-and-Temporal-Change-Detection-System/data/raw/levir_cd/train/label/train_350.png,1024,1024,3,RGB,building_change,0,,True,,1024,1024,,,,,183421,0.17492389678955078,1.0.0,
train_351,LEVIR-CD,train_351.png,raw/levir_cd/train/A/train_351.png,train,/Users/rahulmanchanda/Desktop/AI-Driven-Satellite-Image-Semantic-Search-and-Temporal-Change-Detection-System/data/raw/levir_cd/train/A/train_351.png,/Users/rahulmanchanda/Desktop/AI-Driven-Satellite-Image-Semantic-Search-and-Temporal-Change-Detection-System/data/raw/levir_cd/train/B/train_351.png,/Users/rahulmanchanda/Desktop/AI-Driven-Satellite-Image-Semantic-Search-and-Temporal-Change-Detection-System/data/raw/levir_cd/train/label/train_351.png,1024,1024,3,RGB,building_change,0,,True,,1024,1024,,,,,83558,0.07968711853027344,1.0.0,
train_352,LEVIR-CD,train_352.png,raw/levir_cd/train/A/train_352.png,train,/Users/rahulmanchanda/Desktop/AI-Driven-Satellite-Image-Semantic-Search-and-Temporal-Change-Detection-System/data/raw/levir_cd/train/A/train_352.png,/Users/rahulmanchanda/Desktop/AI-Driven-Satellite-Image-Semantic-Search-and-Temporal-Change-Detection-System/data/raw/levir_cd/train/B/train_352.png,/Users/rahulmanchanda/Desktop/AI-Driven-Satellite-Image-Semantic-Search-and-Temporal-Change-Detection-System/data/raw/levir_cd/train/label/train_352.png,1024,1024,3,RGB,building_change,0,,True,,1024,1024,,,,,5293,0.005047798156738281,1.0.0,
train_353,LEVIR-CD,train_353.png,raw/levir_cd/train/A/train_353.png,train,/Users/rahulmanchanda/Desktop/AI-Driven-Satellite-Image-Semantic-Search-and-Temporal-Change-Detection-System/data/raw/levir_cd/train/A/train_353.png,/Users/rahulmanchanda/Desktop/AI-Driven-Satellite-Image-Semantic-Search-and-Temporal-Change-Detection-System/data/raw/levir_cd/train/B/train_353.png,/Users/rahulmanchanda/Desktop/AI-Driven-Satellite-Image-Semantic-Search-and-Temporal-Change-Detection-System/data/raw/levir_cd/train/label/train_353.png,1024,1024,3,RGB,building_change,0,,True,,1024,1024,,,,,45956,0.043827056884765625,1.0.0,
train_354,LEVIR-CD,train_354.png,raw/levir_cd/train/A/train_354.png,train,/Users/rahulmanchanda/Desktop/AI-Driven-Satellite-Image-Semantic-Search-and-Temporal-Change-Detection-System/data/raw/levir_cd/train/A/train_354.png,/Users/rahulmanchanda/Desktop/AI-Driven-Satellite-Image-Semantic-Search-and-Temporal-Change-Detection-System/data/raw/levir_cd/train/B/train_354.png,/Users/rahulmanchanda/Desktop/AI-Driven-Satellite-Image-Semantic-Search-and-Temporal-Change-Detection-System/data/raw/levir_cd/train/label/train_354.png,1024,1024,3,RGB,building_change,0,,True,,1024,1024,,,,,91458,0.08722114562988281,1.0.0,
train_355,LEVIR-CD,train_355.png,raw/levir_cd/train/A/train_355.png,train,/Users/rahulmanchanda/Desktop/AI-Driven-Satellite-Image-Semantic-Search-and-Temporal-Change-Detection-System/data/raw/levir_cd/train/A/train_355.png,/Users/rahulmanchanda/Desktop/AI-Driven-Satellite-Image-Semantic-Search-and-Temporal-Change-Detection-System/data/raw/levir_cd/train/B/train_355.png,/Users/rahulmanchanda/Desktop/AI-Driven-Satellite-Image-Semantic-Search-and-Temporal-Change-Detection-System/data/raw/levir_cd/train/label/train_355.png,1024,1024,3,RGB,building_change,0,,True,,1024,1024,,,,,183675,0.17516613006591797,1.0.0,
train_356,LEVIR-CD,train_356.png,raw/levir_cd/train/A/train_356.png,train,/Users/rahulmanchanda/Desktop/AI-Driven-Satellite-Image-Semantic-Search-and-Temporal-Change-Detection-System/data/raw/levir_cd/train/A/train_356.png,/Users/rahulmanchanda/Desktop/AI-Driven-Satellite-Image-Semantic-Search-and-Temporal-Change-Detection-System/data/raw/levir_cd/train/B/train_356.png,/Users/rahulmanchanda/Desktop/AI-Driven-Satellite-Image-Semantic-Search-and-Temporal-Change-Detection-System/data/raw/levir_cd/train/label/train_356.png,1024,1024,3,RGB,building_change,0,,True,,1024,1024,,,,,14274,0.013612747192382812,1.0.0,
train_357,LEVIR-CD,train_357.png,raw/levir_cd/train/A/train_357.png,train,/Users/rahulmanchanda/Desktop/AI-Driven-Satellite-Image-Semantic-Search-and-Temporal-Change-Detection-System/data/raw/levir_cd/train/A/train_357.png,/Users/rahulmanchanda/Desktop/AI-Driven-Satellite-Image-Semantic-Search-and-Temporal-Change-Detection-System/data/raw/levir_cd/train/B/train_357.png,/Users/rahulmanchanda/Desktop/AI-Driven-Satellite-Image-Semantic-Search-and-Temporal-Change-Detection-System/data/raw/levir_cd/train/label/train_357.png,1024,1024,3,RGB,building_change,0,,True,,1024,1024,,,,,1259,0.0012006759643554688,1.0.0,
train_358,LEVIR-CD,train_358.png,raw/levir_cd/train/A/train_358.png,train,/Users/rahulmanchanda/Desktop/AI-Driven-Satellite-Image-Semantic-Search-and-Temporal-Change-Detection-System/data/raw/levir_cd/train/A/train_358.png,/Users/rahulmanchanda/Desktop/AI-Driven-Satellite-Image-Semantic-Search-and-Temporal-Change-Detection-System/data/raw/levir_cd/train/B/train_358.png,/Users/rahulmanchanda/Desktop/AI-Driven-Satellite-Image-Semantic-Search-and-Temporal-Change-Detection-System/data/raw/levir_cd/train/label/train_358.png,1024,1024,3,RGB,building_change,0,,True,,1024,1024,,,,,45975,0.043845176696777344,1.0.0,
train_359,LEVIR-CD,train_359.png,raw/levir_cd/train/A/train_359.png,train,/Users/rahulmanchanda/Desktop/AI-Driven-Satellite-Image-Semantic-Search-and-Temporal-Change-Detection-System/data/raw/levir_cd/train/A/train_359.png,/Users/rahulmanchanda/Desktop/AI-Driven-Satellite-Image-Semantic-Search-and-Temporal-Change-Detection-System/data/raw/levir_cd/train/B/train_359.png,/Users/rahulmanchanda/Desktop/AI-Driven-Satellite-Image-Semantic-Search-and-Temporal-Change-Detection-System/data/raw/levir_cd/train/label/train_359.png,1024,1024,3,RGB,building_change,0,,True,,1024,1024,,,,,3916,0.003734588623046875,1.0.0,
train_36,LEVIR-CD,train_36.png,raw/levir_cd/train/A/train_36.png,train,/Users/rahulmanchanda/Desktop/AI-Driven-Satellite-Image-Semantic-Search-and-Temporal-Change-Detection-System/data/raw/levir_cd/train/A/train_36.png,/Users/rahulmanchanda/Desktop/AI-Driven-Satellite-Image-Semantic-Search-and-Temporal-Change-Detection-System/data/raw/levir_cd/train/B/train_36.png,/Users/rahulmanchanda/Desktop/AI-Driven-Satellite-Image-Semantic-Search-and-Temporal-Change-Detection-System/data/raw/levir_cd/train/label/train_36.png,1024,1024,3,RGB,building_change,0,,True,,1024,1024,,,,,85457,0.0814981460571289,1.0.0,
train_360,LEVIR-CD,train_360.png,raw/levir_cd/train/A/train_360.png,train,/Users/rahulmanchanda/Desktop/AI-Driven-Satellite-Image-Semantic-Search-and-Temporal-Change-Detection-System/data/raw/levir_cd/train/A/train_360.png,/Users/rahulmanchanda/Desktop/AI-Driven-Satellite-Image-Semantic-Search-and-Temporal-Change-Detection-System/data/raw/levir_cd/train/B/train_360.png,/Users/rahulmanchanda/Desktop/AI-Driven-Satellite-Image-Semantic-Search-and-Temporal-Change-Detection-System/data/raw/levir_cd/train/label/train_360.png,1024,1024,3,RGB,building_change,0,,True,,1024,1024,,,,,5108,0.004871368408203125,1.0.0,
train_361,LEVIR-CD,train_361.png,raw/levir_cd/train/A/train_361.png,train,/Users/rahulmanchanda/Desktop/AI-Driven-Satellite-Image-Semantic-Search-and-Temporal-Change-Detection-System/data/raw/levir_cd/train/A/train_361.png,/Users/rahulmanchanda/Desktop/AI-Driven-Satellite-Image-Semantic-Search-and-Temporal-Change-Detection-System/data/raw/levir_cd/train/B/train_361.png,/Users/rahulmanchanda/Desktop/AI-Driven-Satellite-Image-Semantic-Search-and-Temporal-Change-Detection-System/data/raw/levir_cd/train/label/train_361.png,1024,1024,3,RGB,building_change,0,,True,,1024,1024,,,,,120923,0.11532115936279297,1.0.0,
train_362,LEVIR-CD,train_362.png,raw/levir_cd/train/A/train_362.png,train,/Users/rahulmanchanda/Desktop/AI-Driven-Satellite-Image-Semantic-Search-and-Temporal-Change-Detection-System/data/raw/levir_cd/train/A/train_362.png,/Users/rahulmanchanda/Desktop/AI-Driven-Satellite-Image-Semantic-Search-and-Temporal-Change-Detection-System/data/raw/levir_cd/train/B/train_362.png,/Users/rahulmanchanda/Desktop/AI-Driven-Satellite-Image-Semantic-Search-and-Temporal-Change-Detection-System/data/raw/levir_cd/train/label/train_362.png,1024,1024,3,RGB,building_change,0,,True,,1024,1024,,,,,16280,0.01552581787109375,1.0.0,
train_363,LEVIR-CD,train_363.png,raw/levir_cd/train/A/train_363.png,train,/Users/rahulmanchanda/Desktop/AI-Driven-Satellite-Image-Semantic-Search-and-Temporal-Change-Detection-System/data/raw/levir_cd/train/A/train_363.png,/Users/rahulmanchanda/Desktop/AI-Driven-Satellite-Image-Semantic-Search-and-Temporal-Change-Detection-System/data/raw/levir_cd/train/B/train_363.png,/Users/rahulmanchanda/Desktop/AI-Driven-Satellite-Image-Semantic-Search-and-Temporal-Change-Detection-System/data/raw/levir_cd/train/label/train_363.png,1024,1024,3,RGB,building_change,0,,True,,1024,1024,,,,,4461,0.004254341125488281,1.0.0,
train_364,LEVIR-CD,train_364.png,raw/levir_cd/train/A/train_364.png,train,/Users/rahulmanchanda/Desktop/AI-Driven-Satellite-Image-Semantic-Search-and-Temporal-Change-Detection-System/data/raw/levir_cd/train/A/train_364.png,/Users/rahulmanchanda/Desktop/AI-Driven-Satellite-Image-Semantic-Search-and-Temporal-Change-Detection-System/data/raw/levir_cd/train/B/train_364.png,/Users/rahulmanchanda/Desktop/AI-Driven-Satellite-Image-Semantic-Search-and-Temporal-Change-Detection-System/data/raw/levir_cd/train/label/train_364.png,1024,1024,3,RGB,building_change,0,,True,,1024,1024,,,,,1085,0.0010347366333007812,1.0.0,
train_365,LEVIR-CD,train_365.png,raw/levir_cd/train/A/train_365.png,train,/Users/rahulmanchanda/Desktop/AI-Driven-Satellite-Image-Semantic-Search-and-Temporal-Change-Detection-System/data/raw/levir_cd/train/A/train_365.png,/Users/rahulmanchanda/Desktop/AI-Driven-Satellite-Image-Semantic-Search-and-Temporal-Change-Detection-System/data/raw/levir_cd/train/B/train_365.png,/Users/rahulmanchanda/Desktop/AI-Driven-Satellite-Image-Semantic-Search-and-Temporal-Change-Detection-System/data/raw/levir_cd/train/label/train_365.png,1024,1024,3,RGB,building_change,0,,True,,1024,1024,,,,,32953,0.031426429748535156,1.0.0,
train_366,LEVIR-CD,train_366.png,raw/levir_cd/train/A/train_366.png,train,/Users/rahulmanchanda/Desktop/AI-Driven-Satellite-Image-Semantic-Search-and-Temporal-Change-Detection-System/data/raw/levir_cd/train/A/train_366.png,/Users/rahulmanchanda/Desktop/AI-Driven-Satellite-Image-Semantic-Search-and-Temporal-Change-Detection-System/data/raw/levir_cd/train/B/train_366.png,/Users/rahulmanchanda/Desktop/AI-Driven-Satellite-Image-Semantic-Search-and-Temporal-Change-Detection-System/data/raw/levir_cd/train/label/train_366.png,1024,1024,3,RGB,building_change,0,,True,,1024,1024,,,,,15520,0.014801025390625,1.0.0,
train_367,LEVIR-CD,train_367.png,raw/levir_cd/train/A/train_367.png,train,/Users/rahulmanchanda/Desktop/AI-Driven-Satellite-Image-Semantic-Search-and-Temporal-Change-Detection-System/data/raw/levir_cd/train/A/train_367.png,/Users/rahulmanchanda/Desktop/AI-Driven-Satellite-Image-Semantic-Search-and-Temporal-Change-Detection-System/data/raw/levir_cd/train/B/train_367.png,/Users/rahulmanchanda/Desktop/AI-Driven-Satellite-Image-Semantic-Search-and-Temporal-Change-Detection-System/data/raw/levir_cd/train/label/train_367.png,1024,1024,3,RGB,building_change,0,,True,,1024,1024,,,,,6369,0.006073951721191406,1.0.0,
train_368,LEVIR-CD,train_368.png,raw/levir_cd/train/A/train_368.png,train,/Users/rahulmanchanda/Desktop/AI-Driven-Satellite-Image-Semantic-Search-and-Temporal-Change-Detection-System/data/raw/levir_cd/train/A/train_368.png,/Users/rahulmanchanda/Desktop/AI-Driven-Satellite-Image-Semantic-Search-and-Temporal-Change-Detection-System/data/raw/levir_cd/train/B/train_368.png,/Users/rahulmanchanda/Desktop/AI-Driven-Satellite-Image-Semantic-Search-and-Temporal-Change-Detection-System/data/raw/levir_cd/train/label/train_368.png,1024,1024,3,RGB,building_change,0,,True,,1024,1024,,,,,133107,0.12694072723388672,1.0.0,
train_369,LEVIR-CD,train_369.png,raw/levir_cd/train/A/train_369.png,train,/Users/rahulmanchanda/Desktop/AI-Driven-Satellite-Image-Semantic-Search-and-Temporal-Change-Detection-System/data/raw/levir_cd/train/A/train_369.png,/Users/rahulmanchanda/Desktop/AI-Driven-Satellite-Image-Semantic-Search-and-Temporal-Change-Detection-System/data/raw/levir_cd/train/B/train_369.png,/Users/rahulmanchanda/Desktop/AI-Driven-Satellite-Image-Semantic-Search-and-Temporal-Change-Detection-System/data/raw/levir_cd/train/label/train_369.png,1024,1024,3,RGB,building_change,0,,True,,1024,1024,,,,,137474,0.1311054229736328,1.0.0,
train_37,LEVIR-CD,train_37.png,raw/levir_cd/train/A/train_37.png,train,/Users/rahulmanchanda/Desktop/AI-Driven-Satellite-Image-Semantic-Search-and-Temporal-Change-Detection-System/data/raw/levir_cd/train/A/train_37.png,/Users/rahulmanchanda/Desktop/AI-Driven-Satellite-Image-Semantic-Search-and-Temporal-Change-Detection-System/data/raw/levir_cd/train/B/train_37.png,/Users/rahulmanchanda/Desktop/AI-Driven-Satellite-Image-Semantic-Search-and-Temporal-Change-Detection-System/data/raw/levir_cd/train/label/train_37.png,1024,1024,3,RGB,building_change,0,,True,,1024,1024,,,,,79466,0.07578468322753906,1.0.0,
train_370,LEVIR-CD,train_370.png,raw/levir_cd/train/A/train_370.png,train,/Users/rahulmanchanda/Desktop/AI-Driven-Satellite-Image-Semantic-Search-and-Temporal-Change-Detection-System/data/raw/levir_cd/train/A/train_370.png,/Users/rahulmanchanda/Desktop/AI-Driven-Satellite-Image-Semantic-Search-and-Temporal-Change-Detection-System/data/raw/levir_cd/train/B/train_370.png,/Users/rahulmanchanda/Desktop/AI-Driven-Satellite-Image-Semantic-Search-and-Temporal-Change-Detection-System/data/raw/levir_cd/train/label/train_370.png,1024,1024,3,RGB,building_change,0,,True,,1024,1024,,,,,24346,0.023218154907226562,1.0.0,
train_371,LEVIR-CD,train_371.png,raw/levir_cd/train/A/train_371.png,train,/Users/rahulmanchanda/Desktop/AI-Driven-Satellite-Image-Semantic-Search-and-Temporal-Change-Detection-System/data/raw/levir_cd/train/A/train_371.png,/Users/rahulmanchanda/Desktop/AI-Driven-Satellite-Image-Semantic-Search-and-Temporal-Change-Detection-System/data/raw/levir_cd/train/B/train_371.png,/Users/rahulmanchanda/Desktop/AI-Driven-Satellite-Image-Semantic-Search-and-Temporal-Change-Detection-System/data/raw/levir_cd/train/label/train_371.png,1024,1024,3,RGB,building_change,0,,True,,1024,1024,,,,,223,0.00021266937255859375,1.0.0,
train_372,LEVIR-CD,train_372.png,raw/levir_cd/train/A/train_372.png,train,/Users/rahulmanchanda/Desktop/AI-Driven-Satellite-Image-Semantic-Search-and-Temporal-Change-Detection-System/data/raw/levir_cd/train/A/train_372.png,/Users/rahulmanchanda/Desktop/AI-Driven-Satellite-Image-Semantic-Search-and-Temporal-Change-Detection-System/data/raw/levir_cd/train/B/train_372.png,/Users/rahulmanchanda/Desktop/AI-Driven-Satellite-Image-Semantic-Search-and-Temporal-Change-Detection-System/data/raw/levir_cd/train/label/train_372.png,1024,1024,3,RGB,building_change,0,,True,,1024,1024,,,,,1154,0.0011005401611328125,1.0.0,
train_373,LEVIR-CD,train_373.png,raw/levir_cd/train/A/train_373.png,train,/Users/rahulmanchanda/Desktop/AI-Driven-Satellite-Image-Semantic-Search-and-Temporal-Change-Detection-System/data/raw/levir_cd/train/A/train_373.png,/Users/rahulmanchanda/Desktop/AI-Driven-Satellite-Image-Semantic-Search-and-Temporal-Change-Detection-System/data/raw/levir_cd/train/B/train_373.png,/Users/rahulmanchanda/Desktop/AI-Driven-Satellite-Image-Semantic-Search-and-Temporal-Change-Detection-System/data/raw/levir_cd/train/label/train_373.png,1024,1024,3,RGB,building_change,0,,True,,1024,1024,,,,,839,0.0008001327514648438,1.0.0,
train_374,LEVIR-CD,train_374.png,raw/levir_cd/train/A/train_374.png,train,/Users/rahulmanchanda/Desktop/AI-Driven-Satellite-Image-Semantic-Search-and-Temporal-Change-Detection-System/data/raw/levir_cd/train/A/train_374.png,/Users/rahulmanchanda/Desktop/AI-Driven-Satellite-Image-Semantic-Search-and-Temporal-Change-Detection-System/data/raw/levir_cd/train/B/train_374.png,/Users/rahulmanchanda/Desktop/AI-Driven-Satellite-Image-Semantic-Search-and-Temporal-Change-Detection-System/data/raw/levir_cd/train/label/train_374.png,1024,1024,3,RGB,building_change,0,,True,,1024,1024,,,,,16276,0.015522003173828125,1.0.0,
train_375,LEVIR-CD,train_375.png,raw/levir_cd/train/A/train_375.png,train,/Users/rahulmanchanda/Desktop/AI-Driven-Satellite-Image-Semantic-Search-and-Temporal-Change-Detection-System/data/raw/levir_cd/train/A/train_375.png,/Users/rahulmanchanda/Desktop/AI-Driven-Satellite-Image-Semantic-Search-and-Temporal-Change-Detection-System/data/raw/levir_cd/train/B/train_375.png,/Users/rahulmanchanda/Desktop/AI-Driven-Satellite-Image-Semantic-Search-and-Temporal-Change-Detection-System/data/raw/levir_cd/train/label/train_375.png,1024,1024,3,RGB,building_change,0,,True,,1024,1024,,,,,85396,0.08143997192382812,1.0.0,
train_376,LEVIR-CD,train_376.png,raw/levir_cd/train/A/train_376.png,train,/Users/rahulmanchanda/Desktop/AI-Driven-Satellite-Image-Semantic-Search-and-Temporal-Change-Detection-System/data/raw/levir_cd/train/A/train_376.png,/Users/rahulmanchanda/Desktop/AI-Driven-Satellite-Image-Semantic-Search-and-Temporal-Change-Detection-System/data/raw/levir_cd/train/B/train_376.png,/Users/rahulmanchanda/Desktop/AI-Driven-Satellite-Image-Semantic-Search-and-Temporal-Change-Detection-System/data/raw/levir_cd/train/label/train_376.png,1024,1024,3,RGB,building_change,0,,True,,1024,1024,,,,,0,0.0,1.0.0,
train_377,LEVIR-CD,train_377.png,raw/levir_cd/train/A/train_377.png,train,/Users/rahulmanchanda/Desktop/AI-Driven-Satellite-Image-Semantic-Search-and-Temporal-Change-Detection-System/data/raw/levir_cd/train/A/train_377.png,/Users/rahulmanchanda/Desktop/AI-Driven-Satellite-Image-Semantic-Search-and-Temporal-Change-Detection-System/data/raw/levir_cd/train/B/train_377.png,/Users/rahulmanchanda/Desktop/AI-Driven-Satellite-Image-Semantic-Search-and-Temporal-Change-Detection-System/data/raw/levir_cd/train/label/train_377.png,1024,1024,3,RGB,building_change,0,,True,,1024,1024,,,,,7930,0.0075626373291015625,1.0.0,
train_378,LEVIR-CD,train_378.png,raw/levir_cd/train/A/train_378.png,train,/Users/rahulmanchanda/Desktop/AI-Driven-Satellite-Image-Semantic-Search-and-Temporal-Change-Detection-System/data/raw/levir_cd/train/A/train_378.png,/Users/rahulmanchanda/Desktop/AI-Driven-Satellite-Image-Semantic-Search-and-Temporal-Change-Detection-System/data/raw/levir_cd/train/B/train_378.png,/Users/rahulmanchanda/Desktop/AI-Driven-Satellite-Image-Semantic-Search-and-Temporal-Change-Detection-System/data/raw/levir_cd/train/label/train_378.png,1024,1024,3,RGB,building_change,0,,True,,1024,1024,,,,,6398,0.0061016082763671875,1.0.0,
train_379,LEVIR-CD,train_379.png,raw/levir_cd/train/A/train_379.png,train,/Users/rahulmanchanda/Desktop/AI-Driven-Satellite-Image-Semantic-Search-and-Temporal-Change-Detection-System/data/raw/levir_cd/train/A/train_379.png,/Users/rahulmanchanda/Desktop/AI-Driven-Satellite-Image-Semantic-Search-and-Temporal-Change-Detection-System/data/raw/levir_cd/train/B/train_379.png,/Users/rahulmanchanda/Desktop/AI-Driven-Satellite-Image-Semantic-Search-and-Temporal-Change-Detection-System/data/raw/levir_cd/train/label/train_379.png,1024,1024,3,RGB,building_change,0,,True,,1024,1024,,,,,8777,0.008370399475097656,1.0.0,
train_38,LEVIR-CD,train_38.png,raw/levir_cd/train/A/train_38.png,train,/Users/rahulmanchanda/Desktop/AI-Driven-Satellite-Image-Semantic-Search-and-Temporal-Change-Detection-System/data/raw/levir_cd/train/A/train_38.png,/Users/rahulmanchanda/Desktop/AI-Driven-Satellite-Image-Semantic-Search-and-Temporal-Change-Detection-System/data/raw/levir_cd/train/B/train_38.png,/Users/rahulmanchanda/Desktop/AI-Driven-Satellite-Image-Semantic-Search-and-Temporal-Change-Detection-System/data/raw/levir_cd/train/label/train_38.png,1024,1024,3,RGB,building_change,0,,True,,1024,1024,,,,,166557,0.15884113311767578,1.0.0,
train_380,LEVIR-CD,train_380.png,raw/levir_cd/train/A/train_380.png,train,/Users/rahulmanchanda/Desktop/AI-Driven-Satellite-Image-Semantic-Search-and-Temporal-Change-Detection-System/data/raw/levir_cd/train/A/train_380.png,/Users/rahulmanchanda/Desktop/AI-Driven-Satellite-Image-Semantic-Search-and-Temporal-Change-Detection-System/data/raw/levir_cd/train/B/train_380.png,/Users/rahulmanchanda/Desktop/AI-Driven-Satellite-Image-Semantic-Search-and-Temporal-Change-Detection-System/data/raw/levir_cd/train/label/train_380.png,1024,1024,3,RGB,building_change,0,,True,,1024,1024,,,,,61958,0.05908775329589844,1.0.0,
train_381,LEVIR-CD,train_381.png,raw/levir_cd/train/A/train_381.png,train,/Users/rahulmanchanda/Desktop/AI-Driven-Satellite-Image-Semantic-Search-and-Temporal-Change-Detection-System/data/raw/levir_cd/train/A/train_381.png,/Users/rahulmanchanda/Desktop/AI-Driven-Satellite-Image-Semantic-Search-and-Temporal-Change-Detection-System/data/raw/levir_cd/train/B/train_381.png,/Users/rahulmanchanda/Desktop/AI-Driven-Satellite-Image-Semantic-Search-and-Temporal-Change-Detection-System/data/raw/levir_cd/train/label/train_381.png,1024,1024,3,RGB,building_change,0,,True,,1024,1024,,,,,26095,0.024886131286621094,1.0.0,
train_382,LEVIR-CD,train_382.png,raw/levir_cd/train/A/train_382.png,train,/Users/rahulmanchanda/Desktop/AI-Driven-Satellite-Image-Semantic-Search-and-Temporal-Change-Detection-System/data/raw/levir_cd/train/A/train_382.png,/Users/rahulmanchanda/Desktop/AI-Driven-Satellite-Image-Semantic-Search-and-Temporal-Change-Detection-System/data/raw/levir_cd/train/B/train_382.png,/Users/rahulmanchanda/Desktop/AI-Driven-Satellite-Image-Semantic-Search-and-Temporal-Change-Detection-System/data/raw/levir_cd/train/label/train_382.png,1024,1024,3,RGB,building_change,0,,True,,1024,1024,,,,,5343,0.005095481872558594,1.0.0,
train_383,LEVIR-CD,train_383.png,raw/levir_cd/train/A/train_383.png,train,/Users/rahulmanchanda/Desktop/AI-Driven-Satellite-Image-Semantic-Search-and-Temporal-Change-Detection-System/data/raw/levir_cd/train/A/train_383.png,/Users/rahulmanchanda/Desktop/AI-Driven-Satellite-Image-Semantic-Search-and-Temporal-Change-Detection-System/data/raw/levir_cd/train/B/train_383.png,/Users/rahulmanchanda/Desktop/AI-Driven-Satellite-Image-Semantic-Search-and-Temporal-Change-Detection-System/data/raw/levir_cd/train/label/train_383.png,1024,1024,3,RGB,building_change,0,,True,,1024,1024,,,,,8557,0.008160591125488281,1.0.0,
train_384,LEVIR-CD,train_384.png,raw/levir_cd/train/A/train_384.png,train,/Users/rahulmanchanda/Desktop/AI-Driven-Satellite-Image-Semantic-Search-and-Temporal-Change-Detection-System/data/raw/levir_cd/train/A/train_384.png,/Users/rahulmanchanda/Desktop/AI-Driven-Satellite-Image-Semantic-Search-and-Temporal-Change-Detection-System/data/raw/levir_cd/train/B/train_384.png,/Users/rahulmanchanda/Desktop/AI-Driven-Satellite-Image-Semantic-Search-and-Temporal-Change-Detection-System/data/raw/levir_cd/train/label/train_384.png,1024,1024,3,RGB,building_change,0,,True,,1024,1024,,,,,0,0.0,1.0.0,
train_385,LEVIR-CD,train_385.png,raw/levir_cd/train/A/train_385.png,train,/Users/rahulmanchanda/Desktop/AI-Driven-Satellite-Image-Semantic-Search-and-Temporal-Change-Detection-System/data/raw/levir_cd/train/A/train_385.png,/Users/rahulmanchanda/Desktop/AI-Driven-Satellite-Image-Semantic-Search-and-Temporal-Change-Detection-System/data/raw/levir_cd/train/B/train_385.png,/Users/rahulmanchanda/Desktop/AI-Driven-Satellite-Image-Semantic-Search-and-Temporal-Change-Detection-System/data/raw/levir_cd/train/label/train_385.png,1024,1024,3,RGB,building_change,0,,True,,1024,1024,,,,,24854,0.023702621459960938,1.0.0,
train_386,LEVIR-CD,train_386.png,raw/levir_cd/train/A/train_386.png,train,/Users/rahulmanchanda/Desktop/AI-Driven-Satellite-Image-Semantic-Search-and-Temporal-Change-Detection-System/data/raw/levir_cd/train/A/train_386.png,/Users/rahulmanchanda/Desktop/AI-Driven-Satellite-Image-Semantic-Search-and-Temporal-Change-Detection-System/data/raw/levir_cd/train/B/train_386.png,/Users/rahulmanchanda/Desktop/AI-Driven-Satellite-Image-Semantic-Search-and-Temporal-Change-Detection-System/data/raw/levir_cd/train/label/train_386.png,1024,1024,3,RGB,building_change,0,,True,,1024,1024,,,,,45744,0.0436248779296875,1.0.0,
train_387,LEVIR-CD,train_387.png,raw/levir_cd/train/A/train_387.png,train,/Users/rahulmanchanda/Desktop/AI-Driven-Satellite-Image-Semantic-Search-and-Temporal-Change-Detection-System/data/raw/levir_cd/train/A/train_387.png,/Users/rahulmanchanda/Desktop/AI-Driven-Satellite-Image-Semantic-Search-and-Temporal-Change-Detection-System/data/raw/levir_cd/train/B/train_387.png,/Users/rahulmanchanda/Desktop/AI-Driven-Satellite-Image-Semantic-Search-and-Temporal-Change-Detection-System/data/raw/levir_cd/train/label/train_387.png,1024,1024,3,RGB,building_change,0,,True,,1024,1024,,,,,0,0.0,1.0.0,
train_388,LEVIR-CD,train_388.png,raw/levir_cd/train/A/train_388.png,train,/Users/rahulmanchanda/Desktop/AI-Driven-Satellite-Image-Semantic-Search-and-Temporal-Change-Detection-System/data/raw/levir_cd/train/A/train_388.png,/Users/rahulmanchanda/Desktop/AI-Driven-Satellite-Image-Semantic-Search-and-Temporal-Change-Detection-System/data/raw/levir_cd/train/B/train_388.png,/Users/rahulmanchanda/Desktop/AI-Driven-Satellite-Image-Semantic-Search-and-Temporal-Change-Detection-System/data/raw/levir_cd/train/label/train_388.png,1024,1024,3,RGB,building_change,0,,True,,1024,1024,,,,,0,0.0,1.0.0,
train_389,LEVIR-CD,train_389.png,raw/levir_cd/train/A/train_389.png,train,/Users/rahulmanchanda/Desktop/AI-Driven-Satellite-Image-Semantic-Search-and-Temporal-Change-Detection-System/data/raw/levir_cd/train/A/train_389.png,/Users/rahulmanchanda/Desktop/AI-Driven-Satellite-Image-Semantic-Search-and-Temporal-Change-Detection-System/data/raw/levir_cd/train/B/train_389.png,/Users/rahulmanchanda/Desktop/AI-Driven-Satellite-Image-Semantic-Search-and-Temporal-Change-Detection-System/data/raw/levir_cd/train/label/train_389.png,1024,1024,3,RGB,building_change,0,,True,,1024,1024,,,,,25270,0.024099349975585938,1.0.0,
train_39,LEVIR-CD,train_39.png,raw/levir_cd/train/A/train_39.png,train,/Users/rahulmanchanda/Desktop/AI-Driven-Satellite-Image-Semantic-Search-and-Temporal-Change-Detection-System/data/raw/levir_cd/train/A/train_39.png,/Users/rahulmanchanda/Desktop/AI-Driven-Satellite-Image-Semantic-Search-and-Temporal-Change-Detection-System/data/raw/levir_cd/train/B/train_39.png,/Users/rahulmanchanda/Desktop/AI-Driven-Satellite-Image-Semantic-Search-and-Temporal-Change-Detection-System/data/raw/levir_cd/train/label/train_39.png,1024,1024,3,RGB,building_change,0,,True,,1024,1024,,,,,67178,0.06406593322753906,1.0.0,
train_390,LEVIR-CD,train_390.png,raw/levir_cd/train/A/train_390.png,train,/Users/rahulmanchanda/Desktop/AI-Driven-Satellite-Image-Semantic-Search-and-Temporal-Change-Detection-System/data/raw/levir_cd/train/A/train_390.png,/Users/rahulmanchanda/Desktop/AI-Driven-Satellite-Image-Semantic-Search-and-Temporal-Change-Detection-System/data/raw/levir_cd/train/B/train_390.png,/Users/rahulmanchanda/Desktop/AI-Driven-Satellite-Image-Semantic-Search-and-Temporal-Change-Detection-System/data/raw/levir_cd/train/label/train_390.png,1024,1024,3,RGB,building_change,0,,True,,1024,1024,,,,,19926,0.019002914428710938,1.0.0,
train_391,LEVIR-CD,train_391.png,raw/levir_cd/train/A/train_391.png,train,/Users/rahulmanchanda/Desktop/AI-Driven-Satellite-Image-Semantic-Search-and-Temporal-Change-Detection-System/data/raw/levir_cd/train/A/train_391.png,/Users/rahulmanchanda/Desktop/AI-Driven-Satellite-Image-Semantic-Search-and-Temporal-Change-Detection-System/data/raw/levir_cd/train/B/train_391.png,/Users/rahulmanchanda/Desktop/AI-Driven-Satellite-Image-Semantic-Search-and-Temporal-Change-Detection-System/data/raw/levir_cd/train/label/train_391.png,1024,1024,3,RGB,building_change,0,,True,,1024,1024,,,,,108599,0.10356807708740234,1.0.0,
train_392,LEVIR-CD,train_392.png,raw/levir_cd/train/A/train_392.png,train,/Users/rahulmanchanda/Desktop/AI-Driven-Satellite-Image-Semantic-Search-and-Temporal-Change-Detection-System/data/raw/levir_cd/train/A/train_392.png,/Users/rahulmanchanda/Desktop/AI-Driven-Satellite-Image-Semantic-Search-and-Temporal-Change-Detection-System/data/raw/levir_cd/train/B/train_392.png,/Users/rahulmanchanda/Desktop/AI-Driven-Satellite-Image-Semantic-Search-and-Temporal-Change-Detection-System/data/raw/levir_cd/train/label/train_392.png,1024,1024,3,RGB,building_change,0,,True,,1024,1024,,,,,55003,0.05245494842529297,1.0.0,
train_393,LEVIR-CD,train_393.png,raw/levir_cd/train/A/train_393.png,train,/Users/rahulmanchanda/Desktop/AI-Driven-Satellite-Image-Semantic-Search-and-Temporal-Change-Detection-System/data/raw/levir_cd/train/A/train_393.png,/Users/rahulmanchanda/Desktop/AI-Driven-Satellite-Image-Semantic-Search-and-Temporal-Change-Detection-System/data/raw/levir_cd/train/B/train_393.png,/Users/rahulmanchanda/Desktop/AI-Driven-Satellite-Image-Semantic-Search-and-Temporal-Change-Detection-System/data/raw/levir_cd/train/label/train_393.png,1024,1024,3,RGB,building_change,0,,True,,1024,1024,,,,,32445,0.03094196319580078,1.0.0,
train_394,LEVIR-CD,train_394.png,raw/levir_cd/train/A/train_394.png,train,/Users/rahulmanchanda/Desktop/AI-Driven-Satellite-Image-Semantic-Search-and-Temporal-Change-Detection-System/data/raw/levir_cd/train/A/train_394.png,/Users/rahulmanchanda/Desktop/AI-Driven-Satellite-Image-Semantic-Search-and-Temporal-Change-Detection-System/data/raw/levir_cd/train/B/train_394.png,/Users/rahulmanchanda/Desktop/AI-Driven-Satellite-Image-Semantic-Search-and-Temporal-Change-Detection-System/data/raw/levir_cd/train/label/train_394.png,1024,1024,3,RGB,building_change,0,,True,,1024,1024,,,,,1554,0.0014820098876953125,1.0.0,
train_395,LEVIR-CD,train_395.png,raw/levir_cd/train/A/train_395.png,train,/Users/rahulmanchanda/Desktop/AI-Driven-Satellite-Image-Semantic-Search-and-Temporal-Change-Detection-System/data/raw/levir_cd/train/A/train_395.png,/Users/rahulmanchanda/Desktop/AI-Driven-Satellite-Image-Semantic-Search-and-Temporal-Change-Detection-System/data/raw/levir_cd/train/B/train_395.png,/Users/rahulmanchanda/Desktop/AI-Driven-Satellite-Image-Semantic-Search-and-Temporal-Change-Detection-System/data/raw/levir_cd/train/label/train_395.png,1024,1024,3,RGB,building_change,0,,True,,1024,1024,,,,,25282,0.024110794067382812,1.0.0,
train_396,LEVIR-CD,train_396.png,raw/levir_cd/train/A/train_396.png,train,/Users/rahulmanchanda/Desktop/AI-Driven-Satellite-Image-Semantic-Search-and-Temporal-Change-Detection-System/data/raw/levir_cd/train/A/train_396.png,/Users/rahulmanchanda/Desktop/AI-Driven-Satellite-Image-Semantic-Search-and-Temporal-Change-Detection-System/data/raw/levir_cd/train/B/train_396.png,/Users/rahulmanchanda/Desktop/AI-Driven-Satellite-Image-Semantic-Search-and-Temporal-Change-Detection-System/data/raw/levir_cd/train/label/train_396.png,1024,1024,3,RGB,building_change,0,,True,,1024,1024,,,,,148720,0.1418304443359375,1.0.0,
train_397,LEVIR-CD,train_397.png,raw/levir_cd/train/A/train_397.png,train,/Users/rahulmanchanda/Desktop/AI-Driven-Satellite-Image-Semantic-Search-and-Temporal-Change-Detection-System/data/raw/levir_cd/train/A/train_397.png,/Users/rahulmanchanda/Desktop/AI-Driven-Satellite-Image-Semantic-Search-and-Temporal-Change-Detection-System/data/raw/levir_cd/train/B/train_397.png,/Users/rahulmanchanda/Desktop/AI-Driven-Satellite-Image-Semantic-Search-and-Temporal-Change-Detection-System/data/raw/levir_cd/train/label/train_397.png,1024,1024,3,RGB,building_change,0,,True,,1024,1024,,,,,49518,0.04722404479980469,1.0.0,
train_398,LEVIR-CD,train_398.png,raw/levir_cd/train/A/train_398.png,train,/Users/rahulmanchanda/Desktop/AI-Driven-Satellite-Image-Semantic-Search-and-Temporal-Change-Detection-System/data/raw/levir_cd/train/A/train_398.png,/Users/rahulmanchanda/Desktop/AI-Driven-Satellite-Image-Semantic-Search-and-Temporal-Change-Detection-System/data/raw/levir_cd/train/B/train_398.png,/Users/rahulmanchanda/Desktop/AI-Driven-Satellite-Image-Semantic-Search-and-Temporal-Change-Detection-System/data/raw/levir_cd/train/label/train_398.png,1024,1024,3,RGB,building_change,0,,True,,1024,1024,,,,,4003,0.0038175582885742188,1.0.0,
train_399,LEVIR-CD,train_399.png,raw/levir_cd/train/A/train_399.png,train,/Users/rahulmanchanda/Desktop/AI-Driven-Satellite-Image-Semantic-Search-and-Temporal-Change-Detection-System/data/raw/levir_cd/train/A/train_399.png,/Users/rahulmanchanda/Desktop/AI-Driven-Satellite-Image-Semantic-Search-and-Temporal-Change-Detection-System/data/raw/levir_cd/train/B/train_399.png,/Users/rahulmanchanda/Desktop/AI-Driven-Satellite-Image-Semantic-Search-and-Temporal-Change-Detection-System/data/raw/levir_cd/train/label/train_399.png,1024,1024,3,RGB,building_change,0,,True,,1024,1024,,,,,30821,0.02939319610595703,1.0.0,
train_4,LEVIR-CD,train_4.png,raw/levir_cd/train/A/train_4.png,train,/Users/rahulmanchanda/Desktop/AI-Driven-Satellite-Image-Semantic-Search-and-Temporal-Change-Detection-System/data/raw/levir_cd/train/A/train_4.png,/Users/rahulmanchanda/Desktop/AI-Driven-Satellite-Image-Semantic-Search-and-Temporal-Change-Detection-System/data/raw/levir_cd/train/B/train_4.png,/Users/rahulmanchanda/Desktop/AI-Driven-Satellite-Image-Semantic-Search-and-Temporal-Change-Detection-System/data/raw/levir_cd/train/label/train_4.png,1024,1024,3,RGB,building_change,0,,True,,1024,1024,,,,,95835,0.09139537811279297,1.0.0,
train_40,LEVIR-CD,train_40.png,raw/levir_cd/train/A/train_40.png,train,/Users/rahulmanchanda/Desktop/AI-Driven-Satellite-Image-Semantic-Search-and-Temporal-Change-Detection-System/data/raw/levir_cd/train/A/train_40.png,/Users/rahulmanchanda/Desktop/AI-Driven-Satellite-Image-Semantic-Search-and-Temporal-Change-Detection-System/data/raw/levir_cd/train/B/train_40.png,/Users/rahulmanchanda/Desktop/AI-Driven-Satellite-Image-Semantic-Search-and-Temporal-Change-Detection-System/data/raw/levir_cd/train/label/train_40.png,1024,1024,3,RGB,building_change,0,,True,,1024,1024,,,,,72361,0.06900882720947266,1.0.0,
train_400,LEVIR-CD,train_400.png,raw/levir_cd/train/A/train_400.png,train,/Users/rahulmanchanda/Desktop/AI-Driven-Satellite-Image-Semantic-Search-and-Temporal-Change-Detection-System/data/raw/levir_cd/train/A/train_400.png,/Users/rahulmanchanda/Desktop/AI-Driven-Satellite-Image-Semantic-Search-and-Temporal-Change-Detection-System/data/raw/levir_cd/train/B/train_400.png,/Users/rahulmanchanda/Desktop/AI-Driven-Satellite-Image-Semantic-Search-and-Temporal-Change-Detection-System/data/raw/levir_cd/train/label/train_400.png,1024,1024,3,RGB,building_change,0,,True,,1024,1024,,,,,6082,0.0058002471923828125,1.0.0,
train_401,LEVIR-CD,train_401.png,raw/levir_cd/train/A/train_401.png,train,/Users/rahulmanchanda/Desktop/AI-Driven-Satellite-Image-Semantic-Search-and-Temporal-Change-Detection-System/data/raw/levir_cd/train/A/train_401.png,/Users/rahulmanchanda/Desktop/AI-Driven-Satellite-Image-Semantic-Search-and-Temporal-Change-Detection-System/data/raw/levir_cd/train/B/train_401.png,/Users/rahulmanchanda/Desktop/AI-Driven-Satellite-Image-Semantic-Search-and-Temporal-Change-Detection-System/data/raw/levir_cd/train/label/train_401.png,1024,1024,3,RGB,building_change,0,,True,,1024,1024,,,,,19067,0.01818370819091797,1.0.0,
train_402,LEVIR-CD,train_402.png,raw/levir_cd/train/A/train_402.png,train,/Users/rahulmanchanda/Desktop/AI-Driven-Satellite-Image-Semantic-Search-and-Temporal-Change-Detection-System/data/raw/levir_cd/train/A/train_402.png,/Users/rahulmanchanda/Desktop/AI-Driven-Satellite-Image-Semantic-Search-and-Temporal-Change-Detection-System/data/raw/levir_cd/train/B/train_402.png,/Users/rahulmanchanda/Desktop/AI-Driven-Satellite-Image-Semantic-Search-and-Temporal-Change-Detection-System/data/raw/levir_cd/train/label/train_402.png,1024,1024,3,RGB,building_change,0,,True,,1024,1024,,,,,15376,0.0146636962890625,1.0.0,
train_403,LEVIR-CD,train_403.png,raw/levir_cd/train/A/train_403.png,train,/Users/rahulmanchanda/Desktop/AI-Driven-Satellite-Image-Semantic-Search-and-Temporal-Change-Detection-System/data/raw/levir_cd/train/A/train_403.png,/Users/rahulmanchanda/Desktop/AI-Driven-Satellite-Image-Semantic-Search-and-Temporal-Change-Detection-System/data/raw/levir_cd/train/B/train_403.png,/Users/rahulmanchanda/Desktop/AI-Driven-Satellite-Image-Semantic-Search-and-Temporal-Change-Detection-System/data/raw/levir_cd/train/label/train_403.png,1024,1024,3,RGB,building_change,0,,True,,1024,1024,,,,,0,0.0,1.0.0,
train_404,LEVIR-CD,train_404.png,raw/levir_cd/train/A/train_404.png,train,/Users/rahulmanchanda/Desktop/AI-Driven-Satellite-Image-Semantic-Search-and-Temporal-Change-Detection-System/data/raw/levir_cd/train/A/train_404.png,/Users/rahulmanchanda/Desktop/AI-Driven-Satellite-Image-Semantic-Search-and-Temporal-Change-Detection-System/data/raw/levir_cd/train/B/train_404.png,/Users/rahulmanchanda/Desktop/AI-Driven-Satellite-Image-Semantic-Search-and-Temporal-Change-Detection-System/data/raw/levir_cd/train/label/train_404.png,1024,1024,3,RGB,building_change,0,,True,,1024,1024,,,,,8565,0.008168220520019531,1.0.0,
train_405,LEVIR-CD,train_405.png,raw/levir_cd/train/A/train_405.png,train,/Users/rahulmanchanda/Desktop/AI-Driven-Satellite-Image-Semantic-Search-and-Temporal-Change-Detection-System/data/raw/levir_cd/train/A/train_405.png,/Users/rahulmanchanda/Desktop/AI-Driven-Satellite-Image-Semantic-Search-and-Temporal-Change-Detection-System/data/raw/levir_cd/train/B/train_405.png,/Users/rahulmanchanda/Desktop/AI-Driven-Satellite-Image-Semantic-Search-and-Temporal-Change-Detection-System/data/raw/levir_cd/train/label/train_405.png,1024,1024,3,RGB,building_change,0,,True,,1024,1024,,,,,10245,0.009770393371582031,1.0.0,
train_406,LEVIR-CD,train_406.png,raw/levir_cd/train/A/train_406.png,train,/Users/rahulmanchanda/Desktop/AI-Driven-Satellite-Image-Semantic-Search-and-Temporal-Change-Detection-System/data/raw/levir_cd/train/A/train_406.png,/Users/rahulmanchanda/Desktop/AI-Driven-Satellite-Image-Semantic-Search-and-Temporal-Change-Detection-System/data/raw/levir_cd/train/B/train_406.png,/Users/rahulmanchanda/Desktop/AI-Driven-Satellite-Image-Semantic-Search-and-Temporal-Change-Detection-System/data/raw/levir_cd/train/label/train_406.png,1024,1024,3,RGB,building_change,0,,True,,1024,1024,,,,,327,0.00031185150146484375,1.0.0,
train_407,LEVIR-CD,train_407.png,raw/levir_cd/train/A/train_407.png,train,/Users/rahulmanchanda/Desktop/AI-Driven-Satellite-Image-Semantic-Search-and-Temporal-Change-Detection-System/data/raw/levir_cd/train/A/train_407.png,/Users/rahulmanchanda/Desktop/AI-Driven-Satellite-Image-Semantic-Search-and-Temporal-Change-Detection-System/data/raw/levir_cd/train/B/train_407.png,/Users/rahulmanchanda/Desktop/AI-Driven-Satellite-Image-Semantic-Search-and-Temporal-Change-Detection-System/data/raw/levir_cd/train/label/train_407.png,1024,1024,3,RGB,building_change,0,,True,,1024,1024,,,,,74369,0.0709238052368164,1.0.0,
train_408,LEVIR-CD,train_408.png,raw/levir_cd/train/A/train_408.png,train,/Users/rahulmanchanda/Desktop/AI-Driven-Satellite-Image-Semantic-Search-and-Temporal-Change-Detection-System/data/raw/levir_cd/train/A/train_408.png,/Users/rahulmanchanda/Desktop/AI-Driven-Satellite-Image-Semantic-Search-and-Temporal-Change-Detection-System/data/raw/levir_cd/train/B/train_408.png,/Users/rahulmanchanda/Desktop/AI-Driven-Satellite-Image-Semantic-Search-and-Temporal-Change-Detection-System/data/raw/levir_cd/train/label/train_408.png,1024,1024,3,RGB,building_change,0,,True,,1024,1024,,,,,0,0.0,1.0.0,
train_409,LEVIR-CD,train_409.png,raw/levir_cd/train/A/train_409.png,train,/Users/rahulmanchanda/Desktop/AI-Driven-Satellite-Image-Semantic-Search-and-Temporal-Change-Detection-System/data/raw/levir_cd/train/A/train_409.png,/Users/rahulmanchanda/Desktop/AI-Driven-Satellite-Image-Semantic-Search-and-Temporal-Change-Detection-System/data/raw/levir_cd/train/B/train_409.png,/Users/rahulmanchanda/Desktop/AI-Driven-Satellite-Image-Semantic-Search-and-Temporal-Change-Detection-System/data/raw/levir_cd/train/label/train_409.png,1024,1024,3,RGB,building_change,0,,True,,1024,1024,,,,,4012,0.003826141357421875,1.0.0,
train_41,LEVIR-CD,train_41.png,raw/levir_cd/train/A/train_41.png,train,/Users/rahulmanchanda/Desktop/AI-Driven-Satellite-Image-Semantic-Search-and-Temporal-Change-Detection-System/data/raw/levir_cd/train/A/train_41.png,/Users/rahulmanchanda/Desktop/AI-Driven-Satellite-Image-Semantic-Search-and-Temporal-Change-Detection-System/data/raw/levir_cd/train/B/train_41.png,/Users/rahulmanchanda/Desktop/AI-Driven-Satellite-Image-Semantic-Search-and-Temporal-Change-Detection-System/data/raw/levir_cd/train/label/train_41.png,1024,1024,3,RGB,building_change,0,,True,,1024,1024,,,,,61519,0.058669090270996094,1.0.0,
train_410,LEVIR-CD,train_410.png,raw/levir_cd/train/A/train_410.png,train,/Users/rahulmanchanda/Desktop/AI-Driven-Satellite-Image-Semantic-Search-and-Temporal-Change-Detection-System/data/raw/levir_cd/train/A/train_410.png,/Users/rahulmanchanda/Desktop/AI-Driven-Satellite-Image-Semantic-Search-and-Temporal-Change-Detection-System/data/raw/levir_cd/train/B/train_410.png,/Users/rahulmanchanda/Desktop/AI-Driven-Satellite-Image-Semantic-Search-and-Temporal-Change-Detection-System/data/raw/levir_cd/train/label/train_410.png,1024,1024,3,RGB,building_change,0,,True,,1024,1024,,,,,9726,0.009275436401367188,1.0.0,
train_411,LEVIR-CD,train_411.png,raw/levir_cd/train/A/train_411.png,train,/Users/rahulmanchanda/Desktop/AI-Driven-Satellite-Image-Semantic-Search-and-Temporal-Change-Detection-System/data/raw/levir_cd/train/A/train_411.png,/Users/rahulmanchanda/Desktop/AI-Driven-Satellite-Image-Semantic-Search-and-Temporal-Change-Detection-System/data/raw/levir_cd/train/B/train_411.png,/Users/rahulmanchanda/Desktop/AI-Driven-Satellite-Image-Semantic-Search-and-Temporal-Change-Detection-System/data/raw/levir_cd/train/label/train_411.png,1024,1024,3,RGB,building_change,0,,True,,1024,1024,,,,,56026,0.05343055725097656,1.0.0,
train_412,LEVIR-CD,train_412.png,raw/levir_cd/train/A/train_412.png,train,/Users/rahulmanchanda/Desktop/AI-Driven-Satellite-Image-Semantic-Search-and-Temporal-Change-Detection-System/data/raw/levir_cd/train/A/train_412.png,/Users/rahulmanchanda/Desktop/AI-Driven-Satellite-Image-Semantic-Search-and-Temporal-Change-Detection-System/data/raw/levir_cd/train/B/train_412.png,/Users/rahulmanchanda/Desktop/AI-Driven-Satellite-Image-Semantic-Search-and-Temporal-Change-Detection-System/data/raw/levir_cd/train/label/train_412.png,1024,1024,3,RGB,building_change,0,,True,,1024,1024,,,,,19292,0.018398284912109375,1.0.0,
train_413,LEVIR-CD,train_413.png,raw/levir_cd/train/A/train_413.png,train,/Users/rahulmanchanda/Desktop/AI-Driven-Satellite-Image-Semantic-Search-and-Temporal-Change-Detection-System/data/raw/levir_cd/train/A/train_413.png,/Users/rahulmanchanda/Desktop/AI-Driven-Satellite-Image-Semantic-Search-and-Temporal-Change-Detection-System/data/raw/levir_cd/train/B/train_413.png,/Users/rahulmanchanda/Desktop/AI-Driven-Satellite-Image-Semantic-Search-and-Temporal-Change-Detection-System/data/raw/levir_cd/train/label/train_413.png,1024,1024,3,RGB,building_change,0,,True,,1024,1024,,,,,103408,0.0986175537109375,1.0.0,
train_414,LEVIR-CD,train_414.png,raw/levir_cd/train/A/train_414.png,train,/Users/rahulmanchanda/Desktop/AI-Driven-Satellite-Image-Semantic-Search-and-Temporal-Change-Detection-System/data/raw/levir_cd/train/A/train_414.png,/Users/rahulmanchanda/Desktop/AI-Driven-Satellite-Image-Semantic-Search-and-Temporal-Change-Detection-System/data/raw/levir_cd/train/B/train_414.png,/Users/rahulmanchanda/Desktop/AI-Driven-Satellite-Image-Semantic-Search-and-Temporal-Change-Detection-System/data/raw/levir_cd/train/label/train_414.png,1024,1024,3,RGB,building_change,0,,True,,1024,1024,,,,,12541,0.011960029602050781,1.0.0,
train_415,LEVIR-CD,train_415.png,raw/levir_cd/train/A/train_415.png,train,/Users/rahulmanchanda/Desktop/AI-Driven-Satellite-Image-Semantic-Search-and-Temporal-Change-Detection-System/data/raw/levir_cd/train/A/train_415.png,/Users/rahulmanchanda/Desktop/AI-Driven-Satellite-Image-Semantic-Search-and-Temporal-Change-Detection-System/data/raw/levir_cd/train/B/train_415.png,/Users/rahulmanchanda/Desktop/AI-Driven-Satellite-Image-Semantic-Search-and-Temporal-Change-Detection-System/data/raw/levir_cd/train/label/train_415.png,1024,1024,3,RGB,building_change,0,,True,,1024,1024,,,,,2926,0.0027904510498046875,1.0.0,
train_416,LEVIR-CD,train_416.png,raw/levir_cd/train/A/train_416.png,train,/Users/rahulmanchanda/Desktop/AI-Driven-Satellite-Image-Semantic-Search-and-Temporal-Change-Detection-System/data/raw/levir_cd/train/A/train_416.png,/Users/rahulmanchanda/Desktop/AI-Driven-Satellite-Image-Semantic-Search-and-Temporal-Change-Detection-System/data/raw/levir_cd/train/B/train_416.png,/Users/rahulmanchanda/Desktop/AI-Driven-Satellite-Image-Semantic-Search-and-Temporal-Change-Detection-System/data/raw/levir_cd/train/label/train_416.png,1024,1024,3,RGB,building_change,0,,True,,1024,1024,,,,,28514,0.027193069458007812,1.0.0,
train_417,LEVIR-CD,train_417.png,raw/levir_cd/train/A/train_417.png,train,/Users/rahulmanchanda/Desktop/AI-Driven-Satellite-Image-Semantic-Search-and-Temporal-Change-Detection-System/data/raw/levir_cd/train/A/train_417.png,/Users/rahulmanchanda/Desktop/AI-Driven-Satellite-Image-Semantic-Search-and-Temporal-Change-Detection-System/data/raw/levir_cd/train/B/train_417.png,/Users/rahulmanchanda/Desktop/AI-Driven-Satellite-Image-Semantic-Search-and-Temporal-Change-Detection-System/data/raw/levir_cd/train/label/train_417.png,1024,1024,3,RGB,building_change,0,,True,,1024,1024,,,,,11296,0.010772705078125,1.0.0,
train_418,LEVIR-CD,train_418.png,raw/levir_cd/train/A/train_418.png,train,/Users/rahulmanchanda/Desktop/AI-Driven-Satellite-Image-Semantic-Search-and-Temporal-Change-Detection-System/data/raw/levir_cd/train/A/train_418.png,/Users/rahulmanchanda/Desktop/AI-Driven-Satellite-Image-Semantic-Search-and-Temporal-Change-Detection-System/data/raw/levir_cd/train/B/train_418.png,/Users/rahulmanchanda/Desktop/AI-Driven-Satellite-Image-Semantic-Search-and-Temporal-Change-Detection-System/data/raw/levir_cd/train/label/train_418.png,1024,1024,3,RGB,building_change,0,,True,,1024,1024,,,,,49071,0.046797752380371094,1.0.0,
train_419,LEVIR-CD,train_419.png,raw/levir_cd/train/A/train_419.png,train,/Users/rahulmanchanda/Desktop/AI-Driven-Satellite-Image-Semantic-Search-and-Temporal-Change-Detection-System/data/raw/levir_cd/train/A/train_419.png,/Users/rahulmanchanda/Desktop/AI-Driven-Satellite-Image-Semantic-Search-and-Temporal-Change-Detection-System/data/raw/levir_cd/train/B/train_419.png,/Users/rahulmanchanda/Desktop/AI-Driven-Satellite-Image-Semantic-Search-and-Temporal-Change-Detection-System/data/raw/levir_cd/train/label/train_419.png,1024,1024,3,RGB,building_change,0,,True,,1024,1024,,,,,0,0.0,1.0.0,
train_42,LEVIR-CD,train_42.png,raw/levir_cd/train/A/train_42.png,train,/Users/rahulmanchanda/Desktop/AI-Driven-Satellite-Image-Semantic-Search-and-Temporal-Change-Detection-System/data/raw/levir_cd/train/A/train_42.png,/Users/rahulmanchanda/Desktop/AI-Driven-Satellite-Image-Semantic-Search-and-Temporal-Change-Detection-System/data/raw/levir_cd/train/B/train_42.png,/Users/rahulmanchanda/Desktop/AI-Driven-Satellite-Image-Semantic-Search-and-Temporal-Change-Detection-System/data/raw/levir_cd/train/label/train_42.png,1024,1024,3,RGB,building_change,0,,True,,1024,1024,,,,,35681,0.034028053283691406,1.0.0,
train_420,LEVIR-CD,train_420.png,raw/levir_cd/train/A/train_420.png,train,/Users/rahulmanchanda/Desktop/AI-Driven-Satellite-Image-Semantic-Search-and-Temporal-Change-Detection-System/data/raw/levir_cd/train/A/train_420.png,/Users/rahulmanchanda/Desktop/AI-Driven-Satellite-Image-Semantic-Search-and-Temporal-Change-Detection-System/data/raw/levir_cd/train/B/train_420.png,/Users/rahulmanchanda/Desktop/AI-Driven-Satellite-Image-Semantic-Search-and-Temporal-Change-Detection-System/data/raw/levir_cd/train/label/train_420.png,1024,1024,3,RGB,building_change,0,,True,,1024,1024,,,,,136722,0.1303882598876953,1.0.0,
train_421,LEVIR-CD,train_421.png,raw/levir_cd/train/A/train_421.png,train,/Users/rahulmanchanda/Desktop/AI-Driven-Satellite-Image-Semantic-Search-and-Temporal-Change-Detection-System/data/raw/levir_cd/train/A/train_421.png,/Users/rahulmanchanda/Desktop/AI-Driven-Satellite-Image-Semantic-Search-and-Temporal-Change-Detection-System/data/raw/levir_cd/train/B/train_421.png,/Users/rahulmanchanda/Desktop/AI-Driven-Satellite-Image-Semantic-Search-and-Temporal-Change-Detection-System/data/raw/levir_cd/train/label/train_421.png,1024,1024,3,RGB,building_change,0,,True,,1024,1024,,,,,18078,0.017240524291992188,1.0.0,
train_422,LEVIR-CD,train_422.png,raw/levir_cd/train/A/train_422.png,train,/Users/rahulmanchanda/Desktop/AI-Driven-Satellite-Image-Semantic-Search-and-Temporal-Change-Detection-System/data/raw/levir_cd/train/A/train_422.png,/Users/rahulmanchanda/Desktop/AI-Driven-Satellite-Image-Semantic-Search-and-Temporal-Change-Detection-System/data/raw/levir_cd/train/B/train_422.png,/Users/rahulmanchanda/Desktop/AI-Driven-Satellite-Image-Semantic-Search-and-Temporal-Change-Detection-System/data/raw/levir_cd/train/label/train_422.png,1024,1024,3,RGB,building_change,0,,True,,1024,1024,,,,,2766,0.0026378631591796875,1.0.0,
train_423,LEVIR-CD,train_423.png,raw/levir_cd/train/A/train_423.png,train,/Users/rahulmanchanda/Desktop/AI-Driven-Satellite-Image-Semantic-Search-and-Temporal-Change-Detection-System/data/raw/levir_cd/train/A/train_423.png,/Users/rahulmanchanda/Desktop/AI-Driven-Satellite-Image-Semantic-Search-and-Temporal-Change-Detection-System/data/raw/levir_cd/train/B/train_423.png,/Users/rahulmanchanda/Desktop/AI-Driven-Satellite-Image-Semantic-Search-and-Temporal-Change-Detection-System/data/raw/levir_cd/train/label/train_423.png,1024,1024,3,RGB,building_change,0,,True,,1024,1024,,,,,0,0.0,1.0.0,
train_424,LEVIR-CD,train_424.png,raw/levir_cd/train/A/train_424.png,train,/Users/rahulmanchanda/Desktop/AI-Driven-Satellite-Image-Semantic-Search-and-Temporal-Change-Detection-System/data/raw/levir_cd/train/A/train_424.png,/Users/rahulmanchanda/Desktop/AI-Driven-Satellite-Image-Semantic-Search-and-Temporal-Change-Detection-System/data/raw/levir_cd/train/B/train_424.png,/Users/rahulmanchanda/Desktop/AI-Driven-Satellite-Image-Semantic-Search-and-Temporal-Change-Detection-System/data/raw/levir_cd/train/label/train_424.png,1024,1024,3,RGB,building_change,0,,True,,1024,1024,,,,,0,0.0,1.0.0,
train_425,LEVIR-CD,train_425.png,raw/levir_cd/train/A/train_425.png,train,/Users/rahulmanchanda/Desktop/AI-Driven-Satellite-Image-Semantic-Search-and-Temporal-Change-Detection-System/data/raw/levir_cd/train/A/train_425.png,/Users/rahulmanchanda/Desktop/AI-Driven-Satellite-Image-Semantic-Search-and-Temporal-Change-Detection-System/data/raw/levir_cd/train/B/train_425.png,/Users/rahulmanchanda/Desktop/AI-Driven-Satellite-Image-Semantic-Search-and-Temporal-Change-Detection-System/data/raw/levir_cd/train/label/train_425.png,1024,1024,3,RGB,building_change,0,,True,,1024,1024,,,,,60266,0.05747413635253906,1.0.0,
train_426,LEVIR-CD,train_426.png,raw/levir_cd/train/A/train_426.png,train,/Users/rahulmanchanda/Desktop/AI-Driven-Satellite-Image-Semantic-Search-and-Temporal-Change-Detection-System/data/raw/levir_cd/train/A/train_426.png,/Users/rahulmanchanda/Desktop/AI-Driven-Satellite-Image-Semantic-Search-and-Temporal-Change-Detection-System/data/raw/levir_cd/train/B/train_426.png,/Users/rahulmanchanda/Desktop/AI-Driven-Satellite-Image-Semantic-Search-and-Temporal-Change-Detection-System/data/raw/levir_cd/train/label/train_426.png,1024,1024,3,RGB,building_change,0,,True,,1024,1024,,,,,50514,0.04817390441894531,1.0.0,
train_427,LEVIR-CD,train_427.png,raw/levir_cd/train/A/train_427.png,train,/Users/rahulmanchanda/Desktop/AI-Driven-Satellite-Image-Semantic-Search-and-Temporal-Change-Detection-System/data/raw/levir_cd/train/A/train_427.png,/Users/rahulmanchanda/Desktop/AI-Driven-Satellite-Image-Semantic-Search-and-Temporal-Change-Detection-System/data/raw/levir_cd/train/B/train_427.png,/Users/rahulmanchanda/Desktop/AI-Driven-Satellite-Image-Semantic-Search-and-Temporal-Change-Detection-System/data/raw/levir_cd/train/label/train_427.png,1024,1024,3,RGB,building_change,0,,True,,1024,1024,,,,,2088,0.00199127197265625,1.0.0,
train_428,LEVIR-CD,train_428.png,raw/levir_cd/train/A/train_428.png,train,/Users/rahulmanchanda/Desktop/AI-Driven-Satellite-Image-Semantic-Search-and-Temporal-Change-Detection-System/data/raw/levir_cd/train/A/train_428.png,/Users/rahulmanchanda/Desktop/AI-Driven-Satellite-Image-Semantic-Search-and-Temporal-Change-Detection-System/data/raw/levir_cd/train/B/train_428.png,/Users/rahulmanchanda/Desktop/AI-Driven-Satellite-Image-Semantic-Search-and-Temporal-Change-Detection-System/data/raw/levir_cd/train/label/train_428.png,1024,1024,3,RGB,building_change,0,,True,,1024,1024,,,,,0,0.0,1.0.0,
train_429,LEVIR-CD,train_429.png,raw/levir_cd/train/A/train_429.png,train,/Users/rahulmanchanda/Desktop/AI-Driven-Satellite-Image-Semantic-Search-and-Temporal-Change-Detection-System/data/raw/levir_cd/train/A/train_429.png,/Users/rahulmanchanda/Desktop/AI-Driven-Satellite-Image-Semantic-Search-and-Temporal-Change-Detection-System/data/raw/levir_cd/train/B/train_429.png,/Users/rahulmanchanda/Desktop/AI-Driven-Satellite-Image-Semantic-Search-and-Temporal-Change-Detection-System/data/raw/levir_cd/train/label/train_429.png,1024,1024,3,RGB,building_change,0,,True,,1024,1024,,,,,984,0.00093841552734375,1.0.0,
train_43,LEVIR-CD,train_43.png,raw/levir_cd/train/A/train_43.png,train,/Users/rahulmanchanda/Desktop/AI-Driven-Satellite-Image-Semantic-Search-and-Temporal-Change-Detection-System/data/raw/levir_cd/train/A/train_43.png,/Users/rahulmanchanda/Desktop/AI-Driven-Satellite-Image-Semantic-Search-and-Temporal-Change-Detection-System/data/raw/levir_cd/train/B/train_43.png,/Users/rahulmanchanda/Desktop/AI-Driven-Satellite-Image-Semantic-Search-and-Temporal-Change-Detection-System/data/raw/levir_cd/train/label/train_43.png,1024,1024,3,RGB,building_change,0,,True,,1024,1024,,,,,15520,0.014801025390625,1.0.0,
train_430,LEVIR-CD,train_430.png,raw/levir_cd/train/A/train_430.png,train,/Users/rahulmanchanda/Desktop/AI-Driven-Satellite-Image-Semantic-Search-and-Temporal-Change-Detection-System/data/raw/levir_cd/train/A/train_430.png,/Users/rahulmanchanda/Desktop/AI-Driven-Satellite-Image-Semantic-Search-and-Temporal-Change-Detection-System/data/raw/levir_cd/train/B/train_430.png,/Users/rahulmanchanda/Desktop/AI-Driven-Satellite-Image-Semantic-Search-and-Temporal-Change-Detection-System/data/raw/levir_cd/train/label/train_430.png,1024,1024,3,RGB,building_change,0,,True,,1024,1024,,,,,364,0.000347137451171875,1.0.0,
train_431,LEVIR-CD,train_431.png,raw/levir_cd/train/A/train_431.png,train,/Users/rahulmanchanda/Desktop/AI-Driven-Satellite-Image-Semantic-Search-and-Temporal-Change-Detection-System/data/raw/levir_cd/train/A/train_431.png,/Users/rahulmanchanda/Desktop/AI-Driven-Satellite-Image-Semantic-Search-and-Temporal-Change-Detection-System/data/raw/levir_cd/train/B/train_431.png,/Users/rahulmanchanda/Desktop/AI-Driven-Satellite-Image-Semantic-Search-and-Temporal-Change-Detection-System/data/raw/levir_cd/train/label/train_431.png,1024,1024,3,RGB,building_change,0,,True,,1024,1024,,,,,4342,0.0041408538818359375,1.0.0,
train_432,LEVIR-CD,train_432.png,raw/levir_cd/train/A/train_432.png,train,/Users/rahulmanchanda/Desktop/AI-Driven-Satellite-Image-Semantic-Search-and-Temporal-Change-Detection-System/data/raw/levir_cd/train/A/train_432.png,/Users/rahulmanchanda/Desktop/AI-Driven-Satellite-Image-Semantic-Search-and-Temporal-Change-Detection-System/data/raw/levir_cd/train/B/train_432.png,/Users/rahulmanchanda/Desktop/AI-Driven-Satellite-Image-Semantic-Search-and-Temporal-Change-Detection-System/data/raw/levir_cd/train/label/train_432.png,1024,1024,3,RGB,building_change,0,,True,,1024,1024,,,,,0,0.0,1.0.0,
train_433,LEVIR-CD,train_433.png,raw/levir_cd/train/A/train_433.png,train,/Users/rahulmanchanda/Desktop/AI-Driven-Satellite-Image-Semantic-Search-and-Temporal-Change-Detection-System/data/raw/levir_cd/train/A/train_433.png,/Users/rahulmanchanda/Desktop/AI-Driven-Satellite-Image-Semantic-Search-and-Temporal-Change-Detection-System/data/raw/levir_cd/train/B/train_433.png,/Users/rahulmanchanda/Desktop/AI-Driven-Satellite-Image-Semantic-Search-and-Temporal-Change-Detection-System/data/raw/levir_cd/train/label/train_433.png,1024,1024,3,RGB,building_change,0,,True,,1024,1024,,,,,0,0.0,1.0.0,
train_434,LEVIR-CD,train_434.png,raw/levir_cd/train/A/train_434.png,train,/Users/rahulmanchanda/Desktop/AI-Driven-Satellite-Image-Semantic-Search-and-Temporal-Change-Detection-System/data/raw/levir_cd/train/A/train_434.png,/Users/rahulmanchanda/Desktop/AI-Driven-Satellite-Image-Semantic-Search-and-Temporal-Change-Detection-System/data/raw/levir_cd/train/B/train_434.png,/Users/rahulmanchanda/Desktop/AI-Driven-Satellite-Image-Semantic-Search-and-Temporal-Change-Detection-System/data/raw/levir_cd/train/label/train_434.png,1024,1024,3,RGB,building_change,0,,True,,1024,1024,,,,,0,0.0,1.0.0,
train_435,LEVIR-CD,train_435.png,raw/levir_cd/train/A/train_435.png,train,/Users/rahulmanchanda/Desktop/AI-Driven-Satellite-Image-Semantic-Search-and-Temporal-Change-Detection-System/data/raw/levir_cd/train/A/train_435.png,/Users/rahulmanchanda/Desktop/AI-Driven-Satellite-Image-Semantic-Search-and-Temporal-Change-Detection-System/data/raw/levir_cd/train/B/train_435.png,/Users/rahulmanchanda/Desktop/AI-Driven-Satellite-Image-Semantic-Search-and-Temporal-Change-Detection-System/data/raw/levir_cd/train/label/train_435.png,1024,1024,3,RGB,building_change,0,,True,,1024,1024,,,,,0,0.0,1.0.0,
train_436,LEVIR-CD,train_436.png,raw/levir_cd/train/A/train_436.png,train,/Users/rahulmanchanda/Desktop/AI-Driven-Satellite-Image-Semantic-Search-and-Temporal-Change-Detection-System/data/raw/levir_cd/train/A/train_436.png,/Users/rahulmanchanda/Desktop/AI-Driven-Satellite-Image-Semantic-Search-and-Temporal-Change-Detection-System/data/raw/levir_cd/train/B/train_436.png,/Users/rahulmanchanda/Desktop/AI-Driven-Satellite-Image-Semantic-Search-and-Temporal-Change-Detection-System/data/raw/levir_cd/train/label/train_436.png,1024,1024,3,RGB,building_change,0,,True,,1024,1024,,,,,65309,0.06228351593017578,1.0.0,
train_437,LEVIR-CD,train_437.png,raw/levir_cd/train/A/train_437.png,train,/Users/rahulmanchanda/Desktop/AI-Driven-Satellite-Image-Semantic-Search-and-Temporal-Change-Detection-System/data/raw/levir_cd/train/A/train_437.png,/Users/rahulmanchanda/Desktop/AI-Driven-Satellite-Image-Semantic-Search-and-Temporal-Change-Detection-System/data/raw/levir_cd/train/B/train_437.png,/Users/rahulmanchanda/Desktop/AI-Driven-Satellite-Image-Semantic-Search-and-Temporal-Change-Detection-System/data/raw/levir_cd/train/label/train_437.png,1024,1024,3,RGB,building_change,0,,True,,1024,1024,,,,,17854,0.017026901245117188,1.0.0,
train_438,LEVIR-CD,train_438.png,raw/levir_cd/train/A/train_438.png,train,/Users/rahulmanchanda/Desktop/AI-Driven-Satellite-Image-Semantic-Search-and-Temporal-Change-Detection-System/data/raw/levir_cd/train/A/train_438.png,/Users/rahulmanchanda/Desktop/AI-Driven-Satellite-Image-Semantic-Search-and-Temporal-Change-Detection-System/data/raw/levir_cd/train/B/train_438.png,/Users/rahulmanchanda/Desktop/AI-Driven-Satellite-Image-Semantic-Search-and-Temporal-Change-Detection-System/data/raw/levir_cd/train/label/train_438.png,1024,1024,3,RGB,building_change,0,,True,,1024,1024,,,,,50550,0.04820823669433594,1.0.0,
train_439,LEVIR-CD,train_439.png,raw/levir_cd/train/A/train_439.png,train,/Users/rahulmanchanda/Desktop/AI-Driven-Satellite-Image-Semantic-Search-and-Temporal-Change-Detection-System/data/raw/levir_cd/train/A/train_439.png,/Users/rahulmanchanda/Desktop/AI-Driven-Satellite-Image-Semantic-Search-and-Temporal-Change-Detection-System/data/raw/levir_cd/train/B/train_439.png,/Users/rahulmanchanda/Desktop/AI-Driven-Satellite-Image-Semantic-Search-and-Temporal-Change-Detection-System/data/raw/levir_cd/train/label/train_439.png,1024,1024,3,RGB,building_change,0,,True,,1024,1024,,,,,64109,0.06113910675048828,1.0.0,
train_44,LEVIR-CD,train_44.png,raw/levir_cd/train/A/train_44.png,train,/Users/rahulmanchanda/Desktop/AI-Driven-Satellite-Image-Semantic-Search-and-Temporal-Change-Detection-System/data/raw/levir_cd/train/A/train_44.png,/Users/rahulmanchanda/Desktop/AI-Driven-Satellite-Image-Semantic-Search-and-Temporal-Change-Detection-System/data/raw/levir_cd/train/B/train_44.png,/Users/rahulmanchanda/Desktop/AI-Driven-Satellite-Image-Semantic-Search-and-Temporal-Change-Detection-System/data/raw/levir_cd/train/label/train_44.png,1024,1024,3,RGB,building_change,0,,True,,1024,1024,,,,,115499,0.11014842987060547,1.0.0,
train_440,LEVIR-CD,train_440.png,raw/levir_cd/train/A/train_440.png,train,/Users/rahulmanchanda/Desktop/AI-Driven-Satellite-Image-Semantic-Search-and-Temporal-Change-Detection-System/data/raw/levir_cd/train/A/train_440.png,/Users/rahulmanchanda/Desktop/AI-Driven-Satellite-Image-Semantic-Search-and-Temporal-Change-Detection-System/data/raw/levir_cd/train/B/train_440.png,/Users/rahulmanchanda/Desktop/AI-Driven-Satellite-Image-Semantic-Search-and-Temporal-Change-Detection-System/data/raw/levir_cd/train/label/train_440.png,1024,1024,3,RGB,building_change,0,,True,,1024,1024,,,,,7006,0.0066814422607421875,1.0.0,
train_441,LEVIR-CD,train_441.png,raw/levir_cd/train/A/train_441.png,train,/Users/rahulmanchanda/Desktop/AI-Driven-Satellite-Image-Semantic-Search-and-Temporal-Change-Detection-System/data/raw/levir_cd/train/A/train_441.png,/Users/rahulmanchanda/Desktop/AI-Driven-Satellite-Image-Semantic-Search-and-Temporal-Change-Detection-System/data/raw/levir_cd/train/B/train_441.png,/Users/rahulmanchanda/Desktop/AI-Driven-Satellite-Image-Semantic-Search-and-Temporal-Change-Detection-System/data/raw/levir_cd/train/label/train_441.png,1024,1024,3,RGB,building_change,0,,True,,1024,1024,,,,,7783,0.007422447204589844,1.0.0,
train_442,LEVIR-CD,train_442.png,raw/levir_cd/train/A/train_442.png,train,/Users/rahulmanchanda/Desktop/AI-Driven-Satellite-Image-Semantic-Search-and-Temporal-Change-Detection-System/data/raw/levir_cd/train/A/train_442.png,/Users/rahulmanchanda/Desktop/AI-Driven-Satellite-Image-Semantic-Search-and-Temporal-Change-Detection-System/data/raw/levir_cd/train/B/train_442.png,/Users/rahulmanchanda/Desktop/AI-Driven-Satellite-Image-Semantic-Search-and-Temporal-Change-Detection-System/data/raw/levir_cd/train/label/train_442.png,1024,1024,3,RGB,building_change,0,,True,,1024,1024,,,,,9503,0.009062767028808594,1.0.0,
train_443,LEVIR-CD,train_443.png,raw/levir_cd/train/A/train_443.png,train,/Users/rahulmanchanda/Desktop/AI-Driven-Satellite-Image-Semantic-Search-and-Temporal-Change-Detection-System/data/raw/levir_cd/train/A/train_443.png,/Users/rahulmanchanda/Desktop/AI-Driven-Satellite-Image-Semantic-Search-and-Temporal-Change-Detection-System/data/raw/levir_cd/train/B/train_443.png,/Users/rahulmanchanda/Desktop/AI-Driven-Satellite-Image-Semantic-Search-and-Temporal-Change-Detection-System/data/raw/levir_cd/train/label/train_443.png,1024,1024,3,RGB,building_change,0,,True,,1024,1024,,,,,29615,0.028243064880371094,1.0.0,
train_444,LEVIR-CD,train_444.png,raw/levir_cd/train/A/train_444.png,train,/Users/rahulmanchanda/Desktop/AI-Driven-Satellite-Image-Semantic-Search-and-Temporal-Change-Detection-System/data/raw/levir_cd/train/A/train_444.png,/Users/rahulmanchanda/Desktop/AI-Driven-Satellite-Image-Semantic-Search-and-Temporal-Change-Detection-System/data/raw/levir_cd/train/B/train_444.png,/Users/rahulmanchanda/Desktop/AI-Driven-Satellite-Image-Semantic-Search-and-Temporal-Change-Detection-System/data/raw/levir_cd/train/label/train_444.png,1024,1024,3,RGB,building_change,0,,True,,1024,1024,,,,,94975,0.0905752182006836,1.0.0,
train_445,LEVIR-CD,train_445.png,raw/levir_cd/train/A/train_445.png,train,/Users/rahulmanchanda/Desktop/AI-Driven-Satellite-Image-Semantic-Search-and-Temporal-Change-Detection-System/data/raw/levir_cd/train/A/train_445.png,/Users/rahulmanchanda/Desktop/AI-Driven-Satellite-Image-Semantic-Search-and-Temporal-Change-Detection-System/data/raw/levir_cd/train/B/train_445.png,/Users/rahulmanchanda/Desktop/AI-Driven-Satellite-Image-Semantic-Search-and-Temporal-Change-Detection-System/data/raw/levir_cd/train/label/train_445.png,1024,1024,3,RGB,building_change,0,,True,,1024,1024,,,,,3490,0.0033283233642578125,1.0.0,
train_45,LEVIR-CD,train_45.png,raw/levir_cd/train/A/train_45.png,train,/Users/rahulmanchanda/Desktop/AI-Driven-Satellite-Image-Semantic-Search-and-Temporal-Change-Detection-System/data/raw/levir_cd/train/A/train_45.png,/Users/rahulmanchanda/Desktop/AI-Driven-Satellite-Image-Semantic-Search-and-Temporal-Change-Detection-System/data/raw/levir_cd/train/B/train_45.png,/Users/rahulmanchanda/Desktop/AI-Driven-Satellite-Image-Semantic-Search-and-Temporal-Change-Detection-System/data/raw/levir_cd/train/label/train_45.png,1024,1024,3,RGB,building_change,0,,True,,1024,1024,,,,,133672,0.12747955322265625,1.0.0,
train_46,LEVIR-CD,train_46.png,raw/levir_cd/train/A/train_46.png,train,/Users/rahulmanchanda/Desktop/AI-Driven-Satellite-Image-Semantic-Search-and-Temporal-Change-Detection-System/data/raw/levir_cd/train/A/train_46.png,/Users/rahulmanchanda/Desktop/AI-Driven-Satellite-Image-Semantic-Search-and-Temporal-Change-Detection-System/data/raw/levir_cd/train/B/train_46.png,/Users/rahulmanchanda/Desktop/AI-Driven-Satellite-Image-Semantic-Search-and-Temporal-Change-Detection-System/data/raw/levir_cd/train/label/train_46.png,1024,1024,3,RGB,building_change,0,,True,,1024,1024,,,,,47955,0.04573345184326172,1.0.0,
train_47,LEVIR-CD,train_47.png,raw/levir_cd/train/A/train_47.png,train,/Users/rahulmanchanda/Desktop/AI-Driven-Satellite-Image-Semantic-Search-and-Temporal-Change-Detection-System/data/raw/levir_cd/train/A/train_47.png,/Users/rahulmanchanda/Desktop/AI-Driven-Satellite-Image-Semantic-Search-and-Temporal-Change-Detection-System/data/raw/levir_cd/train/B/train_47.png,/Users/rahulmanchanda/Desktop/AI-Driven-Satellite-Image-Semantic-Search-and-Temporal-Change-Detection-System/data/raw/levir_cd/train/label/train_47.png,1024,1024,3,RGB,building_change,0,,True,,1024,1024,,,,,45456,0.0433502197265625,1.0.0,
train_48,LEVIR-CD,train_48.png,raw/levir_cd/train/A/train_48.png,train,/Users/rahulmanchanda/Desktop/AI-Driven-Satellite-Image-Semantic-Search-and-Temporal-Change-Detection-System/data/raw/levir_cd/train/A/train_48.png,/Users/rahulmanchanda/Desktop/AI-Driven-Satellite-Image-Semantic-Search-and-Temporal-Change-Detection-System/data/raw/levir_cd/train/B/train_48.png,/Users/rahulmanchanda/Desktop/AI-Driven-Satellite-Image-Semantic-Search-and-Temporal-Change-Detection-System/data/raw/levir_cd/train/label/train_48.png,1024,1024,3,RGB,building_change,0,,True,,1024,1024,,,,,21739,0.02073192596435547,1.0.0,
train_49,LEVIR-CD,train_49.png,raw/levir_cd/train/A/train_49.png,train,/Users/rahulmanchanda/Desktop/AI-Driven-Satellite-Image-Semantic-Search-and-Temporal-Change-Detection-System/data/raw/levir_cd/train/A/train_49.png,/Users/rahulmanchanda/Desktop/AI-Driven-Satellite-Image-Semantic-Search-and-Temporal-Change-Detection-System/data/raw/levir_cd/train/B/train_49.png,/Users/rahulmanchanda/Desktop/AI-Driven-Satellite-Image-Semantic-Search-and-Temporal-Change-Detection-System/data/raw/levir_cd/train/label/train_49.png,1024,1024,3,RGB,building_change,0,,True,,1024,1024,,,,,15936,0.01519775390625,1.0.0,
train_5,LEVIR-CD,train_5.png,raw/levir_cd/train/A/train_5.png,train,/Users/rahulmanchanda/Desktop/AI-Driven-Satellite-Image-Semantic-Search-and-Temporal-Change-Detection-System/data/raw/levir_cd/train/A/train_5.png,/Users/rahulmanchanda/Desktop/AI-Driven-Satellite-Image-Semantic-Search-and-Temporal-Change-Detection-System/data/raw/levir_cd/train/B/train_5.png,/Users/rahulmanchanda/Desktop/AI-Driven-Satellite-Image-Semantic-Search-and-Temporal-Change-Detection-System/data/raw/levir_cd/train/label/train_5.png,1024,1024,3,RGB,building_change,0,,True,,1024,1024,,,,,7543,0.007193565368652344,1.0.0,
train_50,LEVIR-CD,train_50.png,raw/levir_cd/train/A/train_50.png,train,/Users/rahulmanchanda/Desktop/AI-Driven-Satellite-Image-Semantic-Search-and-Temporal-Change-Detection-System/data/raw/levir_cd/train/A/train_50.png,/Users/rahulmanchanda/Desktop/AI-Driven-Satellite-Image-Semantic-Search-and-Temporal-Change-Detection-System/data/raw/levir_cd/train/B/train_50.png,/Users/rahulmanchanda/Desktop/AI-Driven-Satellite-Image-Semantic-Search-and-Temporal-Change-Detection-System/data/raw/levir_cd/train/label/train_50.png,1024,1024,3,RGB,building_change,0,,True,,1024,1024,,,,,44452,0.042392730712890625,1.0.0,
train_51,LEVIR-CD,train_51.png,raw/levir_cd/train/A/train_51.png,train,/Users/rahulmanchanda/Desktop/AI-Driven-Satellite-Image-Semantic-Search-and-Temporal-Change-Detection-System/data/raw/levir_cd/train/A/train_51.png,/Users/rahulmanchanda/Desktop/AI-Driven-Satellite-Image-Semantic-Search-and-Temporal-Change-Detection-System/data/raw/levir_cd/train/B/train_51.png,/Users/rahulmanchanda/Desktop/AI-Driven-Satellite-Image-Semantic-Search-and-Temporal-Change-Detection-System/data/raw/levir_cd/train/label/train_51.png,1024,1024,3,RGB,building_change,0,,True,,1024,1024,,,,,23651,0.02255535125732422,1.0.0,
train_52,LEVIR-CD,train_52.png,raw/levir_cd/train/A/train_52.png,train,/Users/rahulmanchanda/Desktop/AI-Driven-Satellite-Image-Semantic-Search-and-Temporal-Change-Detection-System/data/raw/levir_cd/train/A/train_52.png,/Users/rahulmanchanda/Desktop/AI-Driven-Satellite-Image-Semantic-Search-and-Temporal-Change-Detection-System/data/raw/levir_cd/train/B/train_52.png,/Users/rahulmanchanda/Desktop/AI-Driven-Satellite-Image-Semantic-Search-and-Temporal-Change-Detection-System/data/raw/levir_cd/train/label/train_52.png,1024,1024,3,RGB,building_change,0,,True,,1024,1024,,,,,22011,0.02099132537841797,1.0.0,
train_53,LEVIR-CD,train_53.png,raw/levir_cd/train/A/train_53.png,train,/Users/rahulmanchanda/Desktop/AI-Driven-Satellite-Image-Semantic-Search-and-Temporal-Change-Detection-System/data/raw/levir_cd/train/A/train_53.png,/Users/rahulmanchanda/Desktop/AI-Driven-Satellite-Image-Semantic-Search-and-Temporal-Change-Detection-System/data/raw/levir_cd/train/B/train_53.png,/Users/rahulmanchanda/Desktop/AI-Driven-Satellite-Image-Semantic-Search-and-Temporal-Change-Detection-System/data/raw/levir_cd/train/label/train_53.png,1024,1024,3,RGB,building_change,0,,True,,1024,1024,,,,,13267,0.012652397155761719,1.0.0,
train_54,LEVIR-CD,train_54.png,raw/levir_cd/train/A/train_54.png,train,/Users/rahulmanchanda/Desktop/AI-Driven-Satellite-Image-Semantic-Search-and-Temporal-Change-Detection-System/data/raw/levir_cd/train/A/train_54.png,/Users/rahulmanchanda/Desktop/AI-Driven-Satellite-Image-Semantic-Search-and-Temporal-Change-Detection-System/data/raw/levir_cd/train/B/train_54.png,/Users/rahulmanchanda/Desktop/AI-Driven-Satellite-Image-Semantic-Search-and-Temporal-Change-Detection-System/data/raw/levir_cd/train/label/train_54.png,1024,1024,3,RGB,building_change,0,,True,,1024,1024,,,,,18830,0.017957687377929688,1.0.0,
train_55,LEVIR-CD,train_55.png,raw/levir_cd/train/A/train_55.png,train,/Users/rahulmanchanda/Desktop/AI-Driven-Satellite-Image-Semantic-Search-and-Temporal-Change-Detection-System/data/raw/levir_cd/train/A/train_55.png,/Users/rahulmanchanda/Desktop/AI-Driven-Satellite-Image-Semantic-Search-and-Temporal-Change-Detection-System/data/raw/levir_cd/train/B/train_55.png,/Users/rahulmanchanda/Desktop/AI-Driven-Satellite-Image-Semantic-Search-and-Temporal-Change-Detection-System/data/raw/levir_cd/train/label/train_55.png,1024,1024,3,RGB,building_change,0,,True,,1024,1024,,,,,16084,0.015338897705078125,1.0.0,
train_56,LEVIR-CD,train_56.png,raw/levir_cd/train/A/train_56.png,train,/Users/rahulmanchanda/Desktop/AI-Driven-Satellite-Image-Semantic-Search-and-Temporal-Change-Detection-System/data/raw/levir_cd/train/A/train_56.png,/Users/rahulmanchanda/Desktop/AI-Driven-Satellite-Image-Semantic-Search-and-Temporal-Change-Detection-System/data/raw/levir_cd/train/B/train_56.png,/Users/rahulmanchanda/Desktop/AI-Driven-Satellite-Image-Semantic-Search-and-Temporal-Change-Detection-System/data/raw/levir_cd/train/label/train_56.png,1024,1024,3,RGB,building_change,0,,True,,1024,1024,,,,,74676,0.07121658325195312,1.0.0,
train_57,LEVIR-CD,train_57.png,raw/levir_cd/train/A/train_57.png,train,/Users/rahulmanchanda/Desktop/AI-Driven-Satellite-Image-Semantic-Search-and-Temporal-Change-Detection-System/data/raw/levir_cd/train/A/train_57.png,/Users/rahulmanchanda/Desktop/AI-Driven-Satellite-Image-Semantic-Search-and-Temporal-Change-Detection-System/data/raw/levir_cd/train/B/train_57.png,/Users/rahulmanchanda/Desktop/AI-Driven-Satellite-Image-Semantic-Search-and-Temporal-Change-Detection-System/data/raw/levir_cd/train/label/train_57.png,1024,1024,3,RGB,building_change,0,,True,,1024,1024,,,,,17673,0.016854286193847656,1.0.0,
train_58,LEVIR-CD,train_58.png,raw/levir_cd/train/A/train_58.png,train,/Users/rahulmanchanda/Desktop/AI-Driven-Satellite-Image-Semantic-Search-and-Temporal-Change-Detection-System/data/raw/levir_cd/train/A/train_58.png,/Users/rahulmanchanda/Desktop/AI-Driven-Satellite-Image-Semantic-Search-and-Temporal-Change-Detection-System/data/raw/levir_cd/train/B/train_58.png,/Users/rahulmanchanda/Desktop/AI-Driven-Satellite-Image-Semantic-Search-and-Temporal-Change-Detection-System/data/raw/levir_cd/train/label/train_58.png,1024,1024,3,RGB,building_change,0,,True,,1024,1024,,,,,19496,0.01859283447265625,1.0.0,
train_59,LEVIR-CD,train_59.png,raw/levir_cd/train/A/train_59.png,train,/Users/rahulmanchanda/Desktop/AI-Driven-Satellite-Image-Semantic-Search-and-Temporal-Change-Detection-System/data/raw/levir_cd/train/A/train_59.png,/Users/rahulmanchanda/Desktop/AI-Driven-Satellite-Image-Semantic-Search-and-Temporal-Change-Detection-System/data/raw/levir_cd/train/B/train_59.png,/Users/rahulmanchanda/Desktop/AI-Driven-Satellite-Image-Semantic-Search-and-Temporal-Change-Detection-System/data/raw/levir_cd/train/label/train_59.png,1024,1024,3,RGB,building_change,0,,True,,1024,1024,,,,,20373,0.01942920684814453,1.0.0,
train_6,LEVIR-CD,train_6.png,raw/levir_cd/train/A/train_6.png,train,/Users/rahulmanchanda/Desktop/AI-Driven-Satellite-Image-Semantic-Search-and-Temporal-Change-Detection-System/data/raw/levir_cd/train/A/train_6.png,/Users/rahulmanchanda/Desktop/AI-Driven-Satellite-Image-Semantic-Search-and-Temporal-Change-Detection-System/data/raw/levir_cd/train/B/train_6.png,/Users/rahulmanchanda/Desktop/AI-Driven-Satellite-Image-Semantic-Search-and-Temporal-Change-Detection-System/data/raw/levir_cd/train/label/train_6.png,1024,1024,3,RGB,building_change,0,,True,,1024,1024,,,,,7401,0.007058143615722656,1.0.0,
train_60,LEVIR-CD,train_60.png,raw/levir_cd/train/A/train_60.png,train,/Users/rahulmanchanda/Desktop/AI-Driven-Satellite-Image-Semantic-Search-and-Temporal-Change-Detection-System/data/raw/levir_cd/train/A/train_60.png,/Users/rahulmanchanda/Desktop/AI-Driven-Satellite-Image-Semantic-Search-and-Temporal-Change-Detection-System/data/raw/levir_cd/train/B/train_60.png,/Users/rahulmanchanda/Desktop/AI-Driven-Satellite-Image-Semantic-Search-and-Temporal-Change-Detection-System/data/raw/levir_cd/train/label/train_60.png,1024,1024,3,RGB,building_change,0,,True,,1024,1024,,,,,15606,0.014883041381835938,1.0.0,
train_61,LEVIR-CD,train_61.png,raw/levir_cd/train/A/train_61.png,train,/Users/rahulmanchanda/Desktop/AI-Driven-Satellite-Image-Semantic-Search-and-Temporal-Change-Detection-System/data/raw/levir_cd/train/A/train_61.png,/Users/rahulmanchanda/Desktop/AI-Driven-Satellite-Image-Semantic-Search-and-Temporal-Change-Detection-System/data/raw/levir_cd/train/B/train_61.png,/Users/rahulmanchanda/Desktop/AI-Driven-Satellite-Image-Semantic-Search-and-Temporal-Change-Detection-System/data/raw/levir_cd/train/label/train_61.png,1024,1024,3,RGB,building_change,0,,True,,1024,1024,,,,,139893,0.13341236114501953,1.0.0,
train_62,LEVIR-CD,train_62.png,raw/levir_cd/train/A/train_62.png,train,/Users/rahulmanchanda/Desktop/AI-Driven-Satellite-Image-Semantic-Search-and-Temporal-Change-Detection-System/data/raw/levir_cd/train/A/train_62.png,/Users/rahulmanchanda/Desktop/AI-Driven-Satellite-Image-Semantic-Search-and-Temporal-Change-Detection-System/data/raw/levir_cd/train/B/train_62.png,/Users/rahulmanchanda/Desktop/AI-Driven-Satellite-Image-Semantic-Search-and-Temporal-Change-Detection-System/data/raw/levir_cd/train/label/train_62.png,1024,1024,3,RGB,building_change,0,,True,,1024,1024,,,,,40533,0.03865528106689453,1.0.0,
train_63,LEVIR-CD,train_63.png,raw/levir_cd/train/A/train_63.png,train,/Users/rahulmanchanda/Desktop/AI-Driven-Satellite-Image-Semantic-Search-and-Temporal-Change-Detection-System/data/raw/levir_cd/train/A/train_63.png,/Users/rahulmanchanda/Desktop/AI-Driven-Satellite-Image-Semantic-Search-and-Temporal-Change-Detection-System/data/raw/levir_cd/train/B/train_63.png,/Users/rahulmanchanda/Desktop/AI-Driven-Satellite-Image-Semantic-Search-and-Temporal-Change-Detection-System/data/raw/levir_cd/train/label/train_63.png,1024,1024,3,RGB,building_change,0,,True,,1024,1024,,,,,109424,0.1043548583984375,1.0.0,
train_64,LEVIR-CD,train_64.png,raw/levir_cd/train/A/train_64.png,train,/Users/rahulmanchanda/Desktop/AI-Driven-Satellite-Image-Semantic-Search-and-Temporal-Change-Detection-System/data/raw/levir_cd/train/A/train_64.png,/Users/rahulmanchanda/Desktop/AI-Driven-Satellite-Image-Semantic-Search-and-Temporal-Change-Detection-System/data/raw/levir_cd/train/B/train_64.png,/Users/rahulmanchanda/Desktop/AI-Driven-Satellite-Image-Semantic-Search-and-Temporal-Change-Detection-System/data/raw/levir_cd/train/label/train_64.png,1024,1024,3,RGB,building_change,0,,True,,1024,1024,,,,,40644,0.038761138916015625,1.0.0,
train_65,LEVIR-CD,train_65.png,raw/levir_cd/train/A/train_65.png,train,/Users/rahulmanchanda/Desktop/AI-Driven-Satellite-Image-Semantic-Search-and-Temporal-Change-Detection-System/data/raw/levir_cd/train/A/train_65.png,/Users/rahulmanchanda/Desktop/AI-Driven-Satellite-Image-Semantic-Search-and-Temporal-Change-Detection-System/data/raw/levir_cd/train/B/train_65.png,/Users/rahulmanchanda/Desktop/AI-Driven-Satellite-Image-Semantic-Search-and-Temporal-Change-Detection-System/data/raw/levir_cd/train/label/train_65.png,1024,1024,3,RGB,building_change,0,,True,,1024,1024,,,,,134539,0.12830638885498047,1.0.0,
train_66,LEVIR-CD,train_66.png,raw/levir_cd/train/A/train_66.png,train,/Users/rahulmanchanda/Desktop/AI-Driven-Satellite-Image-Semantic-Search-and-Temporal-Change-Detection-System/data/raw/levir_cd/train/A/train_66.png,/Users/rahulmanchanda/Desktop/AI-Driven-Satellite-Image-Semantic-Search-and-Temporal-Change-Detection-System/data/raw/levir_cd/train/B/train_66.png,/Users/rahulmanchanda/Desktop/AI-Driven-Satellite-Image-Semantic-Search-and-Temporal-Change-Detection-System/data/raw/levir_cd/train/label/train_66.png,1024,1024,3,RGB,building_change,0,,True,,1024,1024,,,,,99238,0.09464073181152344,1.0.0,
train_67,LEVIR-CD,train_67.png,raw/levir_cd/train/A/train_67.png,train,/Users/rahulmanchanda/Desktop/AI-Driven-Satellite-Image-Semantic-Search-and-Temporal-Change-Detection-System/data/raw/levir_cd/train/A/train_67.png,/Users/rahulmanchanda/Desktop/AI-Driven-Satellite-Image-Semantic-Search-and-Temporal-Change-Detection-System/data/raw/levir_cd/train/B/train_67.png,/Users/rahulmanchanda/Desktop/AI-Driven-Satellite-Image-Semantic-Search-and-Temporal-Change-Detection-System/data/raw/levir_cd/train/label/train_67.png,1024,1024,3,RGB,building_change,0,,True,,1024,1024,,,,,44741,0.04266834259033203,1.0.0,
train_68,LEVIR-CD,train_68.png,raw/levir_cd/train/A/train_68.png,train,/Users/rahulmanchanda/Desktop/AI-Driven-Satellite-Image-Semantic-Search-and-Temporal-Change-Detection-System/data/raw/levir_cd/train/A/train_68.png,/Users/rahulmanchanda/Desktop/AI-Driven-Satellite-Image-Semantic-Search-and-Temporal-Change-Detection-System/data/raw/levir_cd/train/B/train_68.png,/Users/rahulmanchanda/Desktop/AI-Driven-Satellite-Image-Semantic-Search-and-Temporal-Change-Detection-System/data/raw/levir_cd/train/label/train_68.png,1024,1024,3,RGB,building_change,0,,True,,1024,1024,,,,,58681,0.055962562561035156,1.0.0,
train_69,LEVIR-CD,train_69.png,raw/levir_cd/train/A/train_69.png,train,/Users/rahulmanchanda/Desktop/AI-Driven-Satellite-Image-Semantic-Search-and-Temporal-Change-Detection-System/data/raw/levir_cd/train/A/train_69.png,/Users/rahulmanchanda/Desktop/AI-Driven-Satellite-Image-Semantic-Search-and-Temporal-Change-Detection-System/data/raw/levir_cd/train/B/train_69.png,/Users/rahulmanchanda/Desktop/AI-Driven-Satellite-Image-Semantic-Search-and-Temporal-Change-Detection-System/data/raw/levir_cd/train/label/train_69.png,1024,1024,3,RGB,building_change,0,,True,,1024,1024,,,,,94776,0.09038543701171875,1.0.0,
train_7,LEVIR-CD,train_7.png,raw/levir_cd/train/A/train_7.png,train,/Users/rahulmanchanda/Desktop/AI-Driven-Satellite-Image-Semantic-Search-and-Temporal-Change-Detection-System/data/raw/levir_cd/train/A/train_7.png,/Users/rahulmanchanda/Desktop/AI-Driven-Satellite-Image-Semantic-Search-and-Temporal-Change-Detection-System/data/raw/levir_cd/train/B/train_7.png,/Users/rahulmanchanda/Desktop/AI-Driven-Satellite-Image-Semantic-Search-and-Temporal-Change-Detection-System/data/raw/levir_cd/train/label/train_7.png,1024,1024,3,RGB,building_change,0,,True,,1024,1024,,,,,6973,0.006649971008300781,1.0.0,
train_70,LEVIR-CD,train_70.png,raw/levir_cd/train/A/train_70.png,train,/Users/rahulmanchanda/Desktop/AI-Driven-Satellite-Image-Semantic-Search-and-Temporal-Change-Detection-System/data/raw/levir_cd/train/A/train_70.png,/Users/rahulmanchanda/Desktop/AI-Driven-Satellite-Image-Semantic-Search-and-Temporal-Change-Detection-System/data/raw/levir_cd/train/B/train_70.png,/Users/rahulmanchanda/Desktop/AI-Driven-Satellite-Image-Semantic-Search-and-Temporal-Change-Detection-System/data/raw/levir_cd/train/label/train_70.png,1024,1024,3,RGB,building_change,0,,True,,1024,1024,,,,,109338,0.10427284240722656,1.0.0,
train_71,LEVIR-CD,train_71.png,raw/levir_cd/train/A/train_71.png,train,/Users/rahulmanchanda/Desktop/AI-Driven-Satellite-Image-Semantic-Search-and-Temporal-Change-Detection-System/data/raw/levir_cd/train/A/train_71.png,/Users/rahulmanchanda/Desktop/AI-Driven-Satellite-Image-Semantic-Search-and-Temporal-Change-Detection-System/data/raw/levir_cd/train/B/train_71.png,/Users/rahulmanchanda/Desktop/AI-Driven-Satellite-Image-Semantic-Search-and-Temporal-Change-Detection-System/data/raw/levir_cd/train/label/train_71.png,1024,1024,3,RGB,building_change,0,,True,,1024,1024,,,,,159830,0.15242576599121094,1.0.0,
train_72,LEVIR-CD,train_72.png,raw/levir_cd/train/A/train_72.png,train,/Users/rahulmanchanda/Desktop/AI-Driven-Satellite-Image-Semantic-Search-and-Temporal-Change-Detection-System/data/raw/levir_cd/train/A/train_72.png,/Users/rahulmanchanda/Desktop/AI-Driven-Satellite-Image-Semantic-Search-and-Temporal-Change-Detection-System/data/raw/levir_cd/train/B/train_72.png,/Users/rahulmanchanda/Desktop/AI-Driven-Satellite-Image-Semantic-Search-and-Temporal-Change-Detection-System/data/raw/levir_cd/train/label/train_72.png,1024,1024,3,RGB,building_change,0,,True,,1024,1024,,,,,200697,0.19139957427978516,1.0.0,
train_73,LEVIR-CD,train_73.png,raw/levir_cd/train/A/train_73.png,train,/Users/rahulmanchanda/Desktop/AI-Driven-Satellite-Image-Semantic-Search-and-Temporal-Change-Detection-System/data/raw/levir_cd/train/A/train_73.png,/Users/rahulmanchanda/Desktop/AI-Driven-Satellite-Image-Semantic-Search-and-Temporal-Change-Detection-System/data/raw/levir_cd/train/B/train_73.png,/Users/rahulmanchanda/Desktop/AI-Driven-Satellite-Image-Semantic-Search-and-Temporal-Change-Detection-System/data/raw/levir_cd/train/label/train_73.png,1024,1024,3,RGB,building_change,0,,True,,1024,1024,,,,,40808,0.03891754150390625,1.0.0,
train_74,LEVIR-CD,train_74.png,raw/levir_cd/train/A/train_74.png,train,/Users/rahulmanchanda/Desktop/AI-Driven-Satellite-Image-Semantic-Search-and-Temporal-Change-Detection-System/data/raw/levir_cd/train/A/train_74.png,/Users/rahulmanchanda/Desktop/AI-Driven-Satellite-Image-Semantic-Search-and-Temporal-Change-Detection-System/data/raw/levir_cd/train/B/train_74.png,/Users/rahulmanchanda/Desktop/AI-Driven-Satellite-Image-Semantic-Search-and-Temporal-Change-Detection-System/data/raw/levir_cd/train/label/train_74.png,1024,1024,3,RGB,building_change,0,,True,,1024,1024,,,,,46625,0.044465065002441406,1.0.0,
train_75,LEVIR-CD,train_75.png,raw/levir_cd/train/A/train_75.png,train,/Users/rahulmanchanda/Desktop/AI-Driven-Satellite-Image-Semantic-Search-and-Temporal-Change-Detection-System/data/raw/levir_cd/train/A/train_75.png,/Users/rahulmanchanda/Desktop/AI-Driven-Satellite-Image-Semantic-Search-and-Temporal-Change-Detection-System/data/raw/levir_cd/train/B/train_75.png,/Users/rahulmanchanda/Desktop/AI-Driven-Satellite-Image-Semantic-Search-and-Temporal-Change-Detection-System/data/raw/levir_cd/train/label/train_75.png,1024,1024,3,RGB,building_change,0,,True,,1024,1024,,,,,47868,0.045650482177734375,1.0.0,
train_76,LEVIR-CD,train_76.png,raw/levir_cd/train/A/train_76.png,train,/Users/rahulmanchanda/Desktop/AI-Driven-Satellite-Image-Semantic-Search-and-Temporal-Change-Detection-System/data/raw/levir_cd/train/A/train_76.png,/Users/rahulmanchanda/Desktop/AI-Driven-Satellite-Image-Semantic-Search-and-Temporal-Change-Detection-System/data/raw/levir_cd/train/B/train_76.png,/Users/rahulmanchanda/Desktop/AI-Driven-Satellite-Image-Semantic-Search-and-Temporal-Change-Detection-System/data/raw/levir_cd/train/label/train_76.png,1024,1024,3,RGB,building_change,0,,True,,1024,1024,,,,,19715,0.01880168914794922,1.0.0,
train_77,LEVIR-CD,train_77.png,raw/levir_cd/train/A/train_77.png,train,/Users/rahulmanchanda/Desktop/AI-Driven-Satellite-Image-Semantic-Search-and-Temporal-Change-Detection-System/data/raw/levir_cd/train/A/train_77.png,/Users/rahulmanchanda/Desktop/AI-Driven-Satellite-Image-Semantic-Search-and-Temporal-Change-Detection-System/data/raw/levir_cd/train/B/train_77.png,/Users/rahulmanchanda/Desktop/AI-Driven-Satellite-Image-Semantic-Search-and-Temporal-Change-Detection-System/data/raw/levir_cd/train/label/train_77.png,1024,1024,3,RGB,building_change,0,,True,,1024,1024,,,,,82616,0.07878875732421875,1.0.0,
train_78,LEVIR-CD,train_78.png,raw/levir_cd/train/A/train_78.png,train,/Users/rahulmanchanda/Desktop/AI-Driven-Satellite-Image-Semantic-Search-and-Temporal-Change-Detection-System/data/raw/levir_cd/train/A/train_78.png,/Users/rahulmanchanda/Desktop/AI-Driven-Satellite-Image-Semantic-Search-and-Temporal-Change-Detection-System/data/raw/levir_cd/train/B/train_78.png,/Users/rahulmanchanda/Desktop/AI-Driven-Satellite-Image-Semantic-Search-and-Temporal-Change-Detection-System/data/raw/levir_cd/train/label/train_78.png,1024,1024,3,RGB,building_change,0,,True,,1024,1024,,,,,36308,0.034626007080078125,1.0.0,
train_79,LEVIR-CD,train_79.png,raw/levir_cd/train/A/train_79.png,train,/Users/rahulmanchanda/Desktop/AI-Driven-Satellite-Image-Semantic-Search-and-Temporal-Change-Detection-System/data/raw/levir_cd/train/A/train_79.png,/Users/rahulmanchanda/Desktop/AI-Driven-Satellite-Image-Semantic-Search-and-Temporal-Change-Detection-System/data/raw/levir_cd/train/B/train_79.png,/Users/rahulmanchanda/Desktop/AI-Driven-Satellite-Image-Semantic-Search-and-Temporal-Change-Detection-System/data/raw/levir_cd/train/label/train_79.png,1024,1024,3,RGB,building_change,0,,True,,1024,1024,,,,,101424,0.0967254638671875,1.0.0,
train_8,LEVIR-CD,train_8.png,raw/levir_cd/train/A/train_8.png,train,/Users/rahulmanchanda/Desktop/AI-Driven-Satellite-Image-Semantic-Search-and-Temporal-Change-Detection-System/data/raw/levir_cd/train/A/train_8.png,/Users/rahulmanchanda/Desktop/AI-Driven-Satellite-Image-Semantic-Search-and-Temporal-Change-Detection-System/data/raw/levir_cd/train/B/train_8.png,/Users/rahulmanchanda/Desktop/AI-Driven-Satellite-Image-Semantic-Search-and-Temporal-Change-Detection-System/data/raw/levir_cd/train/label/train_8.png,1024,1024,3,RGB,building_change,0,,True,,1024,1024,,,,,6567,0.006262779235839844,1.0.0,
train_80,LEVIR-CD,train_80.png,raw/levir_cd/train/A/train_80.png,train,/Users/rahulmanchanda/Desktop/AI-Driven-Satellite-Image-Semantic-Search-and-Temporal-Change-Detection-System/data/raw/levir_cd/train/A/train_80.png,/Users/rahulmanchanda/Desktop/AI-Driven-Satellite-Image-Semantic-Search-and-Temporal-Change-Detection-System/data/raw/levir_cd/train/B/train_80.png,/Users/rahulmanchanda/Desktop/AI-Driven-Satellite-Image-Semantic-Search-and-Temporal-Change-Detection-System/data/raw/levir_cd/train/label/train_80.png,1024,1024,3,RGB,building_change,0,,True,,1024,1024,,,,,92269,0.08799457550048828,1.0.0,
train_81,LEVIR-CD,train_81.png,raw/levir_cd/train/A/train_81.png,train,/Users/rahulmanchanda/Desktop/AI-Driven-Satellite-Image-Semantic-Search-and-Temporal-Change-Detection-System/data/raw/levir_cd/train/A/train_81.png,/Users/rahulmanchanda/Desktop/AI-Driven-Satellite-Image-Semantic-Search-and-Temporal-Change-Detection-System/data/raw/levir_cd/train/B/train_81.png,/Users/rahulmanchanda/Desktop/AI-Driven-Satellite-Image-Semantic-Search-and-Temporal-Change-Detection-System/data/raw/levir_cd/train/label/train_81.png,1024,1024,3,RGB,building_change,0,,True,,1024,1024,,,,,37358,0.03562736511230469,1.0.0,
train_82,LEVIR-CD,train_82.png,raw/levir_cd/train/A/train_82.png,train,/Users/rahulmanchanda/Desktop/AI-Driven-Satellite-Image-Semantic-Search-and-Temporal-Change-Detection-System/data/raw/levir_cd/train/A/train_82.png,/Users/rahulmanchanda/Desktop/AI-Driven-Satellite-Image-Semantic-Search-and-Temporal-Change-Detection-System/data/raw/levir_cd/train/B/train_82.png,/Users/rahulmanchanda/Desktop/AI-Driven-Satellite-Image-Semantic-Search-and-Temporal-Change-Detection-System/data/raw/levir_cd/train/label/train_82.png,1024,1024,3,RGB,building_change,0,,True,,1024,1024,,,,,17942,0.017110824584960938,1.0.0,
train_83,LEVIR-CD,train_83.png,raw/levir_cd/train/A/train_83.png,train,/Users/rahulmanchanda/Desktop/AI-Driven-Satellite-Image-Semantic-Search-and-Temporal-Change-Detection-System/data/raw/levir_cd/train/A/train_83.png,/Users/rahulmanchanda/Desktop/AI-Driven-Satellite-Image-Semantic-Search-and-Temporal-Change-Detection-System/data/raw/levir_cd/train/B/train_83.png,/Users/rahulmanchanda/Desktop/AI-Driven-Satellite-Image-Semantic-Search-and-Temporal-Change-Detection-System/data/raw/levir_cd/train/label/train_83.png,1024,1024,3,RGB,building_change,0,,True,,1024,1024,,,,,33170,0.03163337707519531,1.0.0,
train_84,LEVIR-CD,train_84.png,raw/levir_cd/train/A/train_84.png,train,/Users/rahulmanchanda/Desktop/AI-Driven-Satellite-Image-Semantic-Search-and-Temporal-Change-Detection-System/data/raw/levir_cd/train/A/train_84.png,/Users/rahulmanchanda/Desktop/AI-Driven-Satellite-Image-Semantic-Search-and-Temporal-Change-Detection-System/data/raw/levir_cd/train/B/train_84.png,/Users/rahulmanchanda/Desktop/AI-Driven-Satellite-Image-Semantic-Search-and-Temporal-Change-Detection-System/data/raw/levir_cd/train/label/train_84.png,1024,1024,3,RGB,building_change,0,,True,,1024,1024,,,,,36280,0.03459930419921875,1.0.0,
train_85,LEVIR-CD,train_85.png,raw/levir_cd/train/A/train_85.png,train,/Users/rahulmanchanda/Desktop/AI-Driven-Satellite-Image-Semantic-Search-and-Temporal-Change-Detection-System/data/raw/levir_cd/train/A/train_85.png,/Users/rahulmanchanda/Desktop/AI-Driven-Satellite-Image-Semantic-Search-and-Temporal-Change-Detection-System/data/raw/levir_cd/train/B/train_85.png,/Users/rahulmanchanda/Desktop/AI-Driven-Satellite-Image-Semantic-Search-and-Temporal-Change-Detection-System/data/raw/levir_cd/train/label/train_85.png,1024,1024,3,RGB,building_change,0,,True,,1024,1024,,,,,38548,0.036762237548828125,1.0.0,
train_86,LEVIR-CD,train_86.png,raw/levir_cd/train/A/train_86.png,train,/Users/rahulmanchanda/Desktop/AI-Driven-Satellite-Image-Semantic-Search-and-Temporal-Change-Detection-System/data/raw/levir_cd/train/A/train_86.png,/Users/rahulmanchanda/Desktop/AI-Driven-Satellite-Image-Semantic-Search-and-Temporal-Change-Detection-System/data/raw/levir_cd/train/B/train_86.png,/Users/rahulmanchanda/Desktop/AI-Driven-Satellite-Image-Semantic-Search-and-Temporal-Change-Detection-System/data/raw/levir_cd/train/label/train_86.png,1024,1024,3,RGB,building_change,0,,True,,1024,1024,,,,,41232,0.0393218994140625,1.0.0,
train_87,LEVIR-CD,train_87.png,raw/levir_cd/train/A/train_87.png,train,/Users/rahulmanchanda/Desktop/AI-Driven-Satellite-Image-Semantic-Search-and-Temporal-Change-Detection-System/data/raw/levir_cd/train/A/train_87.png,/Users/rahulmanchanda/Desktop/AI-Driven-Satellite-Image-Semantic-Search-and-Temporal-Change-Detection-System/data/raw/levir_cd/train/B/train_87.png,/Users/rahulmanchanda/Desktop/AI-Driven-Satellite-Image-Semantic-Search-and-Temporal-Change-Detection-System/data/raw/levir_cd/train/label/train_87.png,1024,1024,3,RGB,building_change,0,,True,,1024,1024,,,,,41504,0.039581298828125,1.0.0,
train_88,LEVIR-CD,train_88.png,raw/levir_cd/train/A/train_88.png,train,/Users/rahulmanchanda/Desktop/AI-Driven-Satellite-Image-Semantic-Search-and-Temporal-Change-Detection-System/data/raw/levir_cd/train/A/train_88.png,/Users/rahulmanchanda/Desktop/AI-Driven-Satellite-Image-Semantic-Search-and-Temporal-Change-Detection-System/data/raw/levir_cd/train/B/train_88.png,/Users/rahulmanchanda/Desktop/AI-Driven-Satellite-Image-Semantic-Search-and-Temporal-Change-Detection-System/data/raw/levir_cd/train/label/train_88.png,1024,1024,3,RGB,building_change,0,,True,,1024,1024,,,,,73907,0.07048320770263672,1.0.0,
train_89,LEVIR-CD,train_89.png,raw/levir_cd/train/A/train_89.png,train,/Users/rahulmanchanda/Desktop/AI-Driven-Satellite-Image-Semantic-Search-and-Temporal-Change-Detection-System/data/raw/levir_cd/train/A/train_89.png,/Users/rahulmanchanda/Desktop/AI-Driven-Satellite-Image-Semantic-Search-and-Temporal-Change-Detection-System/data/raw/levir_cd/train/B/train_89.png,/Users/rahulmanchanda/Desktop/AI-Driven-Satellite-Image-Semantic-Search-and-Temporal-Change-Detection-System/data/raw/levir_cd/train/label/train_89.png,1024,1024,3,RGB,building_change,0,,True,,1024,1024,,,,,42662,0.04068565368652344,1.0.0,
train_9,LEVIR-CD,train_9.png,raw/levir_cd/train/A/train_9.png,train,/Users/rahulmanchanda/Desktop/AI-Driven-Satellite-Image-Semantic-Search-and-Temporal-Change-Detection-System/data/raw/levir_cd/train/A/train_9.png,/Users/rahulmanchanda/Desktop/AI-Driven-Satellite-Image-Semantic-Search-and-Temporal-Change-Detection-System/data/raw/levir_cd/train/B/train_9.png,/Users/rahulmanchanda/Desktop/AI-Driven-Satellite-Image-Semantic-Search-and-Temporal-Change-Detection-System/data/raw/levir_cd/train/label/train_9.png,1024,1024,3,RGB,building_change,0,,True,,1024,1024,,,,,2210,0.0021076202392578125,1.0.0,
train_90,LEVIR-CD,train_90.png,raw/levir_cd/train/A/train_90.png,train,/Users/rahulmanchanda/Desktop/AI-Driven-Satellite-Image-Semantic-Search-and-Temporal-Change-Detection-System/data/raw/levir_cd/train/A/train_90.png,/Users/rahulmanchanda/Desktop/AI-Driven-Satellite-Image-Semantic-Search-and-Temporal-Change-Detection-System/data/raw/levir_cd/train/B/train_90.png,/Users/rahulmanchanda/Desktop/AI-Driven-Satellite-Image-Semantic-Search-and-Temporal-Change-Detection-System/data/raw/levir_cd/train/label/train_90.png,1024,1024,3,RGB,building_change,0,,True,,1024,1024,,,,,53007,0.050551414489746094,1.0.0,
train_91,LEVIR-CD,train_91.png,raw/levir_cd/train/A/train_91.png,train,/Users/rahulmanchanda/Desktop/AI-Driven-Satellite-Image-Semantic-Search-and-Temporal-Change-Detection-System/data/raw/levir_cd/train/A/train_91.png,/Users/rahulmanchanda/Desktop/AI-Driven-Satellite-Image-Semantic-Search-and-Temporal-Change-Detection-System/data/raw/levir_cd/train/B/train_91.png,/Users/rahulmanchanda/Desktop/AI-Driven-Satellite-Image-Semantic-Search-and-Temporal-Change-Detection-System/data/raw/levir_cd/train/label/train_91.png,1024,1024,3,RGB,building_change,0,,True,,1024,1024,,,,,89044,0.08491897583007812,1.0.0,
train_92,LEVIR-CD,train_92.png,raw/levir_cd/train/A/train_92.png,train,/Users/rahulmanchanda/Desktop/AI-Driven-Satellite-Image-Semantic-Search-and-Temporal-Change-Detection-System/data/raw/levir_cd/train/A/train_92.png,/Users/rahulmanchanda/Desktop/AI-Driven-Satellite-Image-Semantic-Search-and-Temporal-Change-Detection-System/data/raw/levir_cd/train/B/train_92.png,/Users/rahulmanchanda/Desktop/AI-Driven-Satellite-Image-Semantic-Search-and-Temporal-Change-Detection-System/data/raw/levir_cd/train/label/train_92.png,1024,1024,3,RGB,building_change,0,,True,,1024,1024,,,,,91707,0.08745861053466797,1.0.0,
train_93,LEVIR-CD,train_93.png,raw/levir_cd/train/A/train_93.png,train,/Users/rahulmanchanda/Desktop/AI-Driven-Satellite-Image-Semantic-Search-and-Temporal-Change-Detection-System/data/raw/levir_cd/train/A/train_93.png,/Users/rahulmanchanda/Desktop/AI-Driven-Satellite-Image-Semantic-Search-and-Temporal-Change-Detection-System/data/raw/levir_cd/train/B/train_93.png,/Users/rahulmanchanda/Desktop/AI-Driven-Satellite-Image-Semantic-Search-and-Temporal-Change-Detection-System/data/raw/levir_cd/train/label/train_93.png,1024,1024,3,RGB,building_change,0,,True,,1024,1024,,,,,67415,0.06429195404052734,1.0.0,
train_94,LEVIR-CD,train_94.png,raw/levir_cd/train/A/train_94.png,train,/Users/rahulmanchanda/Desktop/AI-Driven-Satellite-Image-Semantic-Search-and-Temporal-Change-Detection-System/data/raw/levir_cd/train/A/train_94.png,/Users/rahulmanchanda/Desktop/AI-Driven-Satellite-Image-Semantic-Search-and-Temporal-Change-Detection-System/data/raw/levir_cd/train/B/train_94.png,/Users/rahulmanchanda/Desktop/AI-Driven-Satellite-Image-Semantic-Search-and-Temporal-Change-Detection-System/data/raw/levir_cd/train/label/train_94.png,1024,1024,3,RGB,building_change,0,,True,,1024,1024,,,,,46601,0.044442176818847656,1.0.0,
train_95,LEVIR-CD,train_95.png,raw/levir_cd/train/A/train_95.png,train,/Users/rahulmanchanda/Desktop/AI-Driven-Satellite-Image-Semantic-Search-and-Temporal-Change-Detection-System/data/raw/levir_cd/train/A/train_95.png,/Users/rahulmanchanda/Desktop/AI-Driven-Satellite-Image-Semantic-Search-and-Temporal-Change-Detection-System/data/raw/levir_cd/train/B/train_95.png,/Users/rahulmanchanda/Desktop/AI-Driven-Satellite-Image-Semantic-Search-and-Temporal-Change-Detection-System/data/raw/levir_cd/train/label/train_95.png,1024,1024,3,RGB,building_change,0,,True,,1024,1024,,,,,49104,0.0468292236328125,1.0.0,
train_96,LEVIR-CD,train_96.png,raw/levir_cd/train/A/train_96.png,train,/Users/rahulmanchanda/Desktop/AI-Driven-Satellite-Image-Semantic-Search-and-Temporal-Change-Detection-System/data/raw/levir_cd/train/A/train_96.png,/Users/rahulmanchanda/Desktop/AI-Driven-Satellite-Image-Semantic-Search-and-Temporal-Change-Detection-System/data/raw/levir_cd/train/B/train_96.png,/Users/rahulmanchanda/Desktop/AI-Driven-Satellite-Image-Semantic-Search-and-Temporal-Change-Detection-System/data/raw/levir_cd/train/label/train_96.png,1024,1024,3,RGB,building_change,0,,True,,1024,1024,,,,,68547,0.06537151336669922,1.0.0,
train_97,LEVIR-CD,train_97.png,raw/levir_cd/train/A/train_97.png,train,/Users/rahulmanchanda/Desktop/AI-Driven-Satellite-Image-Semantic-Search-and-Temporal-Change-Detection-System/data/raw/levir_cd/train/A/train_97.png,/Users/rahulmanchanda/Desktop/AI-Driven-Satellite-Image-Semantic-Search-and-Temporal-Change-Detection-System/data/raw/levir_cd/train/B/train_97.png,/Users/rahulmanchanda/Desktop/AI-Driven-Satellite-Image-Semantic-Search-and-Temporal-Change-Detection-System/data/raw/levir_cd/train/label/train_97.png,1024,1024,3,RGB,building_change,0,,True,,1024,1024,,,,,28453,0.02713489532470703,1.0.0,
train_98,LEVIR-CD,train_98.png,raw/levir_cd/train/A/train_98.png,train,/Users/rahulmanchanda/Desktop/AI-Driven-Satellite-Image-Semantic-Search-and-Temporal-Change-Detection-System/data/raw/levir_cd/train/A/train_98.png,/Users/rahulmanchanda/Desktop/AI-Driven-Satellite-Image-Semantic-Search-and-Temporal-Change-Detection-System/data/raw/levir_cd/train/B/train_98.png,/Users/rahulmanchanda/Desktop/AI-Driven-Satellite-Image-Semantic-Search-and-Temporal-Change-Detection-System/data/raw/levir_cd/train/label/train_98.png,1024,1024,3,RGB,building_change,0,,True,,1024,1024,,,,,101361,0.0966653823852539,1.0.0,
train_99,LEVIR-CD,train_99.png,raw/levir_cd/train/A/train_99.png,train,/Users/rahulmanchanda/Desktop/AI-Driven-Satellite-Image-Semantic-Search-and-Temporal-Change-Detection-System/data/raw/levir_cd/train/A/train_99.png,/Users/rahulmanchanda/Desktop/AI-Driven-Satellite-Image-Semantic-Search-and-Temporal-Change-Detection-System/data/raw/levir_cd/train/B/train_99.png,/Users/rahulmanchanda/Desktop/AI-Driven-Satellite-Image-Semantic-Search-and-Temporal-Change-Detection-System/data/raw/levir_cd/train/label/train_99.png,1024,1024,3,RGB,building_change,0,,True,,1024,1024,,,,,102451,0.09770488739013672,1.0.0,
val_1,LEVIR-CD,val_1.png,raw/levir_cd/val/A/val_1.png,val,/Users/rahulmanchanda/Desktop/AI-Driven-Satellite-Image-Semantic-Search-and-Temporal-Change-Detection-System/data/raw/levir_cd/val/A/val_1.png,/Users/rahulmanchanda/Desktop/AI-Driven-Satellite-Image-Semantic-Search-and-Temporal-Change-Detection-System/data/raw/levir_cd/val/B/val_1.png,/Users/rahulmanchanda/Desktop/AI-Driven-Satellite-Image-Semantic-Search-and-Temporal-Change-Detection-System/data/raw/levir_cd/val/label/val_1.png,1024,1024,3,RGB,building_change,0,,True,,1024,1024,,,,,7257,0.006920814514160156,1.0.0,
val_10,LEVIR-CD,val_10.png,raw/levir_cd/val/A/val_10.png,val,/Users/rahulmanchanda/Desktop/AI-Driven-Satellite-Image-Semantic-Search-and-Temporal-Change-Detection-System/data/raw/levir_cd/val/A/val_10.png,/Users/rahulmanchanda/Desktop/AI-Driven-Satellite-Image-Semantic-Search-and-Temporal-Change-Detection-System/data/raw/levir_cd/val/B/val_10.png,/Users/rahulmanchanda/Desktop/AI-Driven-Satellite-Image-Semantic-Search-and-Temporal-Change-Detection-System/data/raw/levir_cd/val/label/val_10.png,1024,1024,3,RGB,building_change,0,,True,,1024,1024,,,,,24233,0.023110389709472656,1.0.0,
val_11,LEVIR-CD,val_11.png,raw/levir_cd/val/A/val_11.png,val,/Users/rahulmanchanda/Desktop/AI-Driven-Satellite-Image-Semantic-Search-and-Temporal-Change-Detection-System/data/raw/levir_cd/val/A/val_11.png,/Users/rahulmanchanda/Desktop/AI-Driven-Satellite-Image-Semantic-Search-and-Temporal-Change-Detection-System/data/raw/levir_cd/val/B/val_11.png,/Users/rahulmanchanda/Desktop/AI-Driven-Satellite-Image-Semantic-Search-and-Temporal-Change-Detection-System/data/raw/levir_cd/val/label/val_11.png,1024,1024,3,RGB,building_change,0,,True,,1024,1024,,,,,40434,0.03856086730957031,1.0.0,
val_12,LEVIR-CD,val_12.png,raw/levir_cd/val/A/val_12.png,val,/Users/rahulmanchanda/Desktop/AI-Driven-Satellite-Image-Semantic-Search-and-Temporal-Change-Detection-System/data/raw/levir_cd/val/A/val_12.png,/Users/rahulmanchanda/Desktop/AI-Driven-Satellite-Image-Semantic-Search-and-Temporal-Change-Detection-System/data/raw/levir_cd/val/B/val_12.png,/Users/rahulmanchanda/Desktop/AI-Driven-Satellite-Image-Semantic-Search-and-Temporal-Change-Detection-System/data/raw/levir_cd/val/label/val_12.png,1024,1024,3,RGB,building_change,0,,True,,1024,1024,,,,,53678,0.05119132995605469,1.0.0,
val_13,LEVIR-CD,val_13.png,raw/levir_cd/val/A/val_13.png,val,/Users/rahulmanchanda/Desktop/AI-Driven-Satellite-Image-Semantic-Search-and-Temporal-Change-Detection-System/data/raw/levir_cd/val/A/val_13.png,/Users/rahulmanchanda/Desktop/AI-Driven-Satellite-Image-Semantic-Search-and-Temporal-Change-Detection-System/data/raw/levir_cd/val/B/val_13.png,/Users/rahulmanchanda/Desktop/AI-Driven-Satellite-Image-Semantic-Search-and-Temporal-Change-Detection-System/data/raw/levir_cd/val/label/val_13.png,1024,1024,3,RGB,building_change,0,,True,,1024,1024,,,,,44247,0.042197227478027344,1.0.0,
val_14,LEVIR-CD,val_14.png,raw/levir_cd/val/A/val_14.png,val,/Users/rahulmanchanda/Desktop/AI-Driven-Satellite-Image-Semantic-Search-and-Temporal-Change-Detection-System/data/raw/levir_cd/val/A/val_14.png,/Users/rahulmanchanda/Desktop/AI-Driven-Satellite-Image-Semantic-Search-and-Temporal-Change-Detection-System/data/raw/levir_cd/val/B/val_14.png,/Users/rahulmanchanda/Desktop/AI-Driven-Satellite-Image-Semantic-Search-and-Temporal-Change-Detection-System/data/raw/levir_cd/val/label/val_14.png,1024,1024,3,RGB,building_change,0,,True,,1024,1024,,,,,46558,0.04440116882324219,1.0.0,
val_15,LEVIR-CD,val_15.png,raw/levir_cd/val/A/val_15.png,val,/Users/rahulmanchanda/Desktop/AI-Driven-Satellite-Image-Semantic-Search-and-Temporal-Change-Detection-System/data/raw/levir_cd/val/A/val_15.png,/Users/rahulmanchanda/Desktop/AI-Driven-Satellite-Image-Semantic-Search-and-Temporal-Change-Detection-System/data/raw/levir_cd/val/B/val_15.png,/Users/rahulmanchanda/Desktop/AI-Driven-Satellite-Image-Semantic-Search-and-Temporal-Change-Detection-System/data/raw/levir_cd/val/label/val_15.png,1024,1024,3,RGB,building_change,0,,True,,1024,1024,,,,,82670,0.07884025573730469,1.0.0,
val_16,LEVIR-CD,val_16.png,raw/levir_cd/val/A/val_16.png,val,/Users/rahulmanchanda/Desktop/AI-Driven-Satellite-Image-Semantic-Search-and-Temporal-Change-Detection-System/data/raw/levir_cd/val/A/val_16.png,/Users/rahulmanchanda/Desktop/AI-Driven-Satellite-Image-Semantic-Search-and-Temporal-Change-Detection-System/data/raw/levir_cd/val/B/val_16.png,/Users/rahulmanchanda/Desktop/AI-Driven-Satellite-Image-Semantic-Search-and-Temporal-Change-Detection-System/data/raw/levir_cd/val/label/val_16.png,1024,1024,3,RGB,building_change,0,,True,,1024,1024,,,,,35633,0.033982276916503906,1.0.0,
val_17,LEVIR-CD,val_17.png,raw/levir_cd/val/A/val_17.png,val,/Users/rahulmanchanda/Desktop/AI-Driven-Satellite-Image-Semantic-Search-and-Temporal-Change-Detection-System/data/raw/levir_cd/val/A/val_17.png,/Users/rahulmanchanda/Desktop/AI-Driven-Satellite-Image-Semantic-Search-and-Temporal-Change-Detection-System/data/raw/levir_cd/val/B/val_17.png,/Users/rahulmanchanda/Desktop/AI-Driven-Satellite-Image-Semantic-Search-and-Temporal-Change-Detection-System/data/raw/levir_cd/val/label/val_17.png,1024,1024,3,RGB,building_change,0,,True,,1024,1024,,,,,149133,0.14222431182861328,1.0.0,
val_18,LEVIR-CD,val_18.png,raw/levir_cd/val/A/val_18.png,val,/Users/rahulmanchanda/Desktop/AI-Driven-Satellite-Image-Semantic-Search-and-Temporal-Change-Detection-System/data/raw/levir_cd/val/A/val_18.png,/Users/rahulmanchanda/Desktop/AI-Driven-Satellite-Image-Semantic-Search-and-Temporal-Change-Detection-System/data/raw/levir_cd/val/B/val_18.png,/Users/rahulmanchanda/Desktop/AI-Driven-Satellite-Image-Semantic-Search-and-Temporal-Change-Detection-System/data/raw/levir_cd/val/label/val_18.png,1024,1024,3,RGB,building_change,0,,True,,1024,1024,,,,,107182,0.10221672058105469,1.0.0,
val_19,LEVIR-CD,val_19.png,raw/levir_cd/val/A/val_19.png,val,/Users/rahulmanchanda/Desktop/AI-Driven-Satellite-Image-Semantic-Search-and-Temporal-Change-Detection-System/data/raw/levir_cd/val/A/val_19.png,/Users/rahulmanchanda/Desktop/AI-Driven-Satellite-Image-Semantic-Search-and-Temporal-Change-Detection-System/data/raw/levir_cd/val/B/val_19.png,/Users/rahulmanchanda/Desktop/AI-Driven-Satellite-Image-Semantic-Search-and-Temporal-Change-Detection-System/data/raw/levir_cd/val/label/val_19.png,1024,1024,3,RGB,building_change,0,,True,,1024,1024,,,,,66902,0.06380271911621094,1.0.0,
val_2,LEVIR-CD,val_2.png,raw/levir_cd/val/A/val_2.png,val,/Users/rahulmanchanda/Desktop/AI-Driven-Satellite-Image-Semantic-Search-and-Temporal-Change-Detection-System/data/raw/levir_cd/val/A/val_2.png,/Users/rahulmanchanda/Desktop/AI-Driven-Satellite-Image-Semantic-Search-and-Temporal-Change-Detection-System/data/raw/levir_cd/val/B/val_2.png,/Users/rahulmanchanda/Desktop/AI-Driven-Satellite-Image-Semantic-Search-and-Temporal-Change-Detection-System/data/raw/levir_cd/val/label/val_2.png,1024,1024,3,RGB,building_change,0,,True,,1024,1024,,,,,26546,0.025316238403320312,1.0.0,
val_20,LEVIR-CD,val_20.png,raw/levir_cd/val/A/val_20.png,val,/Users/rahulmanchanda/Desktop/AI-Driven-Satellite-Image-Semantic-Search-and-Temporal-Change-Detection-System/data/raw/levir_cd/val/A/val_20.png,/Users/rahulmanchanda/Desktop/AI-Driven-Satellite-Image-Semantic-Search-and-Temporal-Change-Detection-System/data/raw/levir_cd/val/B/val_20.png,/Users/rahulmanchanda/Desktop/AI-Driven-Satellite-Image-Semantic-Search-and-Temporal-Change-Detection-System/data/raw/levir_cd/val/label/val_20.png,1024,1024,3,RGB,building_change,0,,True,,1024,1024,,,,,213701,0.20380115509033203,1.0.0,
val_21,LEVIR-CD,val_21.png,raw/levir_cd/val/A/val_21.png,val,/Users/rahulmanchanda/Desktop/AI-Driven-Satellite-Image-Semantic-Search-and-Temporal-Change-Detection-System/data/raw/levir_cd/val/A/val_21.png,/Users/rahulmanchanda/Desktop/AI-Driven-Satellite-Image-Semantic-Search-and-Temporal-Change-Detection-System/data/raw/levir_cd/val/B/val_21.png,/Users/rahulmanchanda/Desktop/AI-Driven-Satellite-Image-Semantic-Search-and-Temporal-Change-Detection-System/data/raw/levir_cd/val/label/val_21.png,1024,1024,3,RGB,building_change,0,,True,,1024,1024,,,,,77805,0.07420063018798828,1.0.0,
val_22,LEVIR-CD,val_22.png,raw/levir_cd/val/A/val_22.png,val,/Users/rahulmanchanda/Desktop/AI-Driven-Satellite-Image-Semantic-Search-and-Temporal-Change-Detection-System/data/raw/levir_cd/val/A/val_22.png,/Users/rahulmanchanda/Desktop/AI-Driven-Satellite-Image-Semantic-Search-and-Temporal-Change-Detection-System/data/raw/levir_cd/val/B/val_22.png,/Users/rahulmanchanda/Desktop/AI-Driven-Satellite-Image-Semantic-Search-and-Temporal-Change-Detection-System/data/raw/levir_cd/val/label/val_22.png,1024,1024,3,RGB,building_change,0,,True,,1024,1024,,,,,24482,0.023347854614257812,1.0.0,
val_23,LEVIR-CD,val_23.png,raw/levir_cd/val/A/val_23.png,val,/Users/rahulmanchanda/Desktop/AI-Driven-Satellite-Image-Semantic-Search-and-Temporal-Change-Detection-System/data/raw/levir_cd/val/A/val_23.png,/Users/rahulmanchanda/Desktop/AI-Driven-Satellite-Image-Semantic-Search-and-Temporal-Change-Detection-System/data/raw/levir_cd/val/B/val_23.png,/Users/rahulmanchanda/Desktop/AI-Driven-Satellite-Image-Semantic-Search-and-Temporal-Change-Detection-System/data/raw/levir_cd/val/label/val_23.png,1024,1024,3,RGB,building_change,0,,True,,1024,1024,,,,,20867,0.01990032196044922,1.0.0,
val_24,LEVIR-CD,val_24.png,raw/levir_cd/val/A/val_24.png,val,/Users/rahulmanchanda/Desktop/AI-Driven-Satellite-Image-Semantic-Search-and-Temporal-Change-Detection-System/data/raw/levir_cd/val/A/val_24.png,/Users/rahulmanchanda/Desktop/AI-Driven-Satellite-Image-Semantic-Search-and-Temporal-Change-Detection-System/data/raw/levir_cd/val/B/val_24.png,/Users/rahulmanchanda/Desktop/AI-Driven-Satellite-Image-Semantic-Search-and-Temporal-Change-Detection-System/data/raw/levir_cd/val/label/val_24.png,1024,1024,3,RGB,building_change,0,,True,,1024,1024,,,,,31864,0.03038787841796875,1.0.0,
val_25,LEVIR-CD,val_25.png,raw/levir_cd/val/A/val_25.png,val,/Users/rahulmanchanda/Desktop/AI-Driven-Satellite-Image-Semantic-Search-and-Temporal-Change-Detection-System/data/raw/levir_cd/val/A/val_25.png,/Users/rahulmanchanda/Desktop/AI-Driven-Satellite-Image-Semantic-Search-and-Temporal-Change-Detection-System/data/raw/levir_cd/val/B/val_25.png,/Users/rahulmanchanda/Desktop/AI-Driven-Satellite-Image-Semantic-Search-and-Temporal-Change-Detection-System/data/raw/levir_cd/val/label/val_25.png,1024,1024,3,RGB,building_change,0,,True,,1024,1024,,,,,75788,0.07227706909179688,1.0.0,
val_26,LEVIR-CD,val_26.png,raw/levir_cd/val/A/val_26.png,val,/Users/rahulmanchanda/Desktop/AI-Driven-Satellite-Image-Semantic-Search-and-Temporal-Change-Detection-System/data/raw/levir_cd/val/A/val_26.png,/Users/rahulmanchanda/Desktop/AI-Driven-Satellite-Image-Semantic-Search-and-Temporal-Change-Detection-System/data/raw/levir_cd/val/B/val_26.png,/Users/rahulmanchanda/Desktop/AI-Driven-Satellite-Image-Semantic-Search-and-Temporal-Change-Detection-System/data/raw/levir_cd/val/label/val_26.png,1024,1024,3,RGB,building_change,0,,True,,1024,1024,,,,,0,0.0,1.0.0,
val_27,LEVIR-CD,val_27.png,raw/levir_cd/val/A/val_27.png,val,/Users/rahulmanchanda/Desktop/AI-Driven-Satellite-Image-Semantic-Search-and-Temporal-Change-Detection-System/data/raw/levir_cd/val/A/val_27.png,/Users/rahulmanchanda/Desktop/AI-Driven-Satellite-Image-Semantic-Search-and-Temporal-Change-Detection-System/data/raw/levir_cd/val/B/val_27.png,/Users/rahulmanchanda/Desktop/AI-Driven-Satellite-Image-Semantic-Search-and-Temporal-Change-Detection-System/data/raw/levir_cd/val/label/val_27.png,1024,1024,3,RGB,building_change,0,,True,,1024,1024,,,,,114423,0.10912227630615234,1.0.0,
val_28,LEVIR-CD,val_28.png,raw/levir_cd/val/A/val_28.png,val,/Users/rahulmanchanda/Desktop/AI-Driven-Satellite-Image-Semantic-Search-and-Temporal-Change-Detection-System/data/raw/levir_cd/val/A/val_28.png,/Users/rahulmanchanda/Desktop/AI-Driven-Satellite-Image-Semantic-Search-and-Temporal-Change-Detection-System/data/raw/levir_cd/val/B/val_28.png,/Users/rahulmanchanda/Desktop/AI-Driven-Satellite-Image-Semantic-Search-and-Temporal-Change-Detection-System/data/raw/levir_cd/val/label/val_28.png,1024,1024,3,RGB,building_change,0,,True,,1024,1024,,,,,72711,0.06934261322021484,1.0.0,
val_29,LEVIR-CD,val_29.png,raw/levir_cd/val/A/val_29.png,val,/Users/rahulmanchanda/Desktop/AI-Driven-Satellite-Image-Semantic-Search-and-Temporal-Change-Detection-System/data/raw/levir_cd/val/A/val_29.png,/Users/rahulmanchanda/Desktop/AI-Driven-Satellite-Image-Semantic-Search-and-Temporal-Change-Detection-System/data/raw/levir_cd/val/B/val_29.png,/Users/rahulmanchanda/Desktop/AI-Driven-Satellite-Image-Semantic-Search-and-Temporal-Change-Detection-System/data/raw/levir_cd/val/label/val_29.png,1024,1024,3,RGB,building_change,0,,True,,1024,1024,,,,,0,0.0,1.0.0,
val_3,LEVIR-CD,val_3.png,raw/levir_cd/val/A/val_3.png,val,/Users/rahulmanchanda/Desktop/AI-Driven-Satellite-Image-Semantic-Search-and-Temporal-Change-Detection-System/data/raw/levir_cd/val/A/val_3.png,/Users/rahulmanchanda/Desktop/AI-Driven-Satellite-Image-Semantic-Search-and-Temporal-Change-Detection-System/data/raw/levir_cd/val/B/val_3.png,/Users/rahulmanchanda/Desktop/AI-Driven-Satellite-Image-Semantic-Search-and-Temporal-Change-Detection-System/data/raw/levir_cd/val/label/val_3.png,1024,1024,3,RGB,building_change,0,,True,,1024,1024,,,,,35849,0.034188270568847656,1.0.0,
val_30,LEVIR-CD,val_30.png,raw/levir_cd/val/A/val_30.png,val,/Users/rahulmanchanda/Desktop/AI-Driven-Satellite-Image-Semantic-Search-and-Temporal-Change-Detection-System/data/raw/levir_cd/val/A/val_30.png,/Users/rahulmanchanda/Desktop/AI-Driven-Satellite-Image-Semantic-Search-and-Temporal-Change-Detection-System/data/raw/levir_cd/val/B/val_30.png,/Users/rahulmanchanda/Desktop/AI-Driven-Satellite-Image-Semantic-Search-and-Temporal-Change-Detection-System/data/raw/levir_cd/val/label/val_30.png,1024,1024,3,RGB,building_change,0,,True,,1024,1024,,,,,0,0.0,1.0.0,
val_31,LEVIR-CD,val_31.png,raw/levir_cd/val/A/val_31.png,val,/Users/rahulmanchanda/Desktop/AI-Driven-Satellite-Image-Semantic-Search-and-Temporal-Change-Detection-System/data/raw/levir_cd/val/A/val_31.png,/Users/rahulmanchanda/Desktop/AI-Driven-Satellite-Image-Semantic-Search-and-Temporal-Change-Detection-System/data/raw/levir_cd/val/B/val_31.png,/Users/rahulmanchanda/Desktop/AI-Driven-Satellite-Image-Semantic-Search-and-Temporal-Change-Detection-System/data/raw/levir_cd/val/label/val_31.png,1024,1024,3,RGB,building_change,0,,True,,1024,1024,,,,,0,0.0,1.0.0,
val_32,LEVIR-CD,val_32.png,raw/levir_cd/val/A/val_32.png,val,/Users/rahulmanchanda/Desktop/AI-Driven-Satellite-Image-Semantic-Search-and-Temporal-Change-Detection-System/data/raw/levir_cd/val/A/val_32.png,/Users/rahulmanchanda/Desktop/AI-Driven-Satellite-Image-Semantic-Search-and-Temporal-Change-Detection-System/data/raw/levir_cd/val/B/val_32.png,/Users/rahulmanchanda/Desktop/AI-Driven-Satellite-Image-Semantic-Search-and-Temporal-Change-Detection-System/data/raw/levir_cd/val/label/val_32.png,1024,1024,3,RGB,building_change,0,,True,,1024,1024,,,,,0,0.0,1.0.0,
val_33,LEVIR-CD,val_33.png,raw/levir_cd/val/A/val_33.png,val,/Users/rahulmanchanda/Desktop/AI-Driven-Satellite-Image-Semantic-Search-and-Temporal-Change-Detection-System/data/raw/levir_cd/val/A/val_33.png,/Users/rahulmanchanda/Desktop/AI-Driven-Satellite-Image-Semantic-Search-and-Temporal-Change-Detection-System/data/raw/levir_cd/val/B/val_33.png,/Users/rahulmanchanda/Desktop/AI-Driven-Satellite-Image-Semantic-Search-and-Temporal-Change-Detection-System/data/raw/levir_cd/val/label/val_33.png,1024,1024,3,RGB,building_change,0,,True,,1024,1024,,,,,33204,0.031665802001953125,1.0.0,
val_34,LEVIR-CD,val_34.png,raw/levir_cd/val/A/val_34.png,val,/Users/rahulmanchanda/Desktop/AI-Driven-Satellite-Image-Semantic-Search-and-Temporal-Change-Detection-System/data/raw/levir_cd/val/A/val_34.png,/Users/rahulmanchanda/Desktop/AI-Driven-Satellite-Image-Semantic-Search-and-Temporal-Change-Detection-System/data/raw/levir_cd/val/B/val_34.png,/Users/rahulmanchanda/Desktop/AI-Driven-Satellite-Image-Semantic-Search-and-Temporal-Change-Detection-System/data/raw/levir_cd/val/label/val_34.png,1024,1024,3,RGB,building_change,0,,True,,1024,1024,,,,,76666,0.07311439514160156,1.0.0,
val_35,LEVIR-CD,val_35.png,raw/levir_cd/val/A/val_35.png,val,/Users/rahulmanchanda/Desktop/AI-Driven-Satellite-Image-Semantic-Search-and-Temporal-Change-Detection-System/data/raw/levir_cd/val/A/val_35.png,/Users/rahulmanchanda/Desktop/AI-Driven-Satellite-Image-Semantic-Search-and-Temporal-Change-Detection-System/data/raw/levir_cd/val/B/val_35.png,/Users/rahulmanchanda/Desktop/AI-Driven-Satellite-Image-Semantic-Search-and-Temporal-Change-Detection-System/data/raw/levir_cd/val/label/val_35.png,1024,1024,3,RGB,building_change,0,,True,,1024,1024,,,,,10601,0.010109901428222656,1.0.0,
val_36,LEVIR-CD,val_36.png,raw/levir_cd/val/A/val_36.png,val,/Users/rahulmanchanda/Desktop/AI-Driven-Satellite-Image-Semantic-Search-and-Temporal-Change-Detection-System/data/raw/levir_cd/val/A/val_36.png,/Users/rahulmanchanda/Desktop/AI-Driven-Satellite-Image-Semantic-Search-and-Temporal-Change-Detection-System/data/raw/levir_cd/val/B/val_36.png,/Users/rahulmanchanda/Desktop/AI-Driven-Satellite-Image-Semantic-Search-and-Temporal-Change-Detection-System/data/raw/levir_cd/val/label/val_36.png,1024,1024,3,RGB,building_change,0,,True,,1024,1024,,,,,33285,0.03174304962158203,1.0.0,
val_37,LEVIR-CD,val_37.png,raw/levir_cd/val/A/val_37.png,val,/Users/rahulmanchanda/Desktop/AI-Driven-Satellite-Image-Semantic-Search-and-Temporal-Change-Detection-System/data/raw/levir_cd/val/A/val_37.png,/Users/rahulmanchanda/Desktop/AI-Driven-Satellite-Image-Semantic-Search-and-Temporal-Change-Detection-System/data/raw/levir_cd/val/B/val_37.png,/Users/rahulmanchanda/Desktop/AI-Driven-Satellite-Image-Semantic-Search-and-Temporal-Change-Detection-System/data/raw/levir_cd/val/label/val_37.png,1024,1024,3,RGB,building_change,0,,True,,1024,1024,,,,,2213,0.0021104812622070312,1.0.0,
val_38,LEVIR-CD,val_38.png,raw/levir_cd/val/A/val_38.png,val,/Users/rahulmanchanda/Desktop/AI-Driven-Satellite-Image-Semantic-Search-and-Temporal-Change-Detection-System/data/raw/levir_cd/val/A/val_38.png,/Users/rahulmanchanda/Desktop/AI-Driven-Satellite-Image-Semantic-Search-and-Temporal-Change-Detection-System/data/raw/levir_cd/val/B/val_38.png,/Users/rahulmanchanda/Desktop/AI-Driven-Satellite-Image-Semantic-Search-and-Temporal-Change-Detection-System/data/raw/levir_cd/val/label/val_38.png,1024,1024,3,RGB,building_change,0,,True,,1024,1024,,,,,30082,0.028688430786132812,1.0.0,
val_39,LEVIR-CD,val_39.png,raw/levir_cd/val/A/val_39.png,val,/Users/rahulmanchanda/Desktop/AI-Driven-Satellite-Image-Semantic-Search-and-Temporal-Change-Detection-System/data/raw/levir_cd/val/A/val_39.png,/Users/rahulmanchanda/Desktop/AI-Driven-Satellite-Image-Semantic-Search-and-Temporal-Change-Detection-System/data/raw/levir_cd/val/B/val_39.png,/Users/rahulmanchanda/Desktop/AI-Driven-Satellite-Image-Semantic-Search-and-Temporal-Change-Detection-System/data/raw/levir_cd/val/label/val_39.png,1024,1024,3,RGB,building_change,0,,True,,1024,1024,,,,,93627,0.08928966522216797,1.0.0,
val_4,LEVIR-CD,val_4.png,raw/levir_cd/val/A/val_4.png,val,/Users/rahulmanchanda/Desktop/AI-Driven-Satellite-Image-Semantic-Search-and-Temporal-Change-Detection-System/data/raw/levir_cd/val/A/val_4.png,/Users/rahulmanchanda/Desktop/AI-Driven-Satellite-Image-Semantic-Search-and-Temporal-Change-Detection-System/data/raw/levir_cd/val/B/val_4.png,/Users/rahulmanchanda/Desktop/AI-Driven-Satellite-Image-Semantic-Search-and-Temporal-Change-Detection-System/data/raw/levir_cd/val/label/val_4.png,1024,1024,3,RGB,building_change,0,,True,,1024,1024,,,,,65813,0.06276416778564453,1.0.0,
val_40,LEVIR-CD,val_40.png,raw/levir_cd/val/A/val_40.png,val,/Users/rahulmanchanda/Desktop/AI-Driven-Satellite-Image-Semantic-Search-and-Temporal-Change-Detection-System/data/raw/levir_cd/val/A/val_40.png,/Users/rahulmanchanda/Desktop/AI-Driven-Satellite-Image-Semantic-Search-and-Temporal-Change-Detection-System/data/raw/levir_cd/val/B/val_40.png,/Users/rahulmanchanda/Desktop/AI-Driven-Satellite-Image-Semantic-Search-and-Temporal-Change-Detection-System/data/raw/levir_cd/val/label/val_40.png,1024,1024,3,RGB,building_change,0,,True,,1024,1024,,,,,13091,0.012484550476074219,1.0.0,
val_41,LEVIR-CD,val_41.png,raw/levir_cd/val/A/val_41.png,val,/Users/rahulmanchanda/Desktop/AI-Driven-Satellite-Image-Semantic-Search-and-Temporal-Change-Detection-System/data/raw/levir_cd/val/A/val_41.png,/Users/rahulmanchanda/Desktop/AI-Driven-Satellite-Image-Semantic-Search-and-Temporal-Change-Detection-System/data/raw/levir_cd/val/B/val_41.png,/Users/rahulmanchanda/Desktop/AI-Driven-Satellite-Image-Semantic-Search-and-Temporal-Change-Detection-System/data/raw/levir_cd/val/label/val_41.png,1024,1024,3,RGB,building_change,0,,True,,1024,1024,,,,,3915,0.0037336349487304688,1.0.0,
val_42,LEVIR-CD,val_42.png,raw/levir_cd/val/A/val_42.png,val,/Users/rahulmanchanda/Desktop/AI-Driven-Satellite-Image-Semantic-Search-and-Temporal-Change-Detection-System/data/raw/levir_cd/val/A/val_42.png,/Users/rahulmanchanda/Desktop/AI-Driven-Satellite-Image-Semantic-Search-and-Temporal-Change-Detection-System/data/raw/levir_cd/val/B/val_42.png,/Users/rahulmanchanda/Desktop/AI-Driven-Satellite-Image-Semantic-Search-and-Temporal-Change-Detection-System/data/raw/levir_cd/val/label/val_42.png,1024,1024,3,RGB,building_change,0,,True,,1024,1024,,,,,4540,0.004329681396484375,1.0.0,
val_43,LEVIR-CD,val_43.png,raw/levir_cd/val/A/val_43.png,val,/Users/rahulmanchanda/Desktop/AI-Driven-Satellite-Image-Semantic-Search-and-Temporal-Change-Detection-System/data/raw/levir_cd/val/A/val_43.png,/Users/rahulmanchanda/Desktop/AI-Driven-Satellite-Image-Semantic-Search-and-Temporal-Change-Detection-System/data/raw/levir_cd/val/B/val_43.png,/Users/rahulmanchanda/Desktop/AI-Driven-Satellite-Image-Semantic-Search-and-Temporal-Change-Detection-System/data/raw/levir_cd/val/label/val_43.png,1024,1024,3,RGB,building_change,0,,True,,1024,1024,,,,,96735,0.0922536849975586,1.0.0,
val_44,LEVIR-CD,val_44.png,raw/levir_cd/val/A/val_44.png,val,/Users/rahulmanchanda/Desktop/AI-Driven-Satellite-Image-Semantic-Search-and-Temporal-Change-Detection-System/data/raw/levir_cd/val/A/val_44.png,/Users/rahulmanchanda/Desktop/AI-Driven-Satellite-Image-Semantic-Search-and-Temporal-Change-Detection-System/data/raw/levir_cd/val/B/val_44.png,/Users/rahulmanchanda/Desktop/AI-Driven-Satellite-Image-Semantic-Search-and-Temporal-Change-Detection-System/data/raw/levir_cd/val/label/val_44.png,1024,1024,3,RGB,building_change,0,,True,,1024,1024,,,,,51629,0.04923725128173828,1.0.0,
val_45,LEVIR-CD,val_45.png,raw/levir_cd/val/A/val_45.png,val,/Users/rahulmanchanda/Desktop/AI-Driven-Satellite-Image-Semantic-Search-and-Temporal-Change-Detection-System/data/raw/levir_cd/val/A/val_45.png,/Users/rahulmanchanda/Desktop/AI-Driven-Satellite-Image-Semantic-Search-and-Temporal-Change-Detection-System/data/raw/levir_cd/val/B/val_45.png,/Users/rahulmanchanda/Desktop/AI-Driven-Satellite-Image-Semantic-Search-and-Temporal-Change-Detection-System/data/raw/levir_cd/val/label/val_45.png,1024,1024,3,RGB,building_change,0,,True,,1024,1024,,,,,0,0.0,1.0.0,
val_46,LEVIR-CD,val_46.png,raw/levir_cd/val/A/val_46.png,val,/Users/rahulmanchanda/Desktop/AI-Driven-Satellite-Image-Semantic-Search-and-Temporal-Change-Detection-System/data/raw/levir_cd/val/A/val_46.png,/Users/rahulmanchanda/Desktop/AI-Driven-Satellite-Image-Semantic-Search-and-Temporal-Change-Detection-System/data/raw/levir_cd/val/B/val_46.png,/Users/rahulmanchanda/Desktop/AI-Driven-Satellite-Image-Semantic-Search-and-Temporal-Change-Detection-System/data/raw/levir_cd/val/label/val_46.png,1024,1024,3,RGB,building_change,0,,True,,1024,1024,,,,,611,0.0005826950073242188,1.0.0,
val_47,LEVIR-CD,val_47.png,raw/levir_cd/val/A/val_47.png,val,/Users/rahulmanchanda/Desktop/AI-Driven-Satellite-Image-Semantic-Search-and-Temporal-Change-Detection-System/data/raw/levir_cd/val/A/val_47.png,/Users/rahulmanchanda/Desktop/AI-Driven-Satellite-Image-Semantic-Search-and-Temporal-Change-Detection-System/data/raw/levir_cd/val/B/val_47.png,/Users/rahulmanchanda/Desktop/AI-Driven-Satellite-Image-Semantic-Search-and-Temporal-Change-Detection-System/data/raw/levir_cd/val/label/val_47.png,1024,1024,3,RGB,building_change,0,,True,,1024,1024,,,,,1484,0.001415252685546875,1.0.0,
val_48,LEVIR-CD,val_48.png,raw/levir_cd/val/A/val_48.png,val,/Users/rahulmanchanda/Desktop/AI-Driven-Satellite-Image-Semantic-Search-and-Temporal-Change-Detection-System/data/raw/levir_cd/val/A/val_48.png,/Users/rahulmanchanda/Desktop/AI-Driven-Satellite-Image-Semantic-Search-and-Temporal-Change-Detection-System/data/raw/levir_cd/val/B/val_48.png,/Users/rahulmanchanda/Desktop/AI-Driven-Satellite-Image-Semantic-Search-and-Temporal-Change-Detection-System/data/raw/levir_cd/val/label/val_48.png,1024,1024,3,RGB,building_change,0,,True,,1024,1024,,,,,46427,0.04427623748779297,1.0.0,
val_49,LEVIR-CD,val_49.png,raw/levir_cd/val/A/val_49.png,val,/Users/rahulmanchanda/Desktop/AI-Driven-Satellite-Image-Semantic-Search-and-Temporal-Change-Detection-System/data/raw/levir_cd/val/A/val_49.png,/Users/rahulmanchanda/Desktop/AI-Driven-Satellite-Image-Semantic-Search-and-Temporal-Change-Detection-System/data/raw/levir_cd/val/B/val_49.png,/Users/rahulmanchanda/Desktop/AI-Driven-Satellite-Image-Semantic-Search-and-Temporal-Change-Detection-System/data/raw/levir_cd/val/label/val_49.png,1024,1024,3,RGB,building_change,0,,True,,1024,1024,,,,,2336,0.002227783203125,1.0.0,
val_5,LEVIR-CD,val_5.png,raw/levir_cd/val/A/val_5.png,val,/Users/rahulmanchanda/Desktop/AI-Driven-Satellite-Image-Semantic-Search-and-Temporal-Change-Detection-System/data/raw/levir_cd/val/A/val_5.png,/Users/rahulmanchanda/Desktop/AI-Driven-Satellite-Image-Semantic-Search-and-Temporal-Change-Detection-System/data/raw/levir_cd/val/B/val_5.png,/Users/rahulmanchanda/Desktop/AI-Driven-Satellite-Image-Semantic-Search-and-Temporal-Change-Detection-System/data/raw/levir_cd/val/label/val_5.png,1024,1024,3,RGB,building_change,0,,True,,1024,1024,,,,,48689,0.046433448791503906,1.0.0,
val_50,LEVIR-CD,val_50.png,raw/levir_cd/val/A/val_50.png,val,/Users/rahulmanchanda/Desktop/AI-Driven-Satellite-Image-Semantic-Search-and-Temporal-Change-Detection-System/data/raw/levir_cd/val/A/val_50.png,/Users/rahulmanchanda/Desktop/AI-Driven-Satellite-Image-Semantic-Search-and-Temporal-Change-Detection-System/data/raw/levir_cd/val/B/val_50.png,/Users/rahulmanchanda/Desktop/AI-Driven-Satellite-Image-Semantic-Search-and-Temporal-Change-Detection-System/data/raw/levir_cd/val/label/val_50.png,1024,1024,3,RGB,building_change,0,,True,,1024,1024,,,,,164,0.000156402587890625,1.0.0,
val_51,LEVIR-CD,val_51.png,raw/levir_cd/val/A/val_51.png,val,/Users/rahulmanchanda/Desktop/AI-Driven-Satellite-Image-Semantic-Search-and-Temporal-Change-Detection-System/data/raw/levir_cd/val/A/val_51.png,/Users/rahulmanchanda/Desktop/AI-Driven-Satellite-Image-Semantic-Search-and-Temporal-Change-Detection-System/data/raw/levir_cd/val/B/val_51.png,/Users/rahulmanchanda/Desktop/AI-Driven-Satellite-Image-Semantic-Search-and-Temporal-Change-Detection-System/data/raw/levir_cd/val/label/val_51.png,1024,1024,3,RGB,building_change,0,,True,,1024,1024,,,,,193943,0.18495845794677734,1.0.0,
val_52,LEVIR-CD,val_52.png,raw/levir_cd/val/A/val_52.png,val,/Users/rahulmanchanda/Desktop/AI-Driven-Satellite-Image-Semantic-Search-and-Temporal-Change-Detection-System/data/raw/levir_cd/val/A/val_52.png,/Users/rahulmanchanda/Desktop/AI-Driven-Satellite-Image-Semantic-Search-and-Temporal-Change-Detection-System/data/raw/levir_cd/val/B/val_52.png,/Users/rahulmanchanda/Desktop/AI-Driven-Satellite-Image-Semantic-Search-and-Temporal-Change-Detection-System/data/raw/levir_cd/val/label/val_52.png,1024,1024,3,RGB,building_change,0,,True,,1024,1024,,,,,120839,0.11524105072021484,1.0.0,
val_53,LEVIR-CD,val_53.png,raw/levir_cd/val/A/val_53.png,val,/Users/rahulmanchanda/Desktop/AI-Driven-Satellite-Image-Semantic-Search-and-Temporal-Change-Detection-System/data/raw/levir_cd/val/A/val_53.png,/Users/rahulmanchanda/Desktop/AI-Driven-Satellite-Image-Semantic-Search-and-Temporal-Change-Detection-System/data/raw/levir_cd/val/B/val_53.png,/Users/rahulmanchanda/Desktop/AI-Driven-Satellite-Image-Semantic-Search-and-Temporal-Change-Detection-System/data/raw/levir_cd/val/label/val_53.png,1024,1024,3,RGB,building_change,0,,True,,1024,1024,,,,,58358,0.05565452575683594,1.0.0,
val_54,LEVIR-CD,val_54.png,raw/levir_cd/val/A/val_54.png,val,/Users/rahulmanchanda/Desktop/AI-Driven-Satellite-Image-Semantic-Search-and-Temporal-Change-Detection-System/data/raw/levir_cd/val/A/val_54.png,/Users/rahulmanchanda/Desktop/AI-Driven-Satellite-Image-Semantic-Search-and-Temporal-Change-Detection-System/data/raw/levir_cd/val/B/val_54.png,/Users/rahulmanchanda/Desktop/AI-Driven-Satellite-Image-Semantic-Search-and-Temporal-Change-Detection-System/data/raw/levir_cd/val/label/val_54.png,1024,1024,3,RGB,building_change,0,,True,,1024,1024,,,,,5882,0.0056095123291015625,1.0.0,
val_55,LEVIR-CD,val_55.png,raw/levir_cd/val/A/val_55.png,val,/Users/rahulmanchanda/Desktop/AI-Driven-Satellite-Image-Semantic-Search-and-Temporal-Change-Detection-System/data/raw/levir_cd/val/A/val_55.png,/Users/rahulmanchanda/Desktop/AI-Driven-Satellite-Image-Semantic-Search-and-Temporal-Change-Detection-System/data/raw/levir_cd/val/B/val_55.png,/Users/rahulmanchanda/Desktop/AI-Driven-Satellite-Image-Semantic-Search-and-Temporal-Change-Detection-System/data/raw/levir_cd/val/label/val_55.png,1024,1024,3,RGB,building_change,0,,True,,1024,1024,,,,,0,0.0,1.0.0,
val_56,LEVIR-CD,val_56.png,raw/levir_cd/val/A/val_56.png,val,/Users/rahulmanchanda/Desktop/AI-Driven-Satellite-Image-Semantic-Search-and-Temporal-Change-Detection-System/data/raw/levir_cd/val/A/val_56.png,/Users/rahulmanchanda/Desktop/AI-Driven-Satellite-Image-Semantic-Search-and-Temporal-Change-Detection-System/data/raw/levir_cd/val/B/val_56.png,/Users/rahulmanchanda/Desktop/AI-Driven-Satellite-Image-Semantic-Search-and-Temporal-Change-Detection-System/data/raw/levir_cd/val/label/val_56.png,1024,1024,3,RGB,building_change,0,,True,,1024,1024,,,,,17806,0.016981124877929688,1.0.0,
val_57,LEVIR-CD,val_57.png,raw/levir_cd/val/A/val_57.png,val,/Users/rahulmanchanda/Desktop/AI-Driven-Satellite-Image-Semantic-Search-and-Temporal-Change-Detection-System/data/raw/levir_cd/val/A/val_57.png,/Users/rahulmanchanda/Desktop/AI-Driven-Satellite-Image-Semantic-Search-and-Temporal-Change-Detection-System/data/raw/levir_cd/val/B/val_57.png,/Users/rahulmanchanda/Desktop/AI-Driven-Satellite-Image-Semantic-Search-and-Temporal-Change-Detection-System/data/raw/levir_cd/val/label/val_57.png,1024,1024,3,RGB,building_change,0,,True,,1024,1024,,,,,742,0.0007076263427734375,1.0.0,
val_58,LEVIR-CD,val_58.png,raw/levir_cd/val/A/val_58.png,val,/Users/rahulmanchanda/Desktop/AI-Driven-Satellite-Image-Semantic-Search-and-Temporal-Change-Detection-System/data/raw/levir_cd/val/A/val_58.png,/Users/rahulmanchanda/Desktop/AI-Driven-Satellite-Image-Semantic-Search-and-Temporal-Change-Detection-System/data/raw/levir_cd/val/B/val_58.png,/Users/rahulmanchanda/Desktop/AI-Driven-Satellite-Image-Semantic-Search-and-Temporal-Change-Detection-System/data/raw/levir_cd/val/label/val_58.png,1024,1024,3,RGB,building_change,0,,True,,1024,1024,,,,,116644,0.11124038696289062,1.0.0,
val_59,LEVIR-CD,val_59.png,raw/levir_cd/val/A/val_59.png,val,/Users/rahulmanchanda/Desktop/AI-Driven-Satellite-Image-Semantic-Search-and-Temporal-Change-Detection-System/data/raw/levir_cd/val/A/val_59.png,/Users/rahulmanchanda/Desktop/AI-Driven-Satellite-Image-Semantic-Search-and-Temporal-Change-Detection-System/data/raw/levir_cd/val/B/val_59.png,/Users/rahulmanchanda/Desktop/AI-Driven-Satellite-Image-Semantic-Search-and-Temporal-Change-Detection-System/data/raw/levir_cd/val/label/val_59.png,1024,1024,3,RGB,building_change,0,,True,,1024,1024,,,,,826,0.0007877349853515625,1.0.0,
val_6,LEVIR-CD,val_6.png,raw/levir_cd/val/A/val_6.png,val,/Users/rahulmanchanda/Desktop/AI-Driven-Satellite-Image-Semantic-Search-and-Temporal-Change-Detection-System/data/raw/levir_cd/val/A/val_6.png,/Users/rahulmanchanda/Desktop/AI-Driven-Satellite-Image-Semantic-Search-and-Temporal-Change-Detection-System/data/raw/levir_cd/val/B/val_6.png,/Users/rahulmanchanda/Desktop/AI-Driven-Satellite-Image-Semantic-Search-and-Temporal-Change-Detection-System/data/raw/levir_cd/val/label/val_6.png,1024,1024,3,RGB,building_change,0,,True,,1024,1024,,,,,45235,0.04313945770263672,1.0.0,
val_60,LEVIR-CD,val_60.png,raw/levir_cd/val/A/val_60.png,val,/Users/rahulmanchanda/Desktop/AI-Driven-Satellite-Image-Semantic-Search-and-Temporal-Change-Detection-System/data/raw/levir_cd/val/A/val_60.png,/Users/rahulmanchanda/Desktop/AI-Driven-Satellite-Image-Semantic-Search-and-Temporal-Change-Detection-System/data/raw/levir_cd/val/B/val_60.png,/Users/rahulmanchanda/Desktop/AI-Driven-Satellite-Image-Semantic-Search-and-Temporal-Change-Detection-System/data/raw/levir_cd/val/label/val_60.png,1024,1024,3,RGB,building_change,0,,True,,1024,1024,,,,,19953,0.019028663635253906,1.0.0,
val_61,LEVIR-CD,val_61.png,raw/levir_cd/val/A/val_61.png,val,/Users/rahulmanchanda/Desktop/AI-Driven-Satellite-Image-Semantic-Search-and-Temporal-Change-Detection-System/data/raw/levir_cd/val/A/val_61.png,/Users/rahulmanchanda/Desktop/AI-Driven-Satellite-Image-Semantic-Search-and-Temporal-Change-Detection-System/data/raw/levir_cd/val/B/val_61.png,/Users/rahulmanchanda/Desktop/AI-Driven-Satellite-Image-Semantic-Search-and-Temporal-Change-Detection-System/data/raw/levir_cd/val/label/val_61.png,1024,1024,3,RGB,building_change,0,,True,,1024,1024,,,,,2137,0.0020380020141601562,1.0.0,
val_62,LEVIR-CD,val_62.png,raw/levir_cd/val/A/val_62.png,val,/Users/rahulmanchanda/Desktop/AI-Driven-Satellite-Image-Semantic-Search-and-Temporal-Change-Detection-System/data/raw/levir_cd/val/A/val_62.png,/Users/rahulmanchanda/Desktop/AI-Driven-Satellite-Image-Semantic-Search-and-Temporal-Change-Detection-System/data/raw/levir_cd/val/B/val_62.png,/Users/rahulmanchanda/Desktop/AI-Driven-Satellite-Image-Semantic-Search-and-Temporal-Change-Detection-System/data/raw/levir_cd/val/label/val_62.png,1024,1024,3,RGB,building_change,0,,True,,1024,1024,,,,,0,0.0,1.0.0,
val_63,LEVIR-CD,val_63.png,raw/levir_cd/val/A/val_63.png,val,/Users/rahulmanchanda/Desktop/AI-Driven-Satellite-Image-Semantic-Search-and-Temporal-Change-Detection-System/data/raw/levir_cd/val/A/val_63.png,/Users/rahulmanchanda/Desktop/AI-Driven-Satellite-Image-Semantic-Search-and-Temporal-Change-Detection-System/data/raw/levir_cd/val/B/val_63.png,/Users/rahulmanchanda/Desktop/AI-Driven-Satellite-Image-Semantic-Search-and-Temporal-Change-Detection-System/data/raw/levir_cd/val/label/val_63.png,1024,1024,3,RGB,building_change,0,,True,,1024,1024,,,,,5334,0.0050868988037109375,1.0.0,
val_64,LEVIR-CD,val_64.png,raw/levir_cd/val/A/val_64.png,val,/Users/rahulmanchanda/Desktop/AI-Driven-Satellite-Image-Semantic-Search-and-Temporal-Change-Detection-System/data/raw/levir_cd/val/A/val_64.png,/Users/rahulmanchanda/Desktop/AI-Driven-Satellite-Image-Semantic-Search-and-Temporal-Change-Detection-System/data/raw/levir_cd/val/B/val_64.png,/Users/rahulmanchanda/Desktop/AI-Driven-Satellite-Image-Semantic-Search-and-Temporal-Change-Detection-System/data/raw/levir_cd/val/label/val_64.png,1024,1024,3,RGB,building_change,0,,True,,1024,1024,,,,,2359,0.0022497177124023438,1.0.0,
val_7,LEVIR-CD,val_7.png,raw/levir_cd/val/A/val_7.png,val,/Users/rahulmanchanda/Desktop/AI-Driven-Satellite-Image-Semantic-Search-and-Temporal-Change-Detection-System/data/raw/levir_cd/val/A/val_7.png,/Users/rahulmanchanda/Desktop/AI-Driven-Satellite-Image-Semantic-Search-and-Temporal-Change-Detection-System/data/raw/levir_cd/val/B/val_7.png,/Users/rahulmanchanda/Desktop/AI-Driven-Satellite-Image-Semantic-Search-and-Temporal-Change-Detection-System/data/raw/levir_cd/val/label/val_7.png,1024,1024,3,RGB,building_change,0,,True,,1024,1024,,,,,148033,0.1411752700805664,1.0.0,
val_8,LEVIR-CD,val_8.png,raw/levir_cd/val/A/val_8.png,val,/Users/rahulmanchanda/Desktop/AI-Driven-Satellite-Image-Semantic-Search-and-Temporal-Change-Detection-System/data/raw/levir_cd/val/A/val_8.png,/Users/rahulmanchanda/Desktop/AI-Driven-Satellite-Image-Semantic-Search-and-Temporal-Change-Detection-System/data/raw/levir_cd/val/B/val_8.png,/Users/rahulmanchanda/Desktop/AI-Driven-Satellite-Image-Semantic-Search-and-Temporal-Change-Detection-System/data/raw/levir_cd/val/label/val_8.png,1024,1024,3,RGB,building_change,0,,True,,1024,1024,,,,,73746,0.07032966613769531,1.0.0,
val_9,LEVIR-CD,val_9.png,raw/levir_cd/val/A/val_9.png,val,/Users/rahulmanchanda/Desktop/AI-Driven-Satellite-Image-Semantic-Search-and-Temporal-Change-Detection-System/data/raw/levir_cd/val/A/val_9.png,/Users/rahulmanchanda/Desktop/AI-Driven-Satellite-Image-Semantic-Search-and-Temporal-Change-Detection-System/data/raw/levir_cd/val/B/val_9.png,/Users/rahulmanchanda/Desktop/AI-Driven-Satellite-Image-Semantic-Search-and-Temporal-Change-Detection-System/data/raw/levir_cd/val/label/val_9.png,1024,1024,3,RGB,building_change,0,,True,,1024,1024,,,,,37356,0.035625457763671875,1.0.0,
test_1,LEVIR-CD,test_1.png,raw/levir_cd/test/A/test_1.png,test,/Users/rahulmanchanda/Desktop/AI-Driven-Satellite-Image-Semantic-Search-and-Temporal-Change-Detection-System/data/raw/levir_cd/test/A/test_1.png,/Users/rahulmanchanda/Desktop/AI-Driven-Satellite-Image-Semantic-Search-and-Temporal-Change-Detection-System/data/raw/levir_cd/test/B/test_1.png,/Users/rahulmanchanda/Desktop/AI-Driven-Satellite-Image-Semantic-Search-and-Temporal-Change-Detection-System/data/raw/levir_cd/test/label/test_1.png,1024,1024,3,RGB,building_change,0,,True,,1024,1024,,,,,13189,0.012578010559082031,1.0.0,
test_10,LEVIR-CD,test_10.png,raw/levir_cd/test/A/test_10.png,test,/Users/rahulmanchanda/Desktop/AI-Driven-Satellite-Image-Semantic-Search-and-Temporal-Change-Detection-System/data/raw/levir_cd/test/A/test_10.png,/Users/rahulmanchanda/Desktop/AI-Driven-Satellite-Image-Semantic-Search-and-Temporal-Change-Detection-System/data/raw/levir_cd/test/B/test_10.png,/Users/rahulmanchanda/Desktop/AI-Driven-Satellite-Image-Semantic-Search-and-Temporal-Change-Detection-System/data/raw/levir_cd/test/label/test_10.png,1024,1024,3,RGB,building_change,0,,True,,1024,1024,,,,,101730,0.09701728820800781,1.0.0,
test_100,LEVIR-CD,test_100.png,raw/levir_cd/test/A/test_100.png,test,/Users/rahulmanchanda/Desktop/AI-Driven-Satellite-Image-Semantic-Search-and-Temporal-Change-Detection-System/data/raw/levir_cd/test/A/test_100.png,/Users/rahulmanchanda/Desktop/AI-Driven-Satellite-Image-Semantic-Search-and-Temporal-Change-Detection-System/data/raw/levir_cd/test/B/test_100.png,/Users/rahulmanchanda/Desktop/AI-Driven-Satellite-Image-Semantic-Search-and-Temporal-Change-Detection-System/data/raw/levir_cd/test/label/test_100.png,1024,1024,3,RGB,building_change,0,,True,,1024,1024,,,,,118843,0.11333751678466797,1.0.0,
test_101,LEVIR-CD,test_101.png,raw/levir_cd/test/A/test_101.png,test,/Users/rahulmanchanda/Desktop/AI-Driven-Satellite-Image-Semantic-Search-and-Temporal-Change-Detection-System/data/raw/levir_cd/test/A/test_101.png,/Users/rahulmanchanda/Desktop/AI-Driven-Satellite-Image-Semantic-Search-and-Temporal-Change-Detection-System/data/raw/levir_cd/test/B/test_101.png,/Users/rahulmanchanda/Desktop/AI-Driven-Satellite-Image-Semantic-Search-and-Temporal-Change-Detection-System/data/raw/levir_cd/test/label/test_101.png,1024,1024,3,RGB,building_change,0,,True,,1024,1024,,,,,49376,0.047088623046875,1.0.0,
test_102,LEVIR-CD,test_102.png,raw/levir_cd/test/A/test_102.png,test,/Users/rahulmanchanda/Desktop/AI-Driven-Satellite-Image-Semantic-Search-and-Temporal-Change-Detection-System/data/raw/levir_cd/test/A/test_102.png,/Users/rahulmanchanda/Desktop/AI-Driven-Satellite-Image-Semantic-Search-and-Temporal-Change-Detection-System/data/raw/levir_cd/test/B/test_102.png,/Users/rahulmanchanda/Desktop/AI-Driven-Satellite-Image-Semantic-Search-and-Temporal-Change-Detection-System/data/raw/levir_cd/test/label/test_102.png,1024,1024,3,RGB,building_change,0,,True,,1024,1024,,,,,105490,0.10060310363769531,1.0.0,
test_103,LEVIR-CD,test_103.png,raw/levir_cd/test/A/test_103.png,test,/Users/rahulmanchanda/Desktop/AI-Driven-Satellite-Image-Semantic-Search-and-Temporal-Change-Detection-System/data/raw/levir_cd/test/A/test_103.png,/Users/rahulmanchanda/Desktop/AI-Driven-Satellite-Image-Semantic-Search-and-Temporal-Change-Detection-System/data/raw/levir_cd/test/B/test_103.png,/Users/rahulmanchanda/Desktop/AI-Driven-Satellite-Image-Semantic-Search-and-Temporal-Change-Detection-System/data/raw/levir_cd/test/label/test_103.png,1024,1024,3,RGB,building_change,0,,True,,1024,1024,,,,,18208,0.017364501953125,1.0.0,
test_104,LEVIR-CD,test_104.png,raw/levir_cd/test/A/test_104.png,test,/Users/rahulmanchanda/Desktop/AI-Driven-Satellite-Image-Semantic-Search-and-Temporal-Change-Detection-System/data/raw/levir_cd/test/A/test_104.png,/Users/rahulmanchanda/Desktop/AI-Driven-Satellite-Image-Semantic-Search-and-Temporal-Change-Detection-System/data/raw/levir_cd/test/B/test_104.png,/Users/rahulmanchanda/Desktop/AI-Driven-Satellite-Image-Semantic-Search-and-Temporal-Change-Detection-System/data/raw/levir_cd/test/label/test_104.png,1024,1024,3,RGB,building_change,0,,True,,1024,1024,,,,,19049,0.018166542053222656,1.0.0,
test_105,LEVIR-CD,test_105.png,raw/levir_cd/test/A/test_105.png,test,/Users/rahulmanchanda/Desktop/AI-Driven-Satellite-Image-Semantic-Search-and-Temporal-Change-Detection-System/data/raw/levir_cd/test/A/test_105.png,/Users/rahulmanchanda/Desktop/AI-Driven-Satellite-Image-Semantic-Search-and-Temporal-Change-Detection-System/data/raw/levir_cd/test/B/test_105.png,/Users/rahulmanchanda/Desktop/AI-Driven-Satellite-Image-Semantic-Search-and-Temporal-Change-Detection-System/data/raw/levir_cd/test/label/test_105.png,1024,1024,3,RGB,building_change,0,,True,,1024,1024,,,,,52885,0.05043506622314453,1.0.0,
test_106,LEVIR-CD,test_106.png,raw/levir_cd/test/A/test_106.png,test,/Users/rahulmanchanda/Desktop/AI-Driven-Satellite-Image-Semantic-Search-and-Temporal-Change-Detection-System/data/raw/levir_cd/test/A/test_106.png,/Users/rahulmanchanda/Desktop/AI-Driven-Satellite-Image-Semantic-Search-and-Temporal-Change-Detection-System/data/raw/levir_cd/test/B/test_106.png,/Users/rahulmanchanda/Desktop/AI-Driven-Satellite-Image-Semantic-Search-and-Temporal-Change-Detection-System/data/raw/levir_cd/test/label/test_106.png,1024,1024,3,RGB,building_change,0,,True,,1024,1024,,,,,24180,0.023059844970703125,1.0.0,
test_107,LEVIR-CD,test_107.png,raw/levir_cd/test/A/test_107.png,test,/Users/rahulmanchanda/Desktop/AI-Driven-Satellite-Image-Semantic-Search-and-Temporal-Change-Detection-System/data/raw/levir_cd/test/A/test_107.png,/Users/rahulmanchanda/Desktop/AI-Driven-Satellite-Image-Semantic-Search-and-Temporal-Change-Detection-System/data/raw/levir_cd/test/B/test_107.png,/Users/rahulmanchanda/Desktop/AI-Driven-Satellite-Image-Semantic-Search-and-Temporal-Change-Detection-System/data/raw/levir_cd/test/label/test_107.png,1024,1024,3,RGB,building_change,0,,True,,1024,1024,,,,,2298,0.0021915435791015625,1.0.0,
test_108,LEVIR-CD,test_108.png,raw/levir_cd/test/A/test_108.png,test,/Users/rahulmanchanda/Desktop/AI-Driven-Satellite-Image-Semantic-Search-and-Temporal-Change-Detection-System/data/raw/levir_cd/test/A/test_108.png,/Users/rahulmanchanda/Desktop/AI-Driven-Satellite-Image-Semantic-Search-and-Temporal-Change-Detection-System/data/raw/levir_cd/test/B/test_108.png,/Users/rahulmanchanda/Desktop/AI-Driven-Satellite-Image-Semantic-Search-and-Temporal-Change-Detection-System/data/raw/levir_cd/test/label/test_108.png,1024,1024,3,RGB,building_change,0,,True,,1024,1024,,,,,0,0.0,1.0.0,
test_109,LEVIR-CD,test_109.png,raw/levir_cd/test/A/test_109.png,test,/Users/rahulmanchanda/Desktop/AI-Driven-Satellite-Image-Semantic-Search-and-Temporal-Change-Detection-System/data/raw/levir_cd/test/A/test_109.png,/Users/rahulmanchanda/Desktop/AI-Driven-Satellite-Image-Semantic-Search-and-Temporal-Change-Detection-System/data/raw/levir_cd/test/B/test_109.png,/Users/rahulmanchanda/Desktop/AI-Driven-Satellite-Image-Semantic-Search-and-Temporal-Change-Detection-System/data/raw/levir_cd/test/label/test_109.png,1024,1024,3,RGB,building_change,0,,True,,1024,1024,,,,,4691,0.004473686218261719,1.0.0,
test_11,LEVIR-CD,test_11.png,raw/levir_cd/test/A/test_11.png,test,/Users/rahulmanchanda/Desktop/AI-Driven-Satellite-Image-Semantic-Search-and-Temporal-Change-Detection-System/data/raw/levir_cd/test/A/test_11.png,/Users/rahulmanchanda/Desktop/AI-Driven-Satellite-Image-Semantic-Search-and-Temporal-Change-Detection-System/data/raw/levir_cd/test/B/test_11.png,/Users/rahulmanchanda/Desktop/AI-Driven-Satellite-Image-Semantic-Search-and-Temporal-Change-Detection-System/data/raw/levir_cd/test/label/test_11.png,1024,1024,3,RGB,building_change,0,,True,,1024,1024,,,,,11235,0.010714530944824219,1.0.0,
test_110,LEVIR-CD,test_110.png,raw/levir_cd/test/A/test_110.png,test,/Users/rahulmanchanda/Desktop/AI-Driven-Satellite-Image-Semantic-Search-and-Temporal-Change-Detection-System/data/raw/levir_cd/test/A/test_110.png,/Users/rahulmanchanda/Desktop/AI-Driven-Satellite-Image-Semantic-Search-and-Temporal-Change-Detection-System/data/raw/levir_cd/test/B/test_110.png,/Users/rahulmanchanda/Desktop/AI-Driven-Satellite-Image-Semantic-Search-and-Temporal-Change-Detection-System/data/raw/levir_cd/test/label/test_110.png,1024,1024,3,RGB,building_change,0,,True,,1024,1024,,,,,8787,0.008379936218261719,1.0.0,
test_111,LEVIR-CD,test_111.png,raw/levir_cd/test/A/test_111.png,test,/Users/rahulmanchanda/Desktop/AI-Driven-Satellite-Image-Semantic-Search-and-Temporal-Change-Detection-System/data/raw/levir_cd/test/A/test_111.png,/Users/rahulmanchanda/Desktop/AI-Driven-Satellite-Image-Semantic-Search-and-Temporal-Change-Detection-System/data/raw/levir_cd/test/B/test_111.png,/Users/rahulmanchanda/Desktop/AI-Driven-Satellite-Image-Semantic-Search-and-Temporal-Change-Detection-System/data/raw/levir_cd/test/label/test_111.png,1024,1024,3,RGB,building_change,0,,True,,1024,1024,,,,,31086,0.029645919799804688,1.0.0,
test_112,LEVIR-CD,test_112.png,raw/levir_cd/test/A/test_112.png,test,/Users/rahulmanchanda/Desktop/AI-Driven-Satellite-Image-Semantic-Search-and-Temporal-Change-Detection-System/data/raw/levir_cd/test/A/test_112.png,/Users/rahulmanchanda/Desktop/AI-Driven-Satellite-Image-Semantic-Search-and-Temporal-Change-Detection-System/data/raw/levir_cd/test/B/test_112.png,/Users/rahulmanchanda/Desktop/AI-Driven-Satellite-Image-Semantic-Search-and-Temporal-Change-Detection-System/data/raw/levir_cd/test/label/test_112.png,1024,1024,3,RGB,building_change,0,,True,,1024,1024,,,,,8945,0.008530616760253906,1.0.0,
test_113,LEVIR-CD,test_113.png,raw/levir_cd/test/A/test_113.png,test,/Users/rahulmanchanda/Desktop/AI-Driven-Satellite-Image-Semantic-Search-and-Temporal-Change-Detection-System/data/raw/levir_cd/test/A/test_113.png,/Users/rahulmanchanda/Desktop/AI-Driven-Satellite-Image-Semantic-Search-and-Temporal-Change-Detection-System/data/raw/levir_cd/test/B/test_113.png,/Users/rahulmanchanda/Desktop/AI-Driven-Satellite-Image-Semantic-Search-and-Temporal-Change-Detection-System/data/raw/levir_cd/test/label/test_113.png,1024,1024,3,RGB,building_change,0,,True,,1024,1024,,,,,56020,0.053424835205078125,1.0.0,
test_114,LEVIR-CD,test_114.png,raw/levir_cd/test/A/test_114.png,test,/Users/rahulmanchanda/Desktop/AI-Driven-Satellite-Image-Semantic-Search-and-Temporal-Change-Detection-System/data/raw/levir_cd/test/A/test_114.png,/Users/rahulmanchanda/Desktop/AI-Driven-Satellite-Image-Semantic-Search-and-Temporal-Change-Detection-System/data/raw/levir_cd/test/B/test_114.png,/Users/rahulmanchanda/Desktop/AI-Driven-Satellite-Image-Semantic-Search-and-Temporal-Change-Detection-System/data/raw/levir_cd/test/label/test_114.png,1024,1024,3,RGB,building_change,0,,True,,1024,1024,,,,,34790,0.03317832946777344,1.0.0,
test_115,LEVIR-CD,test_115.png,raw/levir_cd/test/A/test_115.png,test,/Users/rahulmanchanda/Desktop/AI-Driven-Satellite-Image-Semantic-Search-and-Temporal-Change-Detection-System/data/raw/levir_cd/test/A/test_115.png,/Users/rahulmanchanda/Desktop/AI-Driven-Satellite-Image-Semantic-Search-and-Temporal-Change-Detection-System/data/raw/levir_cd/test/B/test_115.png,/Users/rahulmanchanda/Desktop/AI-Driven-Satellite-Image-Semantic-Search-and-Temporal-Change-Detection-System/data/raw/levir_cd/test/label/test_115.png,1024,1024,3,RGB,building_change,0,,True,,1024,1024,,,,,180819,0.17244243621826172,1.0.0,
test_116,LEVIR-CD,test_116.png,raw/levir_cd/test/A/test_116.png,test,/Users/rahulmanchanda/Desktop/AI-Driven-Satellite-Image-Semantic-Search-and-Temporal-Change-Detection-System/data/raw/levir_cd/test/A/test_116.png,/Users/rahulmanchanda/Desktop/AI-Driven-Satellite-Image-Semantic-Search-and-Temporal-Change-Detection-System/data/raw/levir_cd/test/B/test_116.png,/Users/rahulmanchanda/Desktop/AI-Driven-Satellite-Image-Semantic-Search-and-Temporal-Change-Detection-System/data/raw/levir_cd/test/label/test_116.png,1024,1024,3,RGB,building_change,0,,True,,1024,1024,,,,,12736,0.01214599609375,1.0.0,
test_117,LEVIR-CD,test_117.png,raw/levir_cd/test/A/test_117.png,test,/Users/rahulmanchanda/Desktop/AI-Driven-Satellite-Image-Semantic-Search-and-Temporal-Change-Detection-System/data/raw/levir_cd/test/A/test_117.png,/Users/rahulmanchanda/Desktop/AI-Driven-Satellite-Image-Semantic-Search-and-Temporal-Change-Detection-System/data/raw/levir_cd/test/B/test_117.png,/Users/rahulmanchanda/Desktop/AI-Driven-Satellite-Image-Semantic-Search-and-Temporal-Change-Detection-System/data/raw/levir_cd/test/label/test_117.png,1024,1024,3,RGB,building_change,0,,True,,1024,1024,,,,,0,0.0,1.0.0,
test_118,LEVIR-CD,test_118.png,raw/levir_cd/test/A/test_118.png,test,/Users/rahulmanchanda/Desktop/AI-Driven-Satellite-Image-Semantic-Search-and-Temporal-Change-Detection-System/data/raw/levir_cd/test/A/test_118.png,/Users/rahulmanchanda/Desktop/AI-Driven-Satellite-Image-Semantic-Search-and-Temporal-Change-Detection-System/data/raw/levir_cd/test/B/test_118.png,/Users/rahulmanchanda/Desktop/AI-Driven-Satellite-Image-Semantic-Search-and-Temporal-Change-Detection-System/data/raw/levir_cd/test/label/test_118.png,1024,1024,3,RGB,building_change,0,,True,,1024,1024,,,,,149485,0.14256000518798828,1.0.0,
test_119,LEVIR-CD,test_119.png,raw/levir_cd/test/A/test_119.png,test,/Users/rahulmanchanda/Desktop/AI-Driven-Satellite-Image-Semantic-Search-and-Temporal-Change-Detection-System/data/raw/levir_cd/test/A/test_119.png,/Users/rahulmanchanda/Desktop/AI-Driven-Satellite-Image-Semantic-Search-and-Temporal-Change-Detection-System/data/raw/levir_cd/test/B/test_119.png,/Users/rahulmanchanda/Desktop/AI-Driven-Satellite-Image-Semantic-Search-and-Temporal-Change-Detection-System/data/raw/levir_cd/test/label/test_119.png,1024,1024,3,RGB,building_change,0,,True,,1024,1024,,,,,78537,0.07489871978759766,1.0.0,
test_12,LEVIR-CD,test_12.png,raw/levir_cd/test/A/test_12.png,test,/Users/rahulmanchanda/Desktop/AI-Driven-Satellite-Image-Semantic-Search-and-Temporal-Change-Detection-System/data/raw/levir_cd/test/A/test_12.png,/Users/rahulmanchanda/Desktop/AI-Driven-Satellite-Image-Semantic-Search-and-Temporal-Change-Detection-System/data/raw/levir_cd/test/B/test_12.png,/Users/rahulmanchanda/Desktop/AI-Driven-Satellite-Image-Semantic-Search-and-Temporal-Change-Detection-System/data/raw/levir_cd/test/label/test_12.png,1024,1024,3,RGB,building_change,0,,True,,1024,1024,,,,,105052,0.10018539428710938,1.0.0,
test_120,LEVIR-CD,test_120.png,raw/levir_cd/test/A/test_120.png,test,/Users/rahulmanchanda/Desktop/AI-Driven-Satellite-Image-Semantic-Search-and-Temporal-Change-Detection-System/data/raw/levir_cd/test/A/test_120.png,/Users/rahulmanchanda/Desktop/AI-Driven-Satellite-Image-Semantic-Search-and-Temporal-Change-Detection-System/data/raw/levir_cd/test/B/test_120.png,/Users/rahulmanchanda/Desktop/AI-Driven-Satellite-Image-Semantic-Search-and-Temporal-Change-Detection-System/data/raw/levir_cd/test/label/test_120.png,1024,1024,3,RGB,building_change,0,,True,,1024,1024,,,,,127057,0.1211709976196289,1.0.0,
test_121,LEVIR-CD,test_121.png,raw/levir_cd/test/A/test_121.png,test,/Users/rahulmanchanda/Desktop/AI-Driven-Satellite-Image-Semantic-Search-and-Temporal-Change-Detection-System/data/raw/levir_cd/test/A/test_121.png,/Users/rahulmanchanda/Desktop/AI-Driven-Satellite-Image-Semantic-Search-and-Temporal-Change-Detection-System/data/raw/levir_cd/test/B/test_121.png,/Users/rahulmanchanda/Desktop/AI-Driven-Satellite-Image-Semantic-Search-and-Temporal-Change-Detection-System/data/raw/levir_cd/test/label/test_121.png,1024,1024,3,RGB,building_change,0,,True,,1024,1024,,,,,26033,0.024827003479003906,1.0.0,
test_122,LEVIR-CD,test_122.png,raw/levir_cd/test/A/test_122.png,test,/Users/rahulmanchanda/Desktop/AI-Driven-Satellite-Image-Semantic-Search-and-Temporal-Change-Detection-System/data/raw/levir_cd/test/A/test_122.png,/Users/rahulmanchanda/Desktop/AI-Driven-Satellite-Image-Semantic-Search-and-Temporal-Change-Detection-System/data/raw/levir_cd/test/B/test_122.png,/Users/rahulmanchanda/Desktop/AI-Driven-Satellite-Image-Semantic-Search-and-Temporal-Change-Detection-System/data/raw/levir_cd/test/label/test_122.png,1024,1024,3,RGB,building_change,0,,True,,1024,1024,,,,,0,0.0,1.0.0,
test_123,LEVIR-CD,test_123.png,raw/levir_cd/test/A/test_123.png,test,/Users/rahulmanchanda/Desktop/AI-Driven-Satellite-Image-Semantic-Search-and-Temporal-Change-Detection-System/data/raw/levir_cd/test/A/test_123.png,/Users/rahulmanchanda/Desktop/AI-Driven-Satellite-Image-Semantic-Search-and-Temporal-Change-Detection-System/data/raw/levir_cd/test/B/test_123.png,/Users/rahulmanchanda/Desktop/AI-Driven-Satellite-Image-Semantic-Search-and-Temporal-Change-Detection-System/data/raw/levir_cd/test/label/test_123.png,1024,1024,3,RGB,building_change,0,,True,,1024,1024,,,,,3885,0.0037050247192382812,1.0.0,
test_124,LEVIR-CD,test_124.png,raw/levir_cd/test/A/test_124.png,test,/Users/rahulmanchanda/Desktop/AI-Driven-Satellite-Image-Semantic-Search-and-Temporal-Change-Detection-System/data/raw/levir_cd/test/A/test_124.png,/Users/rahulmanchanda/Desktop/AI-Driven-Satellite-Image-Semantic-Search-and-Temporal-Change-Detection-System/data/raw/levir_cd/test/B/test_124.png,/Users/rahulmanchanda/Desktop/AI-Driven-Satellite-Image-Semantic-Search-and-Temporal-Change-Detection-System/data/raw/levir_cd/test/label/test_124.png,1024,1024,3,RGB,building_change,0,,True,,1024,1024,,,,,21642,0.020639419555664062,1.0.0,
test_125,LEVIR-CD,test_125.png,raw/levir_cd/test/A/test_125.png,test,/Users/rahulmanchanda/Desktop/AI-Driven-Satellite-Image-Semantic-Search-and-Temporal-Change-Detection-System/data/raw/levir_cd/test/A/test_125.png,/Users/rahulmanchanda/Desktop/AI-Driven-Satellite-Image-Semantic-Search-and-Temporal-Change-Detection-System/data/raw/levir_cd/test/B/test_125.png,/Users/rahulmanchanda/Desktop/AI-Driven-Satellite-Image-Semantic-Search-and-Temporal-Change-Detection-System/data/raw/levir_cd/test/label/test_125.png,1024,1024,3,RGB,building_change,0,,True,,1024,1024,,,,,0,0.0,1.0.0,
test_126,LEVIR-CD,test_126.png,raw/levir_cd/test/A/test_126.png,test,/Users/rahulmanchanda/Desktop/AI-Driven-Satellite-Image-Semantic-Search-and-Temporal-Change-Detection-System/data/raw/levir_cd/test/A/test_126.png,/Users/rahulmanchanda/Desktop/AI-Driven-Satellite-Image-Semantic-Search-and-Temporal-Change-Detection-System/data/raw/levir_cd/test/B/test_126.png,/Users/rahulmanchanda/Desktop/AI-Driven-Satellite-Image-Semantic-Search-and-Temporal-Change-Detection-System/data/raw/levir_cd/test/label/test_126.png,1024,1024,3,RGB,building_change,0,,True,,1024,1024,,,,,46643,0.04448223114013672,1.0.0,
test_127,LEVIR-CD,test_127.png,raw/levir_cd/test/A/test_127.png,test,/Users/rahulmanchanda/Desktop/AI-Driven-Satellite-Image-Semantic-Search-and-Temporal-Change-Detection-System/data/raw/levir_cd/test/A/test_127.png,/Users/rahulmanchanda/Desktop/AI-Driven-Satellite-Image-Semantic-Search-and-Temporal-Change-Detection-System/data/raw/levir_cd/test/B/test_127.png,/Users/rahulmanchanda/Desktop/AI-Driven-Satellite-Image-Semantic-Search-and-Temporal-Change-Detection-System/data/raw/levir_cd/test/label/test_127.png,1024,1024,3,RGB,building_change,0,,True,,1024,1024,,,,,24732,0.023586273193359375,1.0.0,
test_128,LEVIR-CD,test_128.png,raw/levir_cd/test/A/test_128.png,test,/Users/rahulmanchanda/Desktop/AI-Driven-Satellite-Image-Semantic-Search-and-Temporal-Change-Detection-System/data/raw/levir_cd/test/A/test_128.png,/Users/rahulmanchanda/Desktop/AI-Driven-Satellite-Image-Semantic-Search-and-Temporal-Change-Detection-System/data/raw/levir_cd/test/B/test_128.png,/Users/rahulmanchanda/Desktop/AI-Driven-Satellite-Image-Semantic-Search-and-Temporal-Change-Detection-System/data/raw/levir_cd/test/label/test_128.png,1024,1024,3,RGB,building_change,0,,True,,1024,1024,,,,,531,0.0005064010620117188,1.0.0,
test_13,LEVIR-CD,test_13.png,raw/levir_cd/test/A/test_13.png,test,/Users/rahulmanchanda/Desktop/AI-Driven-Satellite-Image-Semantic-Search-and-Temporal-Change-Detection-System/data/raw/levir_cd/test/A/test_13.png,/Users/rahulmanchanda/Desktop/AI-Driven-Satellite-Image-Semantic-Search-and-Temporal-Change-Detection-System/data/raw/levir_cd/test/B/test_13.png,/Users/rahulmanchanda/Desktop/AI-Driven-Satellite-Image-Semantic-Search-and-Temporal-Change-Detection-System/data/raw/levir_cd/test/label/test_13.png,1024,1024,3,RGB,building_change,0,,True,,1024,1024,,,,,102758,0.09799766540527344,1.0.0,
test_14,LEVIR-CD,test_14.png,raw/levir_cd/test/A/test_14.png,test,/Users/rahulmanchanda/Desktop/AI-Driven-Satellite-Image-Semantic-Search-and-Temporal-Change-Detection-System/data/raw/levir_cd/test/A/test_14.png,/Users/rahulmanchanda/Desktop/AI-Driven-Satellite-Image-Semantic-Search-and-Temporal-Change-Detection-System/data/raw/levir_cd/test/B/test_14.png,/Users/rahulmanchanda/Desktop/AI-Driven-Satellite-Image-Semantic-Search-and-Temporal-Change-Detection-System/data/raw/levir_cd/test/label/test_14.png,1024,1024,3,RGB,building_change,0,,True,,1024,1024,,,,,113492,0.10823440551757812,1.0.0,
test_15,LEVIR-CD,test_15.png,raw/levir_cd/test/A/test_15.png,test,/Users/rahulmanchanda/Desktop/AI-Driven-Satellite-Image-Semantic-Search-and-Temporal-Change-Detection-System/data/raw/levir_cd/test/A/test_15.png,/Users/rahulmanchanda/Desktop/AI-Driven-Satellite-Image-Semantic-Search-and-Temporal-Change-Detection-System/data/raw/levir_cd/test/B/test_15.png,/Users/rahulmanchanda/Desktop/AI-Driven-Satellite-Image-Semantic-Search-and-Temporal-Change-Detection-System/data/raw/levir_cd/test/label/test_15.png,1024,1024,3,RGB,building_change,0,,True,,1024,1024,,,,,12879,0.012282371520996094,1.0.0,
test_16,LEVIR-CD,test_16.png,raw/levir_cd/test/A/test_16.png,test,/Users/rahulmanchanda/Desktop/AI-Driven-Satellite-Image-Semantic-Search-and-Temporal-Change-Detection-System/data/raw/levir_cd/test/A/test_16.png,/Users/rahulmanchanda/Desktop/AI-Driven-Satellite-Image-Semantic-Search-and-Temporal-Change-Detection-System/data/raw/levir_cd/test/B/test_16.png,/Users/rahulmanchanda/Desktop/AI-Driven-Satellite-Image-Semantic-Search-and-Temporal-Change-Detection-System/data/raw/levir_cd/test/label/test_16.png,1024,1024,3,RGB,building_change,0,,True,,1024,1024,,,,,59751,0.056982994079589844,1.0.0,
test_17,LEVIR-CD,test_17.png,raw/levir_cd/test/A/test_17.png,test,/Users/rahulmanchanda/Desktop/AI-Driven-Satellite-Image-Semantic-Search-and-Temporal-Change-Detection-System/data/raw/levir_cd/test/A/test_17.png,/Users/rahulmanchanda/Desktop/AI-Driven-Satellite-Image-Semantic-Search-and-Temporal-Change-Detection-System/data/raw/levir_cd/test/B/test_17.png,/Users/rahulmanchanda/Desktop/AI-Driven-Satellite-Image-Semantic-Search-and-Temporal-Change-Detection-System/data/raw/levir_cd/test/label/test_17.png,1024,1024,3,RGB,building_change,0,,True,,1024,1024,,,,,36113,0.034440040588378906,1.0.0,
test_18,LEVIR-CD,test_18.png,raw/levir_cd/test/A/test_18.png,test,/Users/rahulmanchanda/Desktop/AI-Driven-Satellite-Image-Semantic-Search-and-Temporal-Change-Detection-System/data/raw/levir_cd/test/A/test_18.png,/Users/rahulmanchanda/Desktop/AI-Driven-Satellite-Image-Semantic-Search-and-Temporal-Change-Detection-System/data/raw/levir_cd/test/B/test_18.png,/Users/rahulmanchanda/Desktop/AI-Driven-Satellite-Image-Semantic-Search-and-Temporal-Change-Detection-System/data/raw/levir_cd/test/label/test_18.png,1024,1024,3,RGB,building_change,0,,True,,1024,1024,,,,,69439,0.0662221908569336,1.0.0,
test_19,LEVIR-CD,test_19.png,raw/levir_cd/test/A/test_19.png,test,/Users/rahulmanchanda/Desktop/AI-Driven-Satellite-Image-Semantic-Search-and-Temporal-Change-Detection-System/data/raw/levir_cd/test/A/test_19.png,/Users/rahulmanchanda/Desktop/AI-Driven-Satellite-Image-Semantic-Search-and-Temporal-Change-Detection-System/data/raw/levir_cd/test/B/test_19.png,/Users/rahulmanchanda/Desktop/AI-Driven-Satellite-Image-Semantic-Search-and-Temporal-Change-Detection-System/data/raw/levir_cd/test/label/test_19.png,1024,1024,3,RGB,building_change,0,,True,,1024,1024,,,,,55164,0.052608489990234375,1.0.0,
test_2,LEVIR-CD,test_2.png,raw/levir_cd/test/A/test_2.png,test,/Users/rahulmanchanda/Desktop/AI-Driven-Satellite-Image-Semantic-Search-and-Temporal-Change-Detection-System/data/raw/levir_cd/test/A/test_2.png,/Users/rahulmanchanda/Desktop/AI-Driven-Satellite-Image-Semantic-Search-and-Temporal-Change-Detection-System/data/raw/levir_cd/test/B/test_2.png,/Users/rahulmanchanda/Desktop/AI-Driven-Satellite-Image-Semantic-Search-and-Temporal-Change-Detection-System/data/raw/levir_cd/test/label/test_2.png,1024,1024,3,RGB,building_change,0,,True,,1024,1024,,,,,50321,0.047989845275878906,1.0.0,
test_20,LEVIR-CD,test_20.png,raw/levir_cd/test/A/test_20.png,test,/Users/rahulmanchanda/Desktop/AI-Driven-Satellite-Image-Semantic-Search-and-Temporal-Change-Detection-System/data/raw/levir_cd/test/A/test_20.png,/Users/rahulmanchanda/Desktop/AI-Driven-Satellite-Image-Semantic-Search-and-Temporal-Change-Detection-System/data/raw/levir_cd/test/B/test_20.png,/Users/rahulmanchanda/Desktop/AI-Driven-Satellite-Image-Semantic-Search-and-Temporal-Change-Detection-System/data/raw/levir_cd/test/label/test_20.png,1024,1024,3,RGB,building_change,0,,True,,1024,1024,,,,,215869,0.20586872100830078,1.0.0,
test_21,LEVIR-CD,test_21.png,raw/levir_cd/test/A/test_21.png,test,/Users/rahulmanchanda/Desktop/AI-Driven-Satellite-Image-Semantic-Search-and-Temporal-Change-Detection-System/data/raw/levir_cd/test/A/test_21.png,/Users/rahulmanchanda/Desktop/AI-Driven-Satellite-Image-Semantic-Search-and-Temporal-Change-Detection-System/data/raw/levir_cd/test/B/test_21.png,/Users/rahulmanchanda/Desktop/AI-Driven-Satellite-Image-Semantic-Search-and-Temporal-Change-Detection-System/data/raw/levir_cd/test/label/test_21.png,1024,1024,3,RGB,building_change,0,,True,,1024,1024,,,,,157636,0.15033340454101562,1.0.0,
test_22,LEVIR-CD,test_22.png,raw/levir_cd/test/A/test_22.png,test,/Users/rahulmanchanda/Desktop/AI-Driven-Satellite-Image-Semantic-Search-and-Temporal-Change-Detection-System/data/raw/levir_cd/test/A/test_22.png,/Users/rahulmanchanda/Desktop/AI-Driven-Satellite-Image-Semantic-Search-and-Temporal-Change-Detection-System/data/raw/levir_cd/test/B/test_22.png,/Users/rahulmanchanda/Desktop/AI-Driven-Satellite-Image-Semantic-Search-and-Temporal-Change-Detection-System/data/raw/levir_cd/test/label/test_22.png,1024,1024,3,RGB,building_change,0,,True,,1024,1024,,,,,50739,0.04838848114013672,1.0.0,
test_23,LEVIR-CD,test_23.png,raw/levir_cd/test/A/test_23.png,test,/Users/rahulmanchanda/Desktop/AI-Driven-Satellite-Image-Semantic-Search-and-Temporal-Change-Detection-System/data/raw/levir_cd/test/A/test_23.png,/Users/rahulmanchanda/Desktop/AI-Driven-Satellite-Image-Semantic-Search-and-Temporal-Change-Detection-System/data/raw/levir_cd/test/B/test_23.png,/Users/rahulmanchanda/Desktop/AI-Driven-Satellite-Image-Semantic-Search-and-Temporal-Change-Detection-System/data/raw/levir_cd/test/label/test_23.png,1024,1024,3,RGB,building_change,0,,True,,1024,1024,,,,,64686,0.06168937683105469,1.0.0,
test_24,LEVIR-CD,test_24.png,raw/levir_cd/test/A/test_24.png,test,/Users/rahulmanchanda/Desktop/AI-Driven-Satellite-Image-Semantic-Search-and-Temporal-Change-Detection-System/data/raw/levir_cd/test/A/test_24.png,/Users/rahulmanchanda/Desktop/AI-Driven-Satellite-Image-Semantic-Search-and-Temporal-Change-Detection-System/data/raw/levir_cd/test/B/test_24.png,/Users/rahulmanchanda/Desktop/AI-Driven-Satellite-Image-Semantic-Search-and-Temporal-Change-Detection-System/data/raw/levir_cd/test/label/test_24.png,1024,1024,3,RGB,building_change,0,,True,,1024,1024,,,,,58670,0.05595207214355469,1.0.0,
test_25,LEVIR-CD,test_25.png,raw/levir_cd/test/A/test_25.png,test,/Users/rahulmanchanda/Desktop/AI-Driven-Satellite-Image-Semantic-Search-and-Temporal-Change-Detection-System/data/raw/levir_cd/test/A/test_25.png,/Users/rahulmanchanda/Desktop/AI-Driven-Satellite-Image-Semantic-Search-and-Temporal-Change-Detection-System/data/raw/levir_cd/test/B/test_25.png,/Users/rahulmanchanda/Desktop/AI-Driven-Satellite-Image-Semantic-Search-and-Temporal-Change-Detection-System/data/raw/levir_cd/test/label/test_25.png,1024,1024,3,RGB,building_change,0,,True,,1024,1024,,,,,44016,0.0419769287109375,1.0.0,
test_26,LEVIR-CD,test_26.png,raw/levir_cd/test/A/test_26.png,test,/Users/rahulmanchanda/Desktop/AI-Driven-Satellite-Image-Semantic-Search-and-Temporal-Change-Detection-System/data/raw/levir_cd/test/A/test_26.png,/Users/rahulmanchanda/Desktop/AI-Driven-Satellite-Image-Semantic-Search-and-Temporal-Change-Detection-System/data/raw/levir_cd/test/B/test_26.png,/Users/rahulmanchanda/Desktop/AI-Driven-Satellite-Image-Semantic-Search-and-Temporal-Change-Detection-System/data/raw/levir_cd/test/label/test_26.png,1024,1024,3,RGB,building_change,0,,True,,1024,1024,,,,,32676,0.031162261962890625,1.0.0,
test_27,LEVIR-CD,test_27.png,raw/levir_cd/test/A/test_27.png,test,/Users/rahulmanchanda/Desktop/AI-Driven-Satellite-Image-Semantic-Search-and-Temporal-Change-Detection-System/data/raw/levir_cd/test/A/test_27.png,/Users/rahulmanchanda/Desktop/AI-Driven-Satellite-Image-Semantic-Search-and-Temporal-Change-Detection-System/data/raw/levir_cd/test/B/test_27.png,/Users/rahulmanchanda/Desktop/AI-Driven-Satellite-Image-Semantic-Search-and-Temporal-Change-Detection-System/data/raw/levir_cd/test/label/test_27.png,1024,1024,3,RGB,building_change,0,,True,,1024,1024,,,,,67619,0.06448650360107422,1.0.0,
test_28,LEVIR-CD,test_28.png,raw/levir_cd/test/A/test_28.png,test,/Users/rahulmanchanda/Desktop/AI-Driven-Satellite-Image-Semantic-Search-and-Temporal-Change-Detection-System/data/raw/levir_cd/test/A/test_28.png,/Users/rahulmanchanda/Desktop/AI-Driven-Satellite-Image-Semantic-Search-and-Temporal-Change-Detection-System/data/raw/levir_cd/test/B/test_28.png,/Users/rahulmanchanda/Desktop/AI-Driven-Satellite-Image-Semantic-Search-and-Temporal-Change-Detection-System/data/raw/levir_cd/test/label/test_28.png,1024,1024,3,RGB,building_change,0,,True,,1024,1024,,,,,102801,0.0980386734008789,1.0.0,
test_29,LEVIR-CD,test_29.png,raw/levir_cd/test/A/test_29.png,test,/Users/rahulmanchanda/Desktop/AI-Driven-Satellite-Image-Semantic-Search-and-Temporal-Change-Detection-System/data/raw/levir_cd/test/A/test_29.png,/Users/rahulmanchanda/Desktop/AI-Driven-Satellite-Image-Semantic-Search-and-Temporal-Change-Detection-System/data/raw/levir_cd/test/B/test_29.png,/Users/rahulmanchanda/Desktop/AI-Driven-Satellite-Image-Semantic-Search-and-Temporal-Change-Detection-System/data/raw/levir_cd/test/label/test_29.png,1024,1024,3,RGB,building_change,0,,True,,1024,1024,,,,,143070,0.1364421844482422,1.0.0,
test_3,LEVIR-CD,test_3.png,raw/levir_cd/test/A/test_3.png,test,/Users/rahulmanchanda/Desktop/AI-Driven-Satellite-Image-Semantic-Search-and-Temporal-Change-Detection-System/data/raw/levir_cd/test/A/test_3.png,/Users/rahulmanchanda/Desktop/AI-Driven-Satellite-Image-Semantic-Search-and-Temporal-Change-Detection-System/data/raw/levir_cd/test/B/test_3.png,/Users/rahulmanchanda/Desktop/AI-Driven-Satellite-Image-Semantic-Search-and-Temporal-Change-Detection-System/data/raw/levir_cd/test/label/test_3.png,1024,1024,3,RGB,building_change,0,,True,,1024,1024,,,,,7296,0.0069580078125,1.0.0,
test_30,LEVIR-CD,test_30.png,raw/levir_cd/test/A/test_30.png,test,/Users/rahulmanchanda/Desktop/AI-Driven-Satellite-Image-Semantic-Search-and-Temporal-Change-Detection-System/data/raw/levir_cd/test/A/test_30.png,/Users/rahulmanchanda/Desktop/AI-Driven-Satellite-Image-Semantic-Search-and-Temporal-Change-Detection-System/data/raw/levir_cd/test/B/test_30.png,/Users/rahulmanchanda/Desktop/AI-Driven-Satellite-Image-Semantic-Search-and-Temporal-Change-Detection-System/data/raw/levir_cd/test/label/test_30.png,1024,1024,3,RGB,building_change,0,,True,,1024,1024,,,,,63188,0.060260772705078125,1.0.0,
test_31,LEVIR-CD,test_31.png,raw/levir_cd/test/A/test_31.png,test,/Users/rahulmanchanda/Desktop/AI-Driven-Satellite-Image-Semantic-Search-and-Temporal-Change-Detection-System/data/raw/levir_cd/test/A/test_31.png,/Users/rahulmanchanda/Desktop/AI-Driven-Satellite-Image-Semantic-Search-and-Temporal-Change-Detection-System/data/raw/levir_cd/test/B/test_31.png,/Users/rahulmanchanda/Desktop/AI-Driven-Satellite-Image-Semantic-Search-and-Temporal-Change-Detection-System/data/raw/levir_cd/test/label/test_31.png,1024,1024,3,RGB,building_change,0,,True,,1024,1024,,,,,80552,0.07682037353515625,1.0.0,
test_32,LEVIR-CD,test_32.png,raw/levir_cd/test/A/test_32.png,test,/Users/rahulmanchanda/Desktop/AI-Driven-Satellite-Image-Semantic-Search-and-Temporal-Change-Detection-System/data/raw/levir_cd/test/A/test_32.png,/Users/rahulmanchanda/Desktop/AI-Driven-Satellite-Image-Semantic-Search-and-Temporal-Change-Detection-System/data/raw/levir_cd/test/B/test_32.png,/Users/rahulmanchanda/Desktop/AI-Driven-Satellite-Image-Semantic-Search-and-Temporal-Change-Detection-System/data/raw/levir_cd/test/label/test_32.png,1024,1024,3,RGB,building_change,0,,True,,1024,1024,,,,,15919,0.015181541442871094,1.0.0,
test_33,LEVIR-CD,test_33.png,raw/levir_cd/test/A/test_33.png,test,/Users/rahulmanchanda/Desktop/AI-Driven-Satellite-Image-Semantic-Search-and-Temporal-Change-Detection-System/data/raw/levir_cd/test/A/test_33.png,/Users/rahulmanchanda/Desktop/AI-Driven-Satellite-Image-Semantic-Search-and-Temporal-Change-Detection-System/data/raw/levir_cd/test/B/test_33.png,/Users/rahulmanchanda/Desktop/AI-Driven-Satellite-Image-Semantic-Search-and-Temporal-Change-Detection-System/data/raw/levir_cd/test/label/test_33.png,1024,1024,3,RGB,building_change,0,,True,,1024,1024,,,,,71968,0.068634033203125,1.0.0,
test_34,LEVIR-CD,test_34.png,raw/levir_cd/test/A/test_34.png,test,/Users/rahulmanchanda/Desktop/AI-Driven-Satellite-Image-Semantic-Search-and-Temporal-Change-Detection-System/data/raw/levir_cd/test/A/test_34.png,/Users/rahulmanchanda/Desktop/AI-Driven-Satellite-Image-Semantic-Search-and-Temporal-Change-Detection-System/data/raw/levir_cd/test/B/test_34.png,/Users/rahulmanchanda/Desktop/AI-Driven-Satellite-Image-Semantic-Search-and-Temporal-Change-Detection-System/data/raw/levir_cd/test/label/test_34.png,1024,1024,3,RGB,building_change,0,,True,,1024,1024,,,,,139957,0.13347339630126953,1.0.0,
test_35,LEVIR-CD,test_35.png,raw/levir_cd/test/A/test_35.png,test,/Users/rahulmanchanda/Desktop/AI-Driven-Satellite-Image-Semantic-Search-and-Temporal-Change-Detection-System/data/raw/levir_cd/test/A/test_35.png,/Users/rahulmanchanda/Desktop/AI-Driven-Satellite-Image-Semantic-Search-and-Temporal-Change-Detection-System/data/raw/levir_cd/test/B/test_35.png,/Users/rahulmanchanda/Desktop/AI-Driven-Satellite-Image-Semantic-Search-and-Temporal-Change-Detection-System/data/raw/levir_cd/test/label/test_35.png,1024,1024,3,RGB,building_change,0,,True,,1024,1024,,,,,101941,0.09721851348876953,1.0.0,
test_36,LEVIR-CD,test_36.png,raw/levir_cd/test/A/test_36.png,test,/Users/rahulmanchanda/Desktop/AI-Driven-Satellite-Image-Semantic-Search-and-Temporal-Change-Detection-System/data/raw/levir_cd/test/A/test_36.png,/Users/rahulmanchanda/Desktop/AI-Driven-Satellite-Image-Semantic-Search-and-Temporal-Change-Detection-System/data/raw/levir_cd/test/B/test_36.png,/Users/rahulmanchanda/Desktop/AI-Driven-Satellite-Image-Semantic-Search-and-Temporal-Change-Detection-System/data/raw/levir_cd/test/label/test_36.png,1024,1024,3,RGB,building_change,0,,True,,1024,1024,,,,,16565,0.01579761505126953,1.0.0,
test_37,LEVIR-CD,test_37.png,raw/levir_cd/test/A/test_37.png,test,/Users/rahulmanchanda/Desktop/AI-Driven-Satellite-Image-Semantic-Search-and-Temporal-Change-Detection-System/data/raw/levir_cd/test/A/test_37.png,/Users/rahulmanchanda/Desktop/AI-Driven-Satellite-Image-Semantic-Search-and-Temporal-Change-Detection-System/data/raw/levir_cd/test/B/test_37.png,/Users/rahulmanchanda/Desktop/AI-Driven-Satellite-Image-Semantic-Search-and-Temporal-Change-Detection-System/data/raw/levir_cd/test/label/test_37.png,1024,1024,3,RGB,building_change,0,,True,,1024,1024,,,,,68086,0.06493186950683594,1.0.0,
test_38,LEVIR-CD,test_38.png,raw/levir_cd/test/A/test_38.png,test,/Users/rahulmanchanda/Desktop/AI-Driven-Satellite-Image-Semantic-Search-and-Temporal-Change-Detection-System/data/raw/levir_cd/test/A/test_38.png,/Users/rahulmanchanda/Desktop/AI-Driven-Satellite-Image-Semantic-Search-and-Temporal-Change-Detection-System/data/raw/levir_cd/test/B/test_38.png,/Users/rahulmanchanda/Desktop/AI-Driven-Satellite-Image-Semantic-Search-and-Temporal-Change-Detection-System/data/raw/levir_cd/test/label/test_38.png,1024,1024,3,RGB,building_change,0,,True,,1024,1024,,,,,138012,0.13161849975585938,1.0.0,
test_39,LEVIR-CD,test_39.png,raw/levir_cd/test/A/test_39.png,test,/Users/rahulmanchanda/Desktop/AI-Driven-Satellite-Image-Semantic-Search-and-Temporal-Change-Detection-System/data/raw/levir_cd/test/A/test_39.png,/Users/rahulmanchanda/Desktop/AI-Driven-Satellite-Image-Semantic-Search-and-Temporal-Change-Detection-System/data/raw/levir_cd/test/B/test_39.png,/Users/rahulmanchanda/Desktop/AI-Driven-Satellite-Image-Semantic-Search-and-Temporal-Change-Detection-System/data/raw/levir_cd/test/label/test_39.png,1024,1024,3,RGB,building_change,0,,True,,1024,1024,,,,,52414,0.04998588562011719,1.0.0,
test_4,LEVIR-CD,test_4.png,raw/levir_cd/test/A/test_4.png,test,/Users/rahulmanchanda/Desktop/AI-Driven-Satellite-Image-Semantic-Search-and-Temporal-Change-Detection-System/data/raw/levir_cd/test/A/test_4.png,/Users/rahulmanchanda/Desktop/AI-Driven-Satellite-Image-Semantic-Search-and-Temporal-Change-Detection-System/data/raw/levir_cd/test/B/test_4.png,/Users/rahulmanchanda/Desktop/AI-Driven-Satellite-Image-Semantic-Search-and-Temporal-Change-Detection-System/data/raw/levir_cd/test/label/test_4.png,1024,1024,3,RGB,building_change,0,,True,,1024,1024,,,,,12197,0.011631965637207031,1.0.0,
test_40,LEVIR-CD,test_40.png,raw/levir_cd/test/A/test_40.png,test,/Users/rahulmanchanda/Desktop/AI-Driven-Satellite-Image-Semantic-Search-and-Temporal-Change-Detection-System/data/raw/levir_cd/test/A/test_40.png,/Users/rahulmanchanda/Desktop/AI-Driven-Satellite-Image-Semantic-Search-and-Temporal-Change-Detection-System/data/raw/levir_cd/test/B/test_40.png,/Users/rahulmanchanda/Desktop/AI-Driven-Satellite-Image-Semantic-Search-and-Temporal-Change-Detection-System/data/raw/levir_cd/test/label/test_40.png,1024,1024,3,RGB,building_change,0,,True,,1024,1024,,,,,24969,0.023812294006347656,1.0.0,
test_41,LEVIR-CD,test_41.png,raw/levir_cd/test/A/test_41.png,test,/Users/rahulmanchanda/Desktop/AI-Driven-Satellite-Image-Semantic-Search-and-Temporal-Change-Detection-System/data/raw/levir_cd/test/A/test_41.png,/Users/rahulmanchanda/Desktop/AI-Driven-Satellite-Image-Semantic-Search-and-Temporal-Change-Detection-System/data/raw/levir_cd/test/B/test_41.png,/Users/rahulmanchanda/Desktop/AI-Driven-Satellite-Image-Semantic-Search-and-Temporal-Change-Detection-System/data/raw/levir_cd/test/label/test_41.png,1024,1024,3,RGB,building_change,0,,True,,1024,1024,,,,,136791,0.13045406341552734,1.0.0,
test_42,LEVIR-CD,test_42.png,raw/levir_cd/test/A/test_42.png,test,/Users/rahulmanchanda/Desktop/AI-Driven-Satellite-Image-Semantic-Search-and-Temporal-Change-Detection-System/data/raw/levir_cd/test/A/test_42.png,/Users/rahulmanchanda/Desktop/AI-Driven-Satellite-Image-Semantic-Search-and-Temporal-Change-Detection-System/data/raw/levir_cd/test/B/test_42.png,/Users/rahulmanchanda/Desktop/AI-Driven-Satellite-Image-Semantic-Search-and-Temporal-Change-Detection-System/data/raw/levir_cd/test/label/test_42.png,1024,1024,3,RGB,building_change,0,,True,,1024,1024,,,,,54584,0.05205535888671875,1.0.0,
test_43,LEVIR-CD,test_43.png,raw/levir_cd/test/A/test_43.png,test,/Users/rahulmanchanda/Desktop/AI-Driven-Satellite-Image-Semantic-Search-and-Temporal-Change-Detection-System/data/raw/levir_cd/test/A/test_43.png,/Users/rahulmanchanda/Desktop/AI-Driven-Satellite-Image-Semantic-Search-and-Temporal-Change-Detection-System/data/raw/levir_cd/test/B/test_43.png,/Users/rahulmanchanda/Desktop/AI-Driven-Satellite-Image-Semantic-Search-and-Temporal-Change-Detection-System/data/raw/levir_cd/test/label/test_43.png,1024,1024,3,RGB,building_change,0,,True,,1024,1024,,,,,33425,0.031876564025878906,1.0.0,
test_44,LEVIR-CD,test_44.png,raw/levir_cd/test/A/test_44.png,test,/Users/rahulmanchanda/Desktop/AI-Driven-Satellite-Image-Semantic-Search-and-Temporal-Change-Detection-System/data/raw/levir_cd/test/A/test_44.png,/Users/rahulmanchanda/Desktop/AI-Driven-Satellite-Image-Semantic-Search-and-Temporal-Change-Detection-System/data/raw/levir_cd/test/B/test_44.png,/Users/rahulmanchanda/Desktop/AI-Driven-Satellite-Image-Semantic-Search-and-Temporal-Change-Detection-System/data/raw/levir_cd/test/label/test_44.png,1024,1024,3,RGB,building_change,0,,True,,1024,1024,,,,,30685,0.02926349639892578,1.0.0,
test_45,LEVIR-CD,test_45.png,raw/levir_cd/test/A/test_45.png,test,/Users/rahulmanchanda/Desktop/AI-Driven-Satellite-Image-Semantic-Search-and-Temporal-Change-Detection-System/data/raw/levir_cd/test/A/test_45.png,/Users/rahulmanchanda/Desktop/AI-Driven-Satellite-Image-Semantic-Search-and-Temporal-Change-Detection-System/data/raw/levir_cd/test/B/test_45.png,/Users/rahulmanchanda/Desktop/AI-Driven-Satellite-Image-Semantic-Search-and-Temporal-Change-Detection-System/data/raw/levir_cd/test/label/test_45.png,1024,1024,3,RGB,building_change,0,,True,,1024,1024,,,,,263523,0.2513151168823242,1.0.0,
test_46,LEVIR-CD,test_46.png,raw/levir_cd/test/A/test_46.png,test,/Users/rahulmanchanda/Desktop/AI-Driven-Satellite-Image-Semantic-Search-and-Temporal-Change-Detection-System/data/raw/levir_cd/test/A/test_46.png,/Users/rahulmanchanda/Desktop/AI-Driven-Satellite-Image-Semantic-Search-and-Temporal-Change-Detection-System/data/raw/levir_cd/test/B/test_46.png,/Users/rahulmanchanda/Desktop/AI-Driven-Satellite-Image-Semantic-Search-and-Temporal-Change-Detection-System/data/raw/levir_cd/test/label/test_46.png,1024,1024,3,RGB,building_change,0,,True,,1024,1024,,,,,120007,0.11444759368896484,1.0.0,
test_47,LEVIR-CD,test_47.png,raw/levir_cd/test/A/test_47.png,test,/Users/rahulmanchanda/Desktop/AI-Driven-Satellite-Image-Semantic-Search-and-Temporal-Change-Detection-System/data/raw/levir_cd/test/A/test_47.png,/Users/rahulmanchanda/Desktop/AI-Driven-Satellite-Image-Semantic-Search-and-Temporal-Change-Detection-System/data/raw/levir_cd/test/B/test_47.png,/Users/rahulmanchanda/Desktop/AI-Driven-Satellite-Image-Semantic-Search-and-Temporal-Change-Detection-System/data/raw/levir_cd/test/label/test_47.png,1024,1024,3,RGB,building_change,0,,True,,1024,1024,,,,,78300,0.07467269897460938,1.0.0,
test_48,LEVIR-CD,test_48.png,raw/levir_cd/test/A/test_48.png,test,/Users/rahulmanchanda/Desktop/AI-Driven-Satellite-Image-Semantic-Search-and-Temporal-Change-Detection-System/data/raw/levir_cd/test/A/test_48.png,/Users/rahulmanchanda/Desktop/AI-Driven-Satellite-Image-Semantic-Search-and-Temporal-Change-Detection-System/data/raw/levir_cd/test/B/test_48.png,/Users/rahulmanchanda/Desktop/AI-Driven-Satellite-Image-Semantic-Search-and-Temporal-Change-Detection-System/data/raw/levir_cd/test/label/test_48.png,1024,1024,3,RGB,building_change,0,,True,,1024,1024,,,,,8382,0.007993698120117188,1.0.0,
test_49,LEVIR-CD,test_49.png,raw/levir_cd/test/A/test_49.png,test,/Users/rahulmanchanda/Desktop/AI-Driven-Satellite-Image-Semantic-Search-and-Temporal-Change-Detection-System/data/raw/levir_cd/test/A/test_49.png,/Users/rahulmanchanda/Desktop/AI-Driven-Satellite-Image-Semantic-Search-and-Temporal-Change-Detection-System/data/raw/levir_cd/test/B/test_49.png,/Users/rahulmanchanda/Desktop/AI-Driven-Satellite-Image-Semantic-Search-and-Temporal-Change-Detection-System/data/raw/levir_cd/test/label/test_49.png,1024,1024,3,RGB,building_change,0,,True,,1024,1024,,,,,126566,0.12070274353027344,1.0.0,
test_5,LEVIR-CD,test_5.png,raw/levir_cd/test/A/test_5.png,test,/Users/rahulmanchanda/Desktop/AI-Driven-Satellite-Image-Semantic-Search-and-Temporal-Change-Detection-System/data/raw/levir_cd/test/A/test_5.png,/Users/rahulmanchanda/Desktop/AI-Driven-Satellite-Image-Semantic-Search-and-Temporal-Change-Detection-System/data/raw/levir_cd/test/B/test_5.png,/Users/rahulmanchanda/Desktop/AI-Driven-Satellite-Image-Semantic-Search-and-Temporal-Change-Detection-System/data/raw/levir_cd/test/label/test_5.png,1024,1024,3,RGB,building_change,0,,True,,1024,1024,,,,,12572,0.011989593505859375,1.0.0,
test_50,LEVIR-CD,test_50.png,raw/levir_cd/test/A/test_50.png,test,/Users/rahulmanchanda/Desktop/AI-Driven-Satellite-Image-Semantic-Search-and-Temporal-Change-Detection-System/data/raw/levir_cd/test/A/test_50.png,/Users/rahulmanchanda/Desktop/AI-Driven-Satellite-Image-Semantic-Search-and-Temporal-Change-Detection-System/data/raw/levir_cd/test/B/test_50.png,/Users/rahulmanchanda/Desktop/AI-Driven-Satellite-Image-Semantic-Search-and-Temporal-Change-Detection-System/data/raw/levir_cd/test/label/test_50.png,1024,1024,3,RGB,building_change,0,,True,,1024,1024,,,,,63733,0.06078052520751953,1.0.0,
test_51,LEVIR-CD,test_51.png,raw/levir_cd/test/A/test_51.png,test,/Users/rahulmanchanda/Desktop/AI-Driven-Satellite-Image-Semantic-Search-and-Temporal-Change-Detection-System/data/raw/levir_cd/test/A/test_51.png,/Users/rahulmanchanda/Desktop/AI-Driven-Satellite-Image-Semantic-Search-and-Temporal-Change-Detection-System/data/raw/levir_cd/test/B/test_51.png,/Users/rahulmanchanda/Desktop/AI-Driven-Satellite-Image-Semantic-Search-and-Temporal-Change-Detection-System/data/raw/levir_cd/test/label/test_51.png,1024,1024,3,RGB,building_change,0,,True,,1024,1024,,,,,6939,0.006617546081542969,1.0.0,
test_52,LEVIR-CD,test_52.png,raw/levir_cd/test/A/test_52.png,test,/Users/rahulmanchanda/Desktop/AI-Driven-Satellite-Image-Semantic-Search-and-Temporal-Change-Detection-System/data/raw/levir_cd/test/A/test_52.png,/Users/rahulmanchanda/Desktop/AI-Driven-Satellite-Image-Semantic-Search-and-Temporal-Change-Detection-System/data/raw/levir_cd/test/B/test_52.png,/Users/rahulmanchanda/Desktop/AI-Driven-Satellite-Image-Semantic-Search-and-Temporal-Change-Detection-System/data/raw/levir_cd/test/label/test_52.png,1024,1024,3,RGB,building_change,0,,True,,1024,1024,,,,,42213,0.04025745391845703,1.0.0,
test_53,LEVIR-CD,test_53.png,raw/levir_cd/test/A/test_53.png,test,/Users/rahulmanchanda/Desktop/AI-Driven-Satellite-Image-Semantic-Search-and-Temporal-Change-Detection-System/data/raw/levir_cd/test/A/test_53.png,/Users/rahulmanchanda/Desktop/AI-Driven-Satellite-Image-Semantic-Search-and-Temporal-Change-Detection-System/data/raw/levir_cd/test/B/test_53.png,/Users/rahulmanchanda/Desktop/AI-Driven-Satellite-Image-Semantic-Search-and-Temporal-Change-Detection-System/data/raw/levir_cd/test/label/test_53.png,1024,1024,3,RGB,building_change,0,,True,,1024,1024,,,,,11667,0.011126518249511719,1.0.0,
test_54,LEVIR-CD,test_54.png,raw/levir_cd/test/A/test_54.png,test,/Users/rahulmanchanda/Desktop/AI-Driven-Satellite-Image-Semantic-Search-and-Temporal-Change-Detection-System/data/raw/levir_cd/test/A/test_54.png,/Users/rahulmanchanda/Desktop/AI-Driven-Satellite-Image-Semantic-Search-and-Temporal-Change-Detection-System/data/raw/levir_cd/test/B/test_54.png,/Users/rahulmanchanda/Desktop/AI-Driven-Satellite-Image-Semantic-Search-and-Temporal-Change-Detection-System/data/raw/levir_cd/test/label/test_54.png,1024,1024,3,RGB,building_change,0,,True,,1024,1024,,,,,31110,0.029668807983398438,1.0.0,
test_55,LEVIR-CD,test_55.png,raw/levir_cd/test/A/test_55.png,test,/Users/rahulmanchanda/Desktop/AI-Driven-Satellite-Image-Semantic-Search-and-Temporal-Change-Detection-System/data/raw/levir_cd/test/A/test_55.png,/Users/rahulmanchanda/Desktop/AI-Driven-Satellite-Image-Semantic-Search-and-Temporal-Change-Detection-System/data/raw/levir_cd/test/B/test_55.png,/Users/rahulmanchanda/Desktop/AI-Driven-Satellite-Image-Semantic-Search-and-Temporal-Change-Detection-System/data/raw/levir_cd/test/label/test_55.png,1024,1024,3,RGB,building_change,0,,True,,1024,1024,,,,,115616,0.110260009765625,1.0.0,
test_56,LEVIR-CD,test_56.png,raw/levir_cd/test/A/test_56.png,test,/Users/rahulmanchanda/Desktop/AI-Driven-Satellite-Image-Semantic-Search-and-Temporal-Change-Detection-System/data/raw/levir_cd/test/A/test_56.png,/Users/rahulmanchanda/Desktop/AI-Driven-Satellite-Image-Semantic-Search-and-Temporal-Change-Detection-System/data/raw/levir_cd/test/B/test_56.png,/Users/rahulmanchanda/Desktop/AI-Driven-Satellite-Image-Semantic-Search-and-Temporal-Change-Detection-System/data/raw/levir_cd/test/label/test_56.png,1024,1024,3,RGB,building_change,0,,True,,1024,1024,,,,,7885,0.007519721984863281,1.0.0,
test_57,LEVIR-CD,test_57.png,raw/levir_cd/test/A/test_57.png,test,/Users/rahulmanchanda/Desktop/AI-Driven-Satellite-Image-Semantic-Search-and-Temporal-Change-Detection-System/data/raw/levir_cd/test/A/test_57.png,/Users/rahulmanchanda/Desktop/AI-Driven-Satellite-Image-Semantic-Search-and-Temporal-Change-Detection-System/data/raw/levir_cd/test/B/test_57.png,/Users/rahulmanchanda/Desktop/AI-Driven-Satellite-Image-Semantic-Search-and-Temporal-Change-Detection-System/data/raw/levir_cd/test/label/test_57.png,1024,1024,3,RGB,building_change,0,,True,,1024,1024,,,,,19162,0.018274307250976562,1.0.0,
test_58,LEVIR-CD,test_58.png,raw/levir_cd/test/A/test_58.png,test,/Users/rahulmanchanda/Desktop/AI-Driven-Satellite-Image-Semantic-Search-and-Temporal-Change-Detection-System/data/raw/levir_cd/test/A/test_58.png,/Users/rahulmanchanda/Desktop/AI-Driven-Satellite-Image-Semantic-Search-and-Temporal-Change-Detection-System/data/raw/levir_cd/test/B/test_58.png,/Users/rahulmanchanda/Desktop/AI-Driven-Satellite-Image-Semantic-Search-and-Temporal-Change-Detection-System/data/raw/levir_cd/test/label/test_58.png,1024,1024,3,RGB,building_change,0,,True,,1024,1024,,,,,539,0.0005140304565429688,1.0.0,
test_59,LEVIR-CD,test_59.png,raw/levir_cd/test/A/test_59.png,test,/Users/rahulmanchanda/Desktop/AI-Driven-Satellite-Image-Semantic-Search-and-Temporal-Change-Detection-System/data/raw/levir_cd/test/A/test_59.png,/Users/rahulmanchanda/Desktop/AI-Driven-Satellite-Image-Semantic-Search-and-Temporal-Change-Detection-System/data/raw/levir_cd/test/B/test_59.png,/Users/rahulmanchanda/Desktop/AI-Driven-Satellite-Image-Semantic-Search-and-Temporal-Change-Detection-System/data/raw/levir_cd/test/label/test_59.png,1024,1024,3,RGB,building_change,0,,True,,1024,1024,,,,,230,0.0002193450927734375,1.0.0,
test_6,LEVIR-CD,test_6.png,raw/levir_cd/test/A/test_6.png,test,/Users/rahulmanchanda/Desktop/AI-Driven-Satellite-Image-Semantic-Search-and-Temporal-Change-Detection-System/data/raw/levir_cd/test/A/test_6.png,/Users/rahulmanchanda/Desktop/AI-Driven-Satellite-Image-Semantic-Search-and-Temporal-Change-Detection-System/data/raw/levir_cd/test/B/test_6.png,/Users/rahulmanchanda/Desktop/AI-Driven-Satellite-Image-Semantic-Search-and-Temporal-Change-Detection-System/data/raw/levir_cd/test/label/test_6.png,1024,1024,3,RGB,building_change,0,,True,,1024,1024,,,,,2439,0.0023260116577148438,1.0.0,
test_60,LEVIR-CD,test_60.png,raw/levir_cd/test/A/test_60.png,test,/Users/rahulmanchanda/Desktop/AI-Driven-Satellite-Image-Semantic-Search-and-Temporal-Change-Detection-System/data/raw/levir_cd/test/A/test_60.png,/Users/rahulmanchanda/Desktop/AI-Driven-Satellite-Image-Semantic-Search-and-Temporal-Change-Detection-System/data/raw/levir_cd/test/B/test_60.png,/Users/rahulmanchanda/Desktop/AI-Driven-Satellite-Image-Semantic-Search-and-Temporal-Change-Detection-System/data/raw/levir_cd/test/label/test_60.png,1024,1024,3,RGB,building_change,0,,True,,1024,1024,,,,,0,0.0,1.0.0,
test_61,LEVIR-CD,test_61.png,raw/levir_cd/test/A/test_61.png,test,/Users/rahulmanchanda/Desktop/AI-Driven-Satellite-Image-Semantic-Search-and-Temporal-Change-Detection-System/data/raw/levir_cd/test/A/test_61.png,/Users/rahulmanchanda/Desktop/AI-Driven-Satellite-Image-Semantic-Search-and-Temporal-Change-Detection-System/data/raw/levir_cd/test/B/test_61.png,/Users/rahulmanchanda/Desktop/AI-Driven-Satellite-Image-Semantic-Search-and-Temporal-Change-Detection-System/data/raw/levir_cd/test/label/test_61.png,1024,1024,3,RGB,building_change,0,,True,,1024,1024,,,,,185,0.00017642974853515625,1.0.0,
test_62,LEVIR-CD,test_62.png,raw/levir_cd/test/A/test_62.png,test,/Users/rahulmanchanda/Desktop/AI-Driven-Satellite-Image-Semantic-Search-and-Temporal-Change-Detection-System/data/raw/levir_cd/test/A/test_62.png,/Users/rahulmanchanda/Desktop/AI-Driven-Satellite-Image-Semantic-Search-and-Temporal-Change-Detection-System/data/raw/levir_cd/test/B/test_62.png,/Users/rahulmanchanda/Desktop/AI-Driven-Satellite-Image-Semantic-Search-and-Temporal-Change-Detection-System/data/raw/levir_cd/test/label/test_62.png,1024,1024,3,RGB,building_change,0,,True,,1024,1024,,,,,0,0.0,1.0.0,
test_63,LEVIR-CD,test_63.png,raw/levir_cd/test/A/test_63.png,test,/Users/rahulmanchanda/Desktop/AI-Driven-Satellite-Image-Semantic-Search-and-Temporal-Change-Detection-System/data/raw/levir_cd/test/A/test_63.png,/Users/rahulmanchanda/Desktop/AI-Driven-Satellite-Image-Semantic-Search-and-Temporal-Change-Detection-System/data/raw/levir_cd/test/B/test_63.png,/Users/rahulmanchanda/Desktop/AI-Driven-Satellite-Image-Semantic-Search-and-Temporal-Change-Detection-System/data/raw/levir_cd/test/label/test_63.png,1024,1024,3,RGB,building_change,0,,True,,1024,1024,,,,,262,0.0002498626708984375,1.0.0,
test_64,LEVIR-CD,test_64.png,raw/levir_cd/test/A/test_64.png,test,/Users/rahulmanchanda/Desktop/AI-Driven-Satellite-Image-Semantic-Search-and-Temporal-Change-Detection-System/data/raw/levir_cd/test/A/test_64.png,/Users/rahulmanchanda/Desktop/AI-Driven-Satellite-Image-Semantic-Search-and-Temporal-Change-Detection-System/data/raw/levir_cd/test/B/test_64.png,/Users/rahulmanchanda/Desktop/AI-Driven-Satellite-Image-Semantic-Search-and-Temporal-Change-Detection-System/data/raw/levir_cd/test/label/test_64.png,1024,1024,3,RGB,building_change,0,,True,,1024,1024,,,,,0,0.0,1.0.0,
test_65,LEVIR-CD,test_65.png,raw/levir_cd/test/A/test_65.png,test,/Users/rahulmanchanda/Desktop/AI-Driven-Satellite-Image-Semantic-Search-and-Temporal-Change-Detection-System/data/raw/levir_cd/test/A/test_65.png,/Users/rahulmanchanda/Desktop/AI-Driven-Satellite-Image-Semantic-Search-and-Temporal-Change-Detection-System/data/raw/levir_cd/test/B/test_65.png,/Users/rahulmanchanda/Desktop/AI-Driven-Satellite-Image-Semantic-Search-and-Temporal-Change-Detection-System/data/raw/levir_cd/test/label/test_65.png,1024,1024,3,RGB,building_change,0,,True,,1024,1024,,,,,0,0.0,1.0.0,
test_66,LEVIR-CD,test_66.png,raw/levir_cd/test/A/test_66.png,test,/Users/rahulmanchanda/Desktop/AI-Driven-Satellite-Image-Semantic-Search-and-Temporal-Change-Detection-System/data/raw/levir_cd/test/A/test_66.png,/Users/rahulmanchanda/Desktop/AI-Driven-Satellite-Image-Semantic-Search-and-Temporal-Change-Detection-System/data/raw/levir_cd/test/B/test_66.png,/Users/rahulmanchanda/Desktop/AI-Driven-Satellite-Image-Semantic-Search-and-Temporal-Change-Detection-System/data/raw/levir_cd/test/label/test_66.png,1024,1024,3,RGB,building_change,0,,True,,1024,1024,,,,,0,0.0,1.0.0,
test_67,LEVIR-CD,test_67.png,raw/levir_cd/test/A/test_67.png,test,/Users/rahulmanchanda/Desktop/AI-Driven-Satellite-Image-Semantic-Search-and-Temporal-Change-Detection-System/data/raw/levir_cd/test/A/test_67.png,/Users/rahulmanchanda/Desktop/AI-Driven-Satellite-Image-Semantic-Search-and-Temporal-Change-Detection-System/data/raw/levir_cd/test/B/test_67.png,/Users/rahulmanchanda/Desktop/AI-Driven-Satellite-Image-Semantic-Search-and-Temporal-Change-Detection-System/data/raw/levir_cd/test/label/test_67.png,1024,1024,3,RGB,building_change,0,,True,,1024,1024,,,,,52564,0.050128936767578125,1.0.0,
test_68,LEVIR-CD,test_68.png,raw/levir_cd/test/A/test_68.png,test,/Users/rahulmanchanda/Desktop/AI-Driven-Satellite-Image-Semantic-Search-and-Temporal-Change-Detection-System/data/raw/levir_cd/test/A/test_68.png,/Users/rahulmanchanda/Desktop/AI-Driven-Satellite-Image-Semantic-Search-and-Temporal-Change-Detection-System/data/raw/levir_cd/test/B/test_68.png,/Users/rahulmanchanda/Desktop/AI-Driven-Satellite-Image-Semantic-Search-and-Temporal-Change-Detection-System/data/raw/levir_cd/test/label/test_68.png,1024,1024,3,RGB,building_change,0,,True,,1024,1024,,,,,93489,0.0891580581665039,1.0.0,
test_69,LEVIR-CD,test_69.png,raw/levir_cd/test/A/test_69.png,test,/Users/rahulmanchanda/Desktop/AI-Driven-Satellite-Image-Semantic-Search-and-Temporal-Change-Detection-System/data/raw/levir_cd/test/A/test_69.png,/Users/rahulmanchanda/Desktop/AI-Driven-Satellite-Image-Semantic-Search-and-Temporal-Change-Detection-System/data/raw/levir_cd/test/B/test_69.png,/Users/rahulmanchanda/Desktop/AI-Driven-Satellite-Image-Semantic-Search-and-Temporal-Change-Detection-System/data/raw/levir_cd/test/label/test_69.png,1024,1024,3,RGB,building_change,0,,True,,1024,1024,,,,,135514,0.12923622131347656,1.0.0,
test_7,LEVIR-CD,test_7.png,raw/levir_cd/test/A/test_7.png,test,/Users/rahulmanchanda/Desktop/AI-Driven-Satellite-Image-Semantic-Search-and-Temporal-Change-Detection-System/data/raw/levir_cd/test/A/test_7.png,/Users/rahulmanchanda/Desktop/AI-Driven-Satellite-Image-Semantic-Search-and-Temporal-Change-Detection-System/data/raw/levir_cd/test/B/test_7.png,/Users/rahulmanchanda/Desktop/AI-Driven-Satellite-Image-Semantic-Search-and-Temporal-Change-Detection-System/data/raw/levir_cd/test/label/test_7.png,1024,1024,3,RGB,building_change,0,,True,,1024,1024,,,,,113845,0.10857105255126953,1.0.0,
test_70,LEVIR-CD,test_70.png,raw/levir_cd/test/A/test_70.png,test,/Users/rahulmanchanda/Desktop/AI-Driven-Satellite-Image-Semantic-Search-and-Temporal-Change-Detection-System/data/raw/levir_cd/test/A/test_70.png,/Users/rahulmanchanda/Desktop/AI-Driven-Satellite-Image-Semantic-Search-and-Temporal-Change-Detection-System/data/raw/levir_cd/test/B/test_70.png,/Users/rahulmanchanda/Desktop/AI-Driven-Satellite-Image-Semantic-Search-and-Temporal-Change-Detection-System/data/raw/levir_cd/test/label/test_70.png,1024,1024,3,RGB,building_change,0,,True,,1024,1024,,,,,186665,0.17801761627197266,1.0.0,
test_71,LEVIR-CD,test_71.png,raw/levir_cd/test/A/test_71.png,test,/Users/rahulmanchanda/Desktop/AI-Driven-Satellite-Image-Semantic-Search-and-Temporal-Change-Detection-System/data/raw/levir_cd/test/A/test_71.png,/Users/rahulmanchanda/Desktop/AI-Driven-Satellite-Image-Semantic-Search-and-Temporal-Change-Detection-System/data/raw/levir_cd/test/B/test_71.png,/Users/rahulmanchanda/Desktop/AI-Driven-Satellite-Image-Semantic-Search-and-Temporal-Change-Detection-System/data/raw/levir_cd/test/label/test_71.png,1024,1024,3,RGB,building_change,0,,True,,1024,1024,,,,,73802,0.07038307189941406,1.0.0,
test_72,LEVIR-CD,test_72.png,raw/levir_cd/test/A/test_72.png,test,/Users/rahulmanchanda/Desktop/AI-Driven-Satellite-Image-Semantic-Search-and-Temporal-Change-Detection-System/data/raw/levir_cd/test/A/test_72.png,/Users/rahulmanchanda/Desktop/AI-Driven-Satellite-Image-Semantic-Search-and-Temporal-Change-Detection-System/data/raw/levir_cd/test/B/test_72.png,/Users/rahulmanchanda/Desktop/AI-Driven-Satellite-Image-Semantic-Search-and-Temporal-Change-Detection-System/data/raw/levir_cd/test/label/test_72.png,1024,1024,3,RGB,building_change,0,,True,,1024,1024,,,,,97753,0.09322452545166016,1.0.0,
test_73,LEVIR-CD,test_73.png,raw/levir_cd/test/A/test_73.png,test,/Users/rahulmanchanda/Desktop/AI-Driven-Satellite-Image-Semantic-Search-and-Temporal-Change-Detection-System/data/raw/levir_cd/test/A/test_73.png,/Users/rahulmanchanda/Desktop/AI-Driven-Satellite-Image-Semantic-Search-and-Temporal-Change-Detection-System/data/raw/levir_cd/test/B/test_73.png,/Users/rahulmanchanda/Desktop/AI-Driven-Satellite-Image-Semantic-Search-and-Temporal-Change-Detection-System/data/raw/levir_cd/test/label/test_73.png,1024,1024,3,RGB,building_change,0,,True,,1024,1024,,,,,42781,0.04079914093017578,1.0.0,
test_74,LEVIR-CD,test_74.png,raw/levir_cd/test/A/test_74.png,test,/Users/rahulmanchanda/Desktop/AI-Driven-Satellite-Image-Semantic-Search-and-Temporal-Change-Detection-System/data/raw/levir_cd/test/A/test_74.png,/Users/rahulmanchanda/Desktop/AI-Driven-Satellite-Image-Semantic-Search-and-Temporal-Change-Detection-System/data/raw/levir_cd/test/B/test_74.png,/Users/rahulmanchanda/Desktop/AI-Driven-Satellite-Image-Semantic-Search-and-Temporal-Change-Detection-System/data/raw/levir_cd/test/label/test_74.png,1024,1024,3,RGB,building_change,0,,True,,1024,1024,,,,,96177,0.0917215347290039,1.0.0,
test_75,LEVIR-CD,test_75.png,raw/levir_cd/test/A/test_75.png,test,/Users/rahulmanchanda/Desktop/AI-Driven-Satellite-Image-Semantic-Search-and-Temporal-Change-Detection-System/data/raw/levir_cd/test/A/test_75.png,/Users/rahulmanchanda/Desktop/AI-Driven-Satellite-Image-Semantic-Search-and-Temporal-Change-Detection-System/data/raw/levir_cd/test/B/test_75.png,/Users/rahulmanchanda/Desktop/AI-Driven-Satellite-Image-Semantic-Search-and-Temporal-Change-Detection-System/data/raw/levir_cd/test/label/test_75.png,1024,1024,3,RGB,building_change,0,,True,,1024,1024,,,,,76146,0.07261848449707031,1.0.0,
test_76,LEVIR-CD,test_76.png,raw/levir_cd/test/A/test_76.png,test,/Users/rahulmanchanda/Desktop/AI-Driven-Satellite-Image-Semantic-Search-and-Temporal-Change-Detection-System/data/raw/levir_cd/test/A/test_76.png,/Users/rahulmanchanda/Desktop/AI-Driven-Satellite-Image-Semantic-Search-and-Temporal-Change-Detection-System/data/raw/levir_cd/test/B/test_76.png,/Users/rahulmanchanda/Desktop/AI-Driven-Satellite-Image-Semantic-Search-and-Temporal-Change-Detection-System/data/raw/levir_cd/test/label/test_76.png,1024,1024,3,RGB,building_change,0,,True,,1024,1024,,,,,13556,0.012928009033203125,1.0.0,
test_77,LEVIR-CD,test_77.png,raw/levir_cd/test/A/test_77.png,test,/Users/rahulmanchanda/Desktop/AI-Driven-Satellite-Image-Semantic-Search-and-Temporal-Change-Detection-System/data/raw/levir_cd/test/A/test_77.png,/Users/rahulmanchanda/Desktop/AI-Driven-Satellite-Image-Semantic-Search-and-Temporal-Change-Detection-System/data/raw/levir_cd/test/B/test_77.png,/Users/rahulmanchanda/Desktop/AI-Driven-Satellite-Image-Semantic-Search-and-Temporal-Change-Detection-System/data/raw/levir_cd/test/label/test_77.png,1024,1024,3,RGB,building_change,0,,True,,1024,1024,,,,,157424,0.1501312255859375,1.0.0,
test_78,LEVIR-CD,test_78.png,raw/levir_cd/test/A/test_78.png,test,/Users/rahulmanchanda/Desktop/AI-Driven-Satellite-Image-Semantic-Search-and-Temporal-Change-Detection-System/data/raw/levir_cd/test/A/test_78.png,/Users/rahulmanchanda/Desktop/AI-Driven-Satellite-Image-Semantic-Search-and-Temporal-Change-Detection-System/data/raw/levir_cd/test/B/test_78.png,/Users/rahulmanchanda/Desktop/AI-Driven-Satellite-Image-Semantic-Search-and-Temporal-Change-Detection-System/data/raw/levir_cd/test/label/test_78.png,1024,1024,3,RGB,building_change,0,,True,,1024,1024,,,,,28585,0.027260780334472656,1.0.0,
test_79,LEVIR-CD,test_79.png,raw/levir_cd/test/A/test_79.png,test,/Users/rahulmanchanda/Desktop/AI-Driven-Satellite-Image-Semantic-Search-and-Temporal-Change-Detection-System/data/raw/levir_cd/test/A/test_79.png,/Users/rahulmanchanda/Desktop/AI-Driven-Satellite-Image-Semantic-Search-and-Temporal-Change-Detection-System/data/raw/levir_cd/test/B/test_79.png,/Users/rahulmanchanda/Desktop/AI-Driven-Satellite-Image-Semantic-Search-and-Temporal-Change-Detection-System/data/raw/levir_cd/test/label/test_79.png,1024,1024,3,RGB,building_change,0,,True,,1024,1024,,,,,28962,0.027620315551757812,1.0.0,
test_8,LEVIR-CD,test_8.png,raw/levir_cd/test/A/test_8.png,test,/Users/rahulmanchanda/Desktop/AI-Driven-Satellite-Image-Semantic-Search-and-Temporal-Change-Detection-System/data/raw/levir_cd/test/A/test_8.png,/Users/rahulmanchanda/Desktop/AI-Driven-Satellite-Image-Semantic-Search-and-Temporal-Change-Detection-System/data/raw/levir_cd/test/B/test_8.png,/Users/rahulmanchanda/Desktop/AI-Driven-Satellite-Image-Semantic-Search-and-Temporal-Change-Detection-System/data/raw/levir_cd/test/label/test_8.png,1024,1024,3,RGB,building_change,0,,True,,1024,1024,,,,,85299,0.08134746551513672,1.0.0,
test_80,LEVIR-CD,test_80.png,raw/levir_cd/test/A/test_80.png,test,/Users/rahulmanchanda/Desktop/AI-Driven-Satellite-Image-Semantic-Search-and-Temporal-Change-Detection-System/data/raw/levir_cd/test/A/test_80.png,/Users/rahulmanchanda/Desktop/AI-Driven-Satellite-Image-Semantic-Search-and-Temporal-Change-Detection-System/data/raw/levir_cd/test/B/test_80.png,/Users/rahulmanchanda/Desktop/AI-Driven-Satellite-Image-Semantic-Search-and-Temporal-Change-Detection-System/data/raw/levir_cd/test/label/test_80.png,1024,1024,3,RGB,building_change,0,,True,,1024,1024,,,,,209420,0.19971847534179688,1.0.0,
test_81,LEVIR-CD,test_81.png,raw/levir_cd/test/A/test_81.png,test,/Users/rahulmanchanda/Desktop/AI-Driven-Satellite-Image-Semantic-Search-and-Temporal-Change-Detection-System/data/raw/levir_cd/test/A/test_81.png,/Users/rahulmanchanda/Desktop/AI-Driven-Satellite-Image-Semantic-Search-and-Temporal-Change-Detection-System/data/raw/levir_cd/test/B/test_81.png,/Users/rahulmanchanda/Desktop/AI-Driven-Satellite-Image-Semantic-Search-and-Temporal-Change-Detection-System/data/raw/levir_cd/test/label/test_81.png,1024,1024,3,RGB,building_change,0,,True,,1024,1024,,,,,9194,0.008768081665039062,1.0.0,
test_82,LEVIR-CD,test_82.png,raw/levir_cd/test/A/test_82.png,test,/Users/rahulmanchanda/Desktop/AI-Driven-Satellite-Image-Semantic-Search-and-Temporal-Change-Detection-System/data/raw/levir_cd/test/A/test_82.png,/Users/rahulmanchanda/Desktop/AI-Driven-Satellite-Image-Semantic-Search-and-Temporal-Change-Detection-System/data/raw/levir_cd/test/B/test_82.png,/Users/rahulmanchanda/Desktop/AI-Driven-Satellite-Image-Semantic-Search-and-Temporal-Change-Detection-System/data/raw/levir_cd/test/label/test_82.png,1024,1024,3,RGB,building_change,0,,True,,1024,1024,,,,,53561,0.051079750061035156,1.0.0,
test_83,LEVIR-CD,test_83.png,raw/levir_cd/test/A/test_83.png,test,/Users/rahulmanchanda/Desktop/AI-Driven-Satellite-Image-Semantic-Search-and-Temporal-Change-Detection-System/data/raw/levir_cd/test/A/test_83.png,/Users/rahulmanchanda/Desktop/AI-Driven-Satellite-Image-Semantic-Search-and-Temporal-Change-Detection-System/data/raw/levir_cd/test/B/test_83.png,/Users/rahulmanchanda/Desktop/AI-Driven-Satellite-Image-Semantic-Search-and-Temporal-Change-Detection-System/data/raw/levir_cd/test/label/test_83.png,1024,1024,3,RGB,building_change,0,,True,,1024,1024,,,,,50071,0.047751426696777344,1.0.0,
test_84,LEVIR-CD,test_84.png,raw/levir_cd/test/A/test_84.png,test,/Users/rahulmanchanda/Desktop/AI-Driven-Satellite-Image-Semantic-Search-and-Temporal-Change-Detection-System/data/raw/levir_cd/test/A/test_84.png,/Users/rahulmanchanda/Desktop/AI-Driven-Satellite-Image-Semantic-Search-and-Temporal-Change-Detection-System/data/raw/levir_cd/test/B/test_84.png,/Users/rahulmanchanda/Desktop/AI-Driven-Satellite-Image-Semantic-Search-and-Temporal-Change-Detection-System/data/raw/levir_cd/test/label/test_84.png,1024,1024,3,RGB,building_change,0,,True,,1024,1024,,,,,50616,0.04827117919921875,1.0.0,
test_85,LEVIR-CD,test_85.png,raw/levir_cd/test/A/test_85.png,test,/Users/rahulmanchanda/Desktop/AI-Driven-Satellite-Image-Semantic-Search-and-Temporal-Change-Detection-System/data/raw/levir_cd/test/A/test_85.png,/Users/rahulmanchanda/Desktop/AI-Driven-Satellite-Image-Semantic-Search-and-Temporal-Change-Detection-System/data/raw/levir_cd/test/B/test_85.png,/Users/rahulmanchanda/Desktop/AI-Driven-Satellite-Image-Semantic-Search-and-Temporal-Change-Detection-System/data/raw/levir_cd/test/label/test_85.png,1024,1024,3,RGB,building_change,0,,True,,1024,1024,,,,,48871,0.046607017517089844,1.0.0,
test_86,LEVIR-CD,test_86.png,raw/levir_cd/test/A/test_86.png,test,/Users/rahulmanchanda/Desktop/AI-Driven-Satellite-Image-Semantic-Search-and-Temporal-Change-Detection-System/data/raw/levir_cd/test/A/test_86.png,/Users/rahulmanchanda/Desktop/AI-Driven-Satellite-Image-Semantic-Search-and-Temporal-Change-Detection-System/data/raw/levir_cd/test/B/test_86.png,/Users/rahulmanchanda/Desktop/AI-Driven-Satellite-Image-Semantic-Search-and-Temporal-Change-Detection-System/data/raw/levir_cd/test/label/test_86.png,1024,1024,3,RGB,building_change,0,,True,,1024,1024,,,,,2194,0.0020923614501953125,1.0.0,
test_87,LEVIR-CD,test_87.png,raw/levir_cd/test/A/test_87.png,test,/Users/rahulmanchanda/Desktop/AI-Driven-Satellite-Image-Semantic-Search-and-Temporal-Change-Detection-System/data/raw/levir_cd/test/A/test_87.png,/Users/rahulmanchanda/Desktop/AI-Driven-Satellite-Image-Semantic-Search-and-Temporal-Change-Detection-System/data/raw/levir_cd/test/B/test_87.png,/Users/rahulmanchanda/Desktop/AI-Driven-Satellite-Image-Semantic-Search-and-Temporal-Change-Detection-System/data/raw/levir_cd/test/label/test_87.png,1024,1024,3,RGB,building_change,0,,True,,1024,1024,,,,,111195,0.10604381561279297,1.0.0,
test_88,LEVIR-CD,test_88.png,raw/levir_cd/test/A/test_88.png,test,/Users/rahulmanchanda/Desktop/AI-Driven-Satellite-Image-Semantic-Search-and-Temporal-Change-Detection-System/data/raw/levir_cd/test/A/test_88.png,/Users/rahulmanchanda/Desktop/AI-Driven-Satellite-Image-Semantic-Search-and-Temporal-Change-Detection-System/data/raw/levir_cd/test/B/test_88.png,/Users/rahulmanchanda/Desktop/AI-Driven-Satellite-Image-Semantic-Search-and-Temporal-Change-Detection-System/data/raw/levir_cd/test/label/test_88.png,1024,1024,3,RGB,building_change,0,,True,,1024,1024,,,,,573,0.0005464553833007812,1.0.0,
test_89,LEVIR-CD,test_89.png,raw/levir_cd/test/A/test_89.png,test,/Users/rahulmanchanda/Desktop/AI-Driven-Satellite-Image-Semantic-Search-and-Temporal-Change-Detection-System/data/raw/levir_cd/test/A/test_89.png,/Users/rahulmanchanda/Desktop/AI-Driven-Satellite-Image-Semantic-Search-and-Temporal-Change-Detection-System/data/raw/levir_cd/test/B/test_89.png,/Users/rahulmanchanda/Desktop/AI-Driven-Satellite-Image-Semantic-Search-and-Temporal-Change-Detection-System/data/raw/levir_cd/test/label/test_89.png,1024,1024,3,RGB,building_change,0,,True,,1024,1024,,,,,57724,0.055049896240234375,1.0.0,
test_9,LEVIR-CD,test_9.png,raw/levir_cd/test/A/test_9.png,test,/Users/rahulmanchanda/Desktop/AI-Driven-Satellite-Image-Semantic-Search-and-Temporal-Change-Detection-System/data/raw/levir_cd/test/A/test_9.png,/Users/rahulmanchanda/Desktop/AI-Driven-Satellite-Image-Semantic-Search-and-Temporal-Change-Detection-System/data/raw/levir_cd/test/B/test_9.png,/Users/rahulmanchanda/Desktop/AI-Driven-Satellite-Image-Semantic-Search-and-Temporal-Change-Detection-System/data/raw/levir_cd/test/label/test_9.png,1024,1024,3,RGB,building_change,0,,True,,1024,1024,,,,,8769,0.008362770080566406,1.0.0,
test_90,LEVIR-CD,test_90.png,raw/levir_cd/test/A/test_90.png,test,/Users/rahulmanchanda/Desktop/AI-Driven-Satellite-Image-Semantic-Search-and-Temporal-Change-Detection-System/data/raw/levir_cd/test/A/test_90.png,/Users/rahulmanchanda/Desktop/AI-Driven-Satellite-Image-Semantic-Search-and-Temporal-Change-Detection-System/data/raw/levir_cd/test/B/test_90.png,/Users/rahulmanchanda/Desktop/AI-Driven-Satellite-Image-Semantic-Search-and-Temporal-Change-Detection-System/data/raw/levir_cd/test/label/test_90.png,1024,1024,3,RGB,building_change,0,,True,,1024,1024,,,,,0,0.0,1.0.0,
test_91,LEVIR-CD,test_91.png,raw/levir_cd/test/A/test_91.png,test,/Users/rahulmanchanda/Desktop/AI-Driven-Satellite-Image-Semantic-Search-and-Temporal-Change-Detection-System/data/raw/levir_cd/test/A/test_91.png,/Users/rahulmanchanda/Desktop/AI-Driven-Satellite-Image-Semantic-Search-and-Temporal-Change-Detection-System/data/raw/levir_cd/test/B/test_91.png,/Users/rahulmanchanda/Desktop/AI-Driven-Satellite-Image-Semantic-Search-and-Temporal-Change-Detection-System/data/raw/levir_cd/test/label/test_91.png,1024,1024,3,RGB,building_change,0,,True,,1024,1024,,,,,9603,0.009158134460449219,1.0.0,
test_92,LEVIR-CD,test_92.png,raw/levir_cd/test/A/test_92.png,test,/Users/rahulmanchanda/Desktop/AI-Driven-Satellite-Image-Semantic-Search-and-Temporal-Change-Detection-System/data/raw/levir_cd/test/A/test_92.png,/Users/rahulmanchanda/Desktop/AI-Driven-Satellite-Image-Semantic-Search-and-Temporal-Change-Detection-System/data/raw/levir_cd/test/B/test_92.png,/Users/rahulmanchanda/Desktop/AI-Driven-Satellite-Image-Semantic-Search-and-Temporal-Change-Detection-System/data/raw/levir_cd/test/label/test_92.png,1024,1024,3,RGB,building_change,0,,True,,1024,1024,,,,,98605,0.09403705596923828,1.0.0,
test_93,LEVIR-CD,test_93.png,raw/levir_cd/test/A/test_93.png,test,/Users/rahulmanchanda/Desktop/AI-Driven-Satellite-Image-Semantic-Search-and-Temporal-Change-Detection-System/data/raw/levir_cd/test/A/test_93.png,/Users/rahulmanchanda/Desktop/AI-Driven-Satellite-Image-Semantic-Search-and-Temporal-Change-Detection-System/data/raw/levir_cd/test/B/test_93.png,/Users/rahulmanchanda/Desktop/AI-Driven-Satellite-Image-Semantic-Search-and-Temporal-Change-Detection-System/data/raw/levir_cd/test/label/test_93.png,1024,1024,3,RGB,building_change,0,,True,,1024,1024,,,,,4669,0.004452705383300781,1.0.0,
test_94,LEVIR-CD,test_94.png,raw/levir_cd/test/A/test_94.png,test,/Users/rahulmanchanda/Desktop/AI-Driven-Satellite-Image-Semantic-Search-and-Temporal-Change-Detection-System/data/raw/levir_cd/test/A/test_94.png,/Users/rahulmanchanda/Desktop/AI-Driven-Satellite-Image-Semantic-Search-and-Temporal-Change-Detection-System/data/raw/levir_cd/test/B/test_94.png,/Users/rahulmanchanda/Desktop/AI-Driven-Satellite-Image-Semantic-Search-and-Temporal-Change-Detection-System/data/raw/levir_cd/test/label/test_94.png,1024,1024,3,RGB,building_change,0,,True,,1024,1024,,,,,561,0.0005350112915039062,1.0.0,
test_95,LEVIR-CD,test_95.png,raw/levir_cd/test/A/test_95.png,test,/Users/rahulmanchanda/Desktop/AI-Driven-Satellite-Image-Semantic-Search-and-Temporal-Change-Detection-System/data/raw/levir_cd/test/A/test_95.png,/Users/rahulmanchanda/Desktop/AI-Driven-Satellite-Image-Semantic-Search-and-Temporal-Change-Detection-System/data/raw/levir_cd/test/B/test_95.png,/Users/rahulmanchanda/Desktop/AI-Driven-Satellite-Image-Semantic-Search-and-Temporal-Change-Detection-System/data/raw/levir_cd/test/label/test_95.png,1024,1024,3,RGB,building_change,0,,True,,1024,1024,,,,,125,0.00011920928955078125,1.0.0,
test_96,LEVIR-CD,test_96.png,raw/levir_cd/test/A/test_96.png,test,/Users/rahulmanchanda/Desktop/AI-Driven-Satellite-Image-Semantic-Search-and-Temporal-Change-Detection-System/data/raw/levir_cd/test/A/test_96.png,/Users/rahulmanchanda/Desktop/AI-Driven-Satellite-Image-Semantic-Search-and-Temporal-Change-Detection-System/data/raw/levir_cd/test/B/test_96.png,/Users/rahulmanchanda/Desktop/AI-Driven-Satellite-Image-Semantic-Search-and-Temporal-Change-Detection-System/data/raw/levir_cd/test/label/test_96.png,1024,1024,3,RGB,building_change,0,,True,,1024,1024,,,,,1512,0.00144195556640625,1.0.0,
test_97,LEVIR-CD,test_97.png,raw/levir_cd/test/A/test_97.png,test,/Users/rahulmanchanda/Desktop/AI-Driven-Satellite-Image-Semantic-Search-and-Temporal-Change-Detection-System/data/raw/levir_cd/test/A/test_97.png,/Users/rahulmanchanda/Desktop/AI-Driven-Satellite-Image-Semantic-Search-and-Temporal-Change-Detection-System/data/raw/levir_cd/test/B/test_97.png,/Users/rahulmanchanda/Desktop/AI-Driven-Satellite-Image-Semantic-Search-and-Temporal-Change-Detection-System/data/raw/levir_cd/test/label/test_97.png,1024,1024,3,RGB,building_change,0,,True,,1024,1024,,,,,1291,0.0012311935424804688,1.0.0,
test_98,LEVIR-CD,test_98.png,raw/levir_cd/test/A/test_98.png,test,/Users/rahulmanchanda/Desktop/AI-Driven-Satellite-Image-Semantic-Search-and-Temporal-Change-Detection-System/data/raw/levir_cd/test/A/test_98.png,/Users/rahulmanchanda/Desktop/AI-Driven-Satellite-Image-Semantic-Search-and-Temporal-Change-Detection-System/data/raw/levir_cd/test/B/test_98.png,/Users/rahulmanchanda/Desktop/AI-Driven-Satellite-Image-Semantic-Search-and-Temporal-Change-Detection-System/data/raw/levir_cd/test/label/test_98.png,1024,1024,3,RGB,building_change,0,,True,,1024,1024,,,,,516,0.000492095947265625,1.0.0,
test_99,LEVIR-CD,test_99.png,raw/levir_cd/test/A/test_99.png,test,/Users/rahulmanchanda/Desktop/AI-Driven-Satellite-Image-Semantic-Search-and-Temporal-Change-Detection-System/data/raw/levir_cd/test/A/test_99.png,/Users/rahulmanchanda/Desktop/AI-Driven-Satellite-Image-Semantic-Search-and-Temporal-Change-Detection-System/data/raw/levir_cd/test/B/test_99.png,/Users/rahulmanchanda/Desktop/AI-Driven-Satellite-Image-Semantic-Search-and-Temporal-Change-Detection-System/data/raw/levir_cd/test/label/test_99.png,1024,1024,3,RGB,building_change,0,,True,,1024,1024,,,,,240,0.0002288818359375,1.0.0,
